Country,Year,CO2_Emissions_MtCO2e,Region,Cumulative_CO2,Yearly_Rank,YoY_Change,YoY_Change_Pct,Global_Share_Pct,Decade
Afghanistan,1990,0.58,Other,0.58,158,,,0.0,1990
Afghanistan,1991,0.35,Other,0.93,163,-0.23,-39.6552,0.0,1990
Afghanistan,1992,-0.96,Other,-0.03,189,-1.31,-374.2857,-0.0,1990
Afghanistan,1993,-1.03,Other,-1.06,187,-0.07,7.2917,-0.0,1990
Afghanistan,1994,-1.08,Other,-2.14,187,-0.05,4.8544,-0.0,1990
Afghanistan,1995,-1.14,Other,-3.28,187,-0.06,5.5556,-0.0,1990
Afghanistan,1996,-1.21,Other,-4.49,188,-0.07,6.1404,-0.0,1990
Afghanistan,1997,-1.29,Other,-5.78,188,-0.08,6.6116,-0.0,1990
Afghanistan,1998,-1.34,Other,-7.12,188,-0.05,3.876,-0.0,1990
Afghanistan,1999,-1.57,Other,-8.69,188,-0.23,17.1642,-0.01,1990
Afghanistan,2000,-1.62,Other,-10.31,188,-0.05,3.1847,-0.01,2000
Afghanistan,2001,0.93,Other,-9.38,160,2.55,-157.4074,0.0,2000
Afghanistan,2002,1.22,Other,-8.16,158,0.29,31.1828,0.0,2000
Afghanistan,2003,1.47,Other,-6.69,156,0.25,20.4918,0.01,2000
Afghanistan,2004,1.25,Other,-5.44,158,-0.22,-14.966,0.0,2000
Afghanistan,2005,1.76,Other,-3.68,155,0.51,40.8,0.01,2000
Afghanistan,2006,2.06,Other,-1.62,149,0.3,17.0455,0.01,2000
Afghanistan,2007,2.49,Other,0.87,147,0.43,20.8738,0.01,2000
Afghanistan,2008,4.51,Other,5.38,139,2.02,81.1245,0.01,2000
Afghanistan,2009,6.12,Other,11.5,135,1.61,35.6984,0.02,2000
Afghanistan,2010,8.79,Other,20.29,124,2.67,43.6275,0.03,2010
Afghanistan,2011,12.02,Other,32.31,119,3.23,36.7463,0.04,2010
Afghanistan,2012,10.2,Other,42.51,123,-1.82,-15.1414,0.03,2010
Afghanistan,2013,8.27,Other,50.78,127,-1.93,-18.9216,0.02,2010
Afghanistan,2014,7.56,Other,58.34,132,-0.71,-8.5852,0.02,2010
Afghanistan,2015,7.74,Other,66.08,130,0.18,2.381,0.02,2010
Afghanistan,2016,7.55,Other,73.63,135,-0.19,-2.4548,0.02,2010
Afghanistan,2017,7.53,Other,81.16,134,-0.02,-0.2649,0.02,2010
Afghanistan,2018,7.59,Other,88.75,135,0.06,0.7968,0.02,2010
Albania,1990,6.24,Other,6.24,129,,,0.02,1990
Albania,1991,4.3,Other,10.54,137,-1.94,-31.0897,0.02,1990
Albania,1992,2.43,Other,12.97,144,-1.87,-43.4884,0.01,1990
Albania,1993,2.26,Other,15.23,144,-0.17,-6.9959,0.01,1990
Albania,1994,2.33,Other,17.56,145,0.07,3.0973,0.01,1990
Albania,1995,2.14,Other,19.7,145,-0.19,-8.1545,0.01,1990
Albania,1996,2.16,Other,21.86,147,0.02,0.9346,0.01,1990
Albania,1997,1.67,Other,23.53,150,-0.49,-22.6852,0.01,1990
Albania,1998,1.99,Other,25.52,148,0.32,19.1617,0.01,1990
Albania,1999,3.16,Other,28.68,143,1.17,58.794,0.01,1990
Albania,2000,3.36,Other,32.04,145,0.2,6.3291,0.01,2000
Albania,2001,2.11,Other,34.15,148,-1.25,-37.2024,0.01,2000
Albania,2002,2.63,Other,36.78,144,0.52,24.6445,0.01,2000
Albania,2003,2.99,Other,39.77,143,0.36,13.6882,0.01,2000
Albania,2004,3.18,Other,42.95,142,0.19,6.3545,0.01,2000
Albania,2005,2.95,Other,45.9,144,-0.23,-7.2327,0.01,2000
Albania,2006,2.94,Other,48.84,144,-0.01,-0.339,0.01,2000
Albania,2007,3.1,Other,51.94,144,0.16,5.4422,0.01,2000
Albania,2008,3.05,Other,54.99,145,-0.05,-1.6129,0.01,2000
Albania,2009,3.2,Other,58.19,148,0.15,4.918,0.01,2000
Albania,2010,3.46,Other,61.65,145,0.26,8.125,0.01,2010
Albania,2011,4.2,Other,65.85,140,0.74,21.3873,0.01,2010
Albania,2012,3.74,Other,69.59,141,-0.46,-10.9524,0.01,2010
Albania,2013,3.95,Other,73.54,141,0.21,5.615,0.01,2010
Albania,2014,4.37,Other,77.91,141,0.42,10.6329,0.01,2010
Albania,2015,4.23,Other,82.14,142,-0.14,-3.2037,0.01,2010
Albania,2016,4.7,Other,86.84,144,0.47,11.1111,0.01,2010
Albania,2017,5.37,Other,92.21,142,0.67,14.2553,0.01,2010
Albania,2018,5.32,Other,97.53,144,-0.05,-0.9311,0.01,2010
Algeria,1990,68.47,Other,68.47,45,,,0.27,1990
Algeria,1991,67.51,Other,135.98,44,-0.96,-1.4021,0.27,1990
Algeria,1992,66.73,Other,202.71,45,-0.78,-1.1554,0.26,1990
Algeria,1993,74.05,Other,276.76,45,7.32,10.9696,0.29,1990
Algeria,1994,72.12,Other,348.88,45,-1.93,-2.6063,0.28,1990
Algeria,1995,73.63,Other,422.51,45,1.51,2.0937,0.28,1990
Algeria,1996,71.99,Other,494.5,47,-1.64,-2.2274,0.27,1990
Algeria,1997,73.41,Other,567.91,47,1.42,1.9725,0.27,1990
Algeria,1998,75.11,Other,643.02,46,1.7,2.3158,0.28,1990
Algeria,1999,78.12,Other,721.14,44,3.01,4.0075,0.29,1990
Algeria,2000,79.17,Other,800.31,44,1.05,1.3441,0.29,2000
Algeria,2001,72.36,Other,872.67,47,-6.81,-8.6017,0.26,2000
Algeria,2002,78.01,Other,950.68,45,5.65,7.8082,0.27,2000
Algeria,2003,81.43,Other,1032.11,44,3.42,4.3841,0.28,2000
Algeria,2004,82.49,Other,1114.6,44,1.06,1.3017,0.27,2000
Algeria,2005,86.58,Other,1201.18,45,4.09,4.9582,0.27,2000
Algeria,2006,91.35,Other,1292.53,44,4.77,5.5094,0.28,2000
Algeria,2007,98.12,Other,1390.65,43,6.77,7.4111,0.29,2000
Algeria,2008,101.59,Other,1492.24,42,3.47,3.5365,0.3,2000
Algeria,2009,110.37,Other,1602.61,38,8.78,8.6426,0.33,2000
Algeria,2010,110.74,Other,1713.35,40,0.37,0.3352,0.32,2010
Algeria,2011,117.51,Other,1830.86,39,6.77,6.1134,0.34,2010
Algeria,2012,126.01,Other,1956.87,37,8.5,7.2334,0.36,2010
Algeria,2013,129.29,Other,2086.16,38,3.28,2.603,0.37,2010
Algeria,2014,138.18,Other,2224.34,37,8.89,6.876,0.39,2010
Algeria,2015,145.35,Other,2369.69,36,7.17,5.1889,0.41,2010
Algeria,2016,143.55,Other,2513.24,39,-1.8,-1.2384,0.4,2010
Algeria,2017,145.3,Other,2658.54,38,1.75,1.2191,0.4,2010
Algeria,2018,151.87,Other,2810.41,38,6.57,4.5217,0.41,2010
Andorra,1990,0.41,Other,0.41,162,,,0.0,1990
Andorra,1991,0.41,Other,0.82,162,0.0,0.0,0.0,1990
Andorra,1992,0.41,Other,1.23,162,0.0,0.0,0.0,1990
Andorra,1993,0.41,Other,1.64,160,0.0,0.0,0.0,1990
Andorra,1994,0.41,Other,2.05,159,0.0,0.0,0.0,1990
Andorra,1995,0.43,Other,2.48,160,0.02,4.878,0.0,1990
Andorra,1996,0.45,Other,2.93,160,0.02,4.6512,0.0,1990
Andorra,1997,0.47,Other,3.4,161,0.02,4.4444,0.0,1990
Andorra,1998,0.49,Other,3.89,161,0.02,4.2553,0.0,1990
Andorra,1999,0.51,Other,4.4,162,0.02,4.0816,0.0,1990
Andorra,2000,0.52,Other,4.92,162,0.01,1.9608,0.0,2000
Andorra,2001,0.52,Other,5.44,163,0.0,0.0,0.0,2000
Andorra,2002,0.53,Other,5.97,165,0.01,1.9231,0.0,2000
Andorra,2003,0.53,Other,6.5,164,0.0,0.0,0.0,2000
Andorra,2004,0.56,Other,7.06,165,0.03,5.6604,0.0,2000
Andorra,2005,0.58,Other,7.64,166,0.02,3.5714,0.0,2000
Andorra,2006,0.55,Other,8.19,166,-0.03,-5.1724,0.0,2000
Andorra,2007,0.54,Other,8.73,166,-0.01,-1.8182,0.0,2000
Andorra,2008,0.54,Other,9.27,166,0.0,0.0,0.0,2000
Andorra,2009,0.52,Other,9.79,170,-0.02,-3.7037,0.0,2000
Andorra,2010,0.52,Other,10.31,165,0.0,0.0,0.0,2010
Andorra,2011,0.49,Other,10.8,165,-0.03,-5.7692,0.0,2010
Andorra,2012,0.49,Other,11.29,165,0.0,0.0,0.0,2010
Andorra,2013,0.48,Other,11.77,165,-0.01,-2.0408,0.0,2010
Andorra,2014,0.46,Other,12.23,164,-0.02,-4.1667,0.0,2010
Andorra,2015,0.47,Other,12.7,166,0.01,2.1739,0.0,2010
Andorra,2016,0.47,Other,13.17,172,0.0,0.0,0.0,2010
Andorra,2017,0.47,Other,13.64,171,0.0,0.0,0.0,2010
Andorra,2018,0.46,Other,14.1,172,-0.01,-2.1277,0.0,2010
Angola,1990,16.6,Other,16.6,95,,,0.07,1990
Angola,1991,16.8,Other,33.4,92,0.2,1.2048,0.07,1990
Angola,1992,16.64,Other,50.04,91,-0.16,-0.9524,0.07,1990
Angola,1993,17.17,Other,67.21,85,0.53,3.1851,0.07,1990
Angola,1994,16.96,Other,84.17,87,-0.21,-1.2231,0.07,1990
Angola,1995,21.05,Other,105.22,83,4.09,24.1156,0.08,1990
Angola,1996,21.68,Other,126.9,84,0.63,2.9929,0.08,1990
Angola,1997,22.0,Other,148.9,84,0.32,1.476,0.08,1990
Angola,1998,21.65,Other,170.55,85,-0.35,-1.5909,0.08,1990
Angola,1999,22.94,Other,193.49,84,1.29,5.9584,0.09,1990
Angola,2000,22.67,Other,216.16,82,-0.27,-1.177,0.08,2000
Angola,2001,48.53,Other,264.69,60,25.86,114.0715,0.18,2000
Angola,2002,49.24,Other,313.93,61,0.71,1.463,0.17,2000
Angola,2003,53.63,Other,367.56,58,4.39,8.9155,0.18,2000
Angola,2004,54.9,Other,422.46,56,1.27,2.3681,0.18,2000
Angola,2005,53.82,Other,476.28,59,-1.08,-1.9672,0.17,2000
Angola,2006,55.95,Other,532.23,60,2.13,3.9576,0.17,2000
Angola,2007,59.1,Other,591.33,56,3.15,5.63,0.18,2000
Angola,2008,60.69,Other,652.02,54,1.59,2.6904,0.18,2000
Angola,2009,62.75,Other,714.77,51,2.06,3.3943,0.19,2000
Angola,2010,64.14,Other,778.91,51,1.39,2.2151,0.18,2010
Angola,2011,65.07,Other,843.98,53,0.93,1.45,0.19,2010
Angola,2012,65.85,Other,909.83,54,0.78,1.1987,0.19,2010
Angola,2013,68.42,Other,978.25,52,2.57,3.9028,0.19,2010
Angola,2014,70.23,Other,1048.48,52,1.81,2.6454,0.2,2010
Angola,2015,70.76,Other,1119.24,52,0.53,0.7547,0.2,2010
Angola,2016,71.01,Other,1190.25,52,0.25,0.3533,0.2,2010
Angola,2017,66.44,Other,1256.69,54,-4.57,-6.4357,0.18,2010
Angola,2018,62.93,Other,1319.62,56,-3.51,-5.283,0.17,2010
Antigua and Barbuda,1990,0.21,Other,0.21,166,,,0.0,1990
Antigua and Barbuda,1991,0.22,Other,0.43,166,0.01,4.7619,0.0,1990
Antigua and Barbuda,1992,0.29,Other,0.72,164,0.07,31.8182,0.0,1990
Antigua and Barbuda,1993,0.25,Other,0.97,162,-0.04,-13.7931,0.0,1990
Antigua and Barbuda,1994,0.25,Other,1.22,162,0.0,0.0,0.0,1990
Antigua and Barbuda,1995,0.27,Other,1.49,163,0.02,8.0,0.0,1990
Antigua and Barbuda,1996,0.28,Other,1.77,163,0.01,3.7037,0.0,1990
Antigua and Barbuda,1997,0.3,Other,2.07,166,0.02,7.1429,0.0,1990
Antigua and Barbuda,1998,0.33,Other,2.4,165,0.03,10.0,0.0,1990
Antigua and Barbuda,1999,0.33,Other,2.73,166,0.0,0.0,0.0,1990
Antigua and Barbuda,2000,0.33,Other,3.06,166,0.0,0.0,0.0,2000
Antigua and Barbuda,2001,0.35,Other,3.41,167,0.02,6.0606,0.0,2000
Antigua and Barbuda,2002,0.39,Other,3.8,167,0.04,11.4286,0.0,2000
Antigua and Barbuda,2003,0.41,Other,4.21,166,0.02,5.1282,0.0,2000
Antigua and Barbuda,2004,0.4,Other,4.61,166,-0.01,-2.439,0.0,2000
Antigua and Barbuda,2005,0.41,Other,5.02,168,0.01,2.5,0.0,2000
Antigua and Barbuda,2006,0.44,Other,5.46,167,0.03,7.3171,0.0,2000
Antigua and Barbuda,2007,0.46,Other,5.92,168,0.02,4.5455,0.0,2000
Antigua and Barbuda,2008,0.48,Other,6.4,167,0.02,4.3478,0.0,2000
Antigua and Barbuda,2009,1.39,Other,7.79,160,0.91,189.5833,0.0,2000
Antigua and Barbuda,2010,0.49,Other,8.28,167,-0.9,-64.7482,0.0,2010
Antigua and Barbuda,2011,0.51,Other,8.79,163,0.02,4.0816,0.0,2010
Antigua and Barbuda,2012,0.72,Other,9.51,163,0.21,41.1765,0.0,2010
Antigua and Barbuda,2013,0.47,Other,9.98,166,-0.25,-34.7222,0.0,2010
Antigua and Barbuda,2014,0.48,Other,10.46,163,0.01,2.1277,0.0,2010
Antigua and Barbuda,2015,0.49,Other,10.95,165,0.01,2.0833,0.0,2010
Antigua and Barbuda,2016,0.5,Other,11.45,169,0.01,2.0408,0.0,2010
Antigua and Barbuda,2017,0.5,Other,11.95,170,0.0,0.0,0.0,2010
Antigua and Barbuda,2018,0.53,Other,12.48,170,0.03,6.0,0.0,2010
Argentina,1990,144.16,South America,144.16,30,,,0.57,1990
Argentina,1991,149.64,South America,293.8,28,5.48,3.8013,0.59,1990
Argentina,1992,151.67,South America,445.47,28,2.03,1.3566,0.6,1990
Argentina,1993,155.35,South America,600.82,28,3.68,2.4263,0.61,1990
Argentina,1994,158.12,South America,758.94,28,2.77,1.7831,0.62,1990
Argentina,1995,158.13,South America,917.07,29,0.01,0.0063,0.61,1990
Argentina,1996,170.88,South America,1087.95,28,12.75,8.063,0.65,1990
Argentina,1997,171.64,South America,1259.59,28,0.76,0.4448,0.63,1990
Argentina,1998,177.49,South America,1437.08,26,5.85,3.4083,0.66,1990
Argentina,1999,178.51,South America,1615.59,26,1.02,0.5747,0.66,1990
Argentina,2000,176.25,South America,1791.84,27,-2.26,-1.266,0.64,2000
Argentina,2001,219.67,South America,2011.51,26,43.42,24.6355,0.79,2000
Argentina,2002,212.28,South America,2223.79,26,-7.39,-3.3641,0.75,2000
Argentina,2003,223.19,South America,2446.98,26,10.91,5.1394,0.76,2000
Argentina,2004,236.68,South America,2683.66,24,13.49,6.0442,0.77,2000
Argentina,2005,241.14,South America,2924.8,25,4.46,1.8844,0.76,2000
Argentina,2006,250.19,South America,3174.99,24,9.05,3.753,0.76,2000
Argentina,2007,258.46,South America,3433.45,24,8.27,3.3055,0.78,2000
Argentina,2008,262.98,South America,3696.43,24,4.52,1.7488,0.79,2000
Argentina,2009,252.27,South America,3948.7,23,-10.71,-4.0726,0.76,2000
Argentina,2010,262.97,South America,4211.67,22,10.7,4.2415,0.76,2010
Argentina,2011,242.84,South America,4454.51,26,-20.13,-7.6549,0.71,2010
Argentina,2012,244.1,South America,4698.61,27,1.26,0.5189,0.7,2010
Argentina,2013,249.58,South America,4948.19,26,5.48,2.245,0.71,2010
Argentina,2014,245.48,South America,5193.67,24,-4.1,-1.6428,0.69,2010
Argentina,2015,251.66,South America,5445.33,24,6.18,2.5175,0.71,2010
Argentina,2016,213.99,South America,5659.32,28,-37.67,-14.9686,0.59,2010
Argentina,2017,209.83,South America,5869.15,28,-4.16,-1.944,0.57,2010
Argentina,2018,207.11,South America,6076.26,30,-2.72,-1.2963,0.55,2010
Armenia,1990,19.98,Other,19.98,89,,,0.08,1990
Armenia,1991,20.82,Other,40.8,85,0.84,4.2042,0.08,1990
Armenia,1992,11.02,Other,51.82,112,-9.8,-47.0701,0.04,1990
Armenia,1993,5.17,Other,56.99,135,-5.85,-53.0853,0.02,1990
Armenia,1994,2.87,Other,59.86,143,-2.3,-44.4874,0.01,1990
Armenia,1995,3.64,Other,63.5,138,0.77,26.8293,0.01,1990
Armenia,1996,2.71,Other,66.21,142,-0.93,-25.5495,0.01,1990
Armenia,1997,3.47,Other,69.68,140,0.76,28.0443,0.01,1990
Armenia,1998,3.6,Other,73.28,141,0.13,3.7464,0.01,1990
Armenia,1999,3.24,Other,76.52,142,-0.36,-10.0,0.01,1990
Armenia,2000,3.69,Other,80.21,141,0.45,13.8889,0.01,2000
Armenia,2001,3.73,Other,83.94,141,0.04,1.084,0.01,2000
Armenia,2002,3.24,Other,87.18,141,-0.49,-13.1367,0.01,2000
Armenia,2003,3.62,Other,90.8,141,0.38,11.7284,0.01,2000
Armenia,2004,3.89,Other,94.69,139,0.27,7.4586,0.01,2000
Armenia,2005,4.58,Other,99.27,137,0.69,17.7378,0.01,2000
Armenia,2006,4.61,Other,103.88,138,0.03,0.655,0.01,2000
Armenia,2007,5.33,Other,109.21,137,0.72,15.6182,0.02,2000
Armenia,2008,5.81,Other,115.02,137,0.48,9.0056,0.02,2000
Armenia,2009,4.63,Other,119.65,140,-1.18,-20.3098,0.01,2000
Armenia,2010,4.46,Other,124.11,138,-0.17,-3.6717,0.01,2010
Armenia,2011,4.86,Other,128.97,139,0.4,8.9686,0.01,2010
Armenia,2012,5.64,Other,134.61,138,0.78,16.0494,0.02,2010
Armenia,2013,5.42,Other,140.03,137,-0.22,-3.9007,0.02,2010
Armenia,2014,5.4,Other,145.43,137,-0.02,-0.369,0.02,2010
Armenia,2015,5.26,Other,150.69,137,-0.14,-2.5926,0.01,2010
Armenia,2016,5.1,Other,155.79,142,-0.16,-3.0418,0.01,2010
Armenia,2017,5.36,Other,161.15,143,0.26,5.098,0.01,2010
Armenia,2018,5.59,Other,166.74,143,0.23,4.291,0.01,2010
Australia,1990,313.95,Oceania,313.95,17,,,1.24,1990
Australia,1991,315.07,Oceania,629.02,17,1.12,0.3567,1.24,1990
Australia,1992,318.72,Oceania,947.74,17,3.65,1.1585,1.26,1990
Australia,1993,322.72,Oceania,1270.46,18,4.0,1.255,1.27,1990
Australia,1994,329.03,Oceania,1599.49,16,6.31,1.9553,1.29,1990
Australia,1995,339.4,Oceania,1938.89,16,10.37,3.1517,1.3,1990
Australia,1996,349.99,Oceania,2288.88,15,10.59,3.1202,1.32,1990
Australia,1997,357.18,Oceania,2646.06,16,7.19,2.0543,1.3,1990
Australia,1998,378.07,Oceania,3024.13,14,20.89,5.8486,1.4,1990
Australia,1999,383.46,Oceania,3407.59,13,5.39,1.4257,1.42,1990
Australia,2000,389.23,Oceania,3796.82,15,5.77,1.5047,1.41,2000
Australia,2001,374.35,Oceania,4171.17,14,-14.88,-3.8229,1.35,2000
Australia,2002,382.28,Oceania,4553.45,14,7.93,2.1183,1.34,2000
Australia,2003,381.38,Oceania,4934.83,14,-0.9,-0.2354,1.3,2000
Australia,2004,394.65,Oceania,5329.48,14,13.27,3.4795,1.28,2000
Australia,2005,398.89,Oceania,5728.37,15,4.24,1.0744,1.27,2000
Australia,2006,404.44,Oceania,6132.81,15,5.55,1.3914,1.24,2000
Australia,2007,414.75,Oceania,6547.56,15,10.31,2.5492,1.24,2000
Australia,2008,417.88,Oceania,6965.44,15,3.13,0.7547,1.25,2000
Australia,2009,424.33,Oceania,7389.77,14,6.45,1.5435,1.28,2000
Australia,2010,416.72,Oceania,7806.49,16,-7.61,-1.7934,1.2,2010
Australia,2011,356.33,Oceania,8162.82,19,-60.39,-14.4917,1.04,2010
Australia,2012,356.33,Oceania,8519.15,18,0.0,0.0,1.03,2010
Australia,2013,349.83,Oceania,8868.98,18,-6.5,-1.8242,0.99,2010
Australia,2014,340.43,Oceania,9209.41,18,-9.4,-2.687,0.96,2010
Australia,2015,346.53,Oceania,9555.94,18,6.1,1.7919,0.98,2010
Australia,2016,386.15,Oceania,9942.09,17,39.62,11.4334,1.07,2010
Australia,2017,389.39,Oceania,10331.48,17,3.24,0.8391,1.06,2010
Australia,2018,388.81,Oceania,10720.29,17,-0.58,-0.149,1.04,2010
Austria,1990,44.8,Other,44.8,60,,,0.18,1990
Austria,1991,48.95,Other,93.75,57,4.15,9.2634,0.19,1990
Austria,1992,44.19,Other,137.94,62,-4.76,-9.7242,0.17,1990
Austria,1993,44.33,Other,182.27,60,0.14,0.3168,0.18,1990
Austria,1994,44.81,Other,227.08,59,0.48,1.0828,0.18,1990
Austria,1995,47.71,Other,274.79,57,2.9,6.4718,0.18,1990
Austria,1996,51.43,Other,326.22,55,3.72,7.7971,0.19,1990
Austria,1997,50.75,Other,376.97,58,-0.68,-1.3222,0.18,1990
Austria,1998,51.2,Other,428.17,58,0.45,0.8867,0.19,1990
Austria,1999,49.58,Other,477.75,58,-1.62,-3.1641,0.18,1990
Austria,2000,50.06,Other,527.81,57,0.48,0.9681,0.18,2000
Austria,2001,61.75,Other,589.56,50,11.69,23.352,0.22,2000
Austria,2002,63.2,Other,652.76,50,1.45,2.3482,0.22,2000
Austria,2003,68.3,Other,721.06,48,5.1,8.0696,0.23,2000
Austria,2004,69.63,Other,790.69,48,1.33,1.9473,0.23,2000
Austria,2005,70.07,Other,860.76,48,0.44,0.6319,0.22,2000
Austria,2006,67.93,Other,928.69,50,-2.14,-3.0541,0.21,2000
Austria,2007,65.08,Other,993.77,51,-2.85,-4.1955,0.2,2000
Austria,2008,64.56,Other,1058.33,51,-0.52,-0.799,0.19,2000
Austria,2009,58.26,Other,1116.59,55,-6.3,-9.7584,0.18,2000
Austria,2010,63.79,Other,1180.38,52,5.53,9.4919,0.18,2010
Austria,2011,61.2,Other,1241.58,55,-2.59,-4.0602,0.18,2010
Austria,2012,58.04,Other,1299.62,58,-3.16,-5.1634,0.17,2010
Austria,2013,58.68,Other,1358.3,57,0.64,1.1027,0.17,2010
Austria,2014,54.92,Other,1413.22,60,-3.76,-6.4076,0.16,2010
Austria,2015,56.08,Other,1469.3,59,1.16,2.1122,0.16,2010
Austria,2016,56.27,Other,1525.57,59,0.19,0.3388,0.16,2010
Austria,2017,58.71,Other,1584.28,59,2.44,4.3362,0.16,2010
Austria,2018,56.06,Other,1640.34,60,-2.65,-4.5137,0.15,2010
Azerbaijan,1990,55.94,Other,55.94,50,,,0.22,1990
Azerbaijan,1991,65.45,Other,121.39,46,9.51,17.0004,0.26,1990
Azerbaijan,1992,43.05,Other,164.44,63,-22.4,-34.2246,0.17,1990
Azerbaijan,1993,51.94,Other,216.38,54,8.89,20.6504,0.21,1990
Azerbaijan,1994,46.0,Other,262.38,57,-5.94,-11.4363,0.18,1990
Azerbaijan,1995,44.19,Other,306.57,61,-1.81,-3.9348,0.17,1990
Azerbaijan,1996,38.8,Other,345.37,66,-5.39,-12.1973,0.15,1990
Azerbaijan,1997,37.89,Other,383.26,66,-0.91,-2.3454,0.14,1990
Azerbaijan,1998,37.81,Other,421.07,68,-0.08,-0.2111,0.14,1990
Azerbaijan,1999,37.2,Other,458.27,69,-0.61,-1.6133,0.14,1990
Azerbaijan,2000,38.43,Other,496.7,69,1.23,3.3065,0.14,2000
Azerbaijan,2001,36.91,Other,533.61,73,-1.52,-3.9552,0.13,2000
Azerbaijan,2002,36.32,Other,569.93,73,-0.59,-1.5985,0.13,2000
Azerbaijan,2003,32.52,Other,602.45,75,-3.8,-10.4626,0.11,2000
Azerbaijan,2004,32.28,Other,634.73,75,-0.24,-0.738,0.1,2000
Azerbaijan,2005,34.84,Other,669.57,76,2.56,7.9306,0.11,2000
Azerbaijan,2006,32.36,Other,701.93,79,-2.48,-7.1183,0.1,2000
Azerbaijan,2007,25.7,Other,727.63,85,-6.66,-20.581,0.08,2000
Azerbaijan,2008,27.77,Other,755.4,83,2.07,8.0545,0.08,2000
Azerbaijan,2009,23.33,Other,778.73,89,-4.44,-15.9885,0.07,2000
Azerbaijan,2010,22.33,Other,801.06,90,-1.0,-4.2863,0.06,2010
Azerbaijan,2011,25.71,Other,826.77,85,3.38,15.1366,0.07,2010
Azerbaijan,2012,27.91,Other,854.68,82,2.2,8.557,0.08,2010
Azerbaijan,2013,28.54,Other,883.22,82,0.63,2.2573,0.08,2010
Azerbaijan,2014,29.78,Other,913.0,82,1.24,4.3448,0.08,2010
Azerbaijan,2015,29.32,Other,942.32,81,-0.46,-1.5447,0.08,2010
Azerbaijan,2016,30.74,Other,973.06,82,1.42,4.8431,0.08,2010
Azerbaijan,2017,30.05,Other,1003.11,83,-0.69,-2.2446,0.08,2010
Azerbaijan,2018,30.1,Other,1033.21,83,0.05,0.1664,0.08,2010
Bahamas,1990,1.78,Other,1.78,147,,,0.01,1990
Bahamas,1991,1.88,Other,3.66,148,0.1,5.618,0.01,1990
Bahamas,1992,2.53,Other,6.19,143,0.65,34.5745,0.01,1990
Bahamas,1993,2.1,Other,8.29,146,-0.43,-16.996,0.01,1990
Bahamas,1994,2.04,Other,10.33,147,-0.06,-2.8571,0.01,1990
Bahamas,1995,2.08,Other,12.41,146,0.04,1.9608,0.01,1990
Bahamas,1996,1.97,Other,14.38,148,-0.11,-5.2885,0.01,1990
Bahamas,1997,1.77,Other,16.15,148,-0.2,-10.1523,0.01,1990
Bahamas,1998,2.27,Other,18.42,146,0.5,28.2486,0.01,1990
Bahamas,1999,2.23,Other,20.65,148,-0.04,-1.7621,0.01,1990
Bahamas,2000,2.14,Other,22.79,149,-0.09,-4.0359,0.01,2000
Bahamas,2001,2.13,Other,24.92,146,-0.01,-0.4673,0.01,2000
Bahamas,2002,2.28,Other,27.2,147,0.15,7.0423,0.01,2000
Bahamas,2003,2.25,Other,29.45,147,-0.03,-1.3158,0.01,2000
Bahamas,2004,2.16,Other,31.61,149,-0.09,-4.0,0.01,2000
Bahamas,2005,2.02,Other,33.63,150,-0.14,-6.4815,0.01,2000
Bahamas,2006,2.02,Other,35.65,151,0.0,0.0,0.01,2000
Bahamas,2007,2.07,Other,37.72,153,0.05,2.4752,0.01,2000
Bahamas,2008,2.11,Other,39.83,151,0.04,1.9324,0.01,2000
Bahamas,2009,6.02,Other,45.85,136,3.91,185.3081,0.02,2000
Bahamas,2010,2.08,Other,47.93,153,-3.94,-65.4485,0.01,2010
Bahamas,2011,2.42,Other,50.35,150,0.34,16.3462,0.01,2010
Bahamas,2012,3.64,Other,53.99,143,1.22,50.4132,0.01,2010
Bahamas,2013,3.11,Other,57.1,144,-0.53,-14.5604,0.01,2010
Bahamas,2014,2.62,Other,59.72,148,-0.49,-15.7556,0.01,2010
Bahamas,2015,2.37,Other,62.09,151,-0.25,-9.542,0.01,2010
Bahamas,2016,2.19,Other,64.28,155,-0.18,-7.5949,0.01,2010
Bahamas,2017,2.15,Other,66.43,157,-0.04,-1.8265,0.01,2010
Bahamas,2018,2.26,Other,68.69,157,0.11,5.1163,0.01,2010
Bahrain,1990,10.74,Other,10.74,111,,,0.04,1990
Bahrain,1991,10.34,Other,21.08,112,-0.4,-3.7244,0.04,1990
Bahrain,1992,12.27,Other,33.35,105,1.93,18.6654,0.05,1990
Bahrain,1993,13.07,Other,46.42,101,0.8,6.52,0.05,1990
Bahrain,1994,13.37,Other,59.79,100,0.3,2.2953,0.05,1990
Bahrain,1995,13.54,Other,73.33,101,0.17,1.2715,0.05,1990
Bahrain,1996,14.17,Other,87.5,97,0.63,4.6529,0.05,1990
Bahrain,1997,14.41,Other,101.91,98,0.24,1.6937,0.05,1990
Bahrain,1998,15.51,Other,117.42,97,1.1,7.6336,0.06,1990
Bahrain,1999,15.45,Other,132.87,97,-0.06,-0.3868,0.06,1990
Bahrain,2000,15.88,Other,148.75,97,0.43,2.7832,0.06,2000
Bahrain,2001,16.39,Other,165.14,98,0.51,3.2116,0.06,2000
Bahrain,2002,17.22,Other,182.36,95,0.83,5.0641,0.06,2000
Bahrain,2003,17.95,Other,200.31,91,0.73,4.2393,0.06,2000
Bahrain,2004,17.93,Other,218.24,95,-0.02,-0.1114,0.06,2000
Bahrain,2005,20.7,Other,238.94,89,2.77,15.449,0.07,2000
Bahrain,2006,22.49,Other,261.43,88,1.79,8.6473,0.07,2000
Bahrain,2007,23.01,Other,284.44,89,0.52,2.3121,0.07,2000
Bahrain,2008,24.77,Other,309.21,87,1.76,7.6488,0.07,2000
Bahrain,2009,24.73,Other,333.94,86,-0.04,-0.1615,0.07,2000
Bahrain,2010,25.98,Other,359.92,85,1.25,5.0546,0.07,2010
Bahrain,2011,26.03,Other,385.95,84,0.05,0.1925,0.08,2010
Bahrain,2012,26.57,Other,412.52,84,0.54,2.0745,0.08,2010
Bahrain,2013,28.76,Other,441.28,81,2.19,8.2424,0.08,2010
Bahrain,2014,30.22,Other,471.5,80,1.46,5.0765,0.09,2010
Bahrain,2015,30.59,Other,502.09,80,0.37,1.2244,0.09,2010
Bahrain,2016,30.2,Other,532.29,84,-0.39,-1.2749,0.08,2010
Bahrain,2017,30.38,Other,562.67,82,0.18,0.596,0.08,2010
Bahrain,2018,30.75,Other,593.42,82,0.37,1.2179,0.08,2010
Bangladesh,1990,34.13,Other,34.13,68,,,0.14,1990
Bangladesh,1991,33.44,Other,67.57,70,-0.69,-2.0217,0.13,1990
Bangladesh,1992,34.43,Other,102.0,66,0.99,2.9605,0.14,1990
Bangladesh,1993,35.18,Other,137.18,66,0.75,2.1783,0.14,1990
Bangladesh,1994,36.15,Other,173.33,65,0.97,2.7572,0.14,1990
Bangladesh,1995,39.2,Other,212.53,64,3.05,8.4371,0.15,1990
Bangladesh,1996,39.47,Other,252.0,64,0.27,0.6888,0.15,1990
Bangladesh,1997,41.6,Other,293.6,62,2.13,5.3965,0.15,1990
Bangladesh,1998,41.77,Other,335.37,63,0.17,0.4087,0.15,1990
Bangladesh,1999,42.46,Other,377.83,63,0.69,1.6519,0.16,1990
Bangladesh,2000,43.87,Other,421.7,62,1.41,3.3208,0.16,2000
Bangladesh,2001,48.44,Other,470.14,61,4.57,10.4171,0.17,2000
Bangladesh,2002,50.03,Other,520.17,60,1.59,3.2824,0.18,2000
Bangladesh,2003,51.21,Other,571.38,61,1.18,2.3586,0.17,2000
Bangladesh,2004,52.99,Other,624.37,59,1.78,3.4759,0.17,2000
Bangladesh,2005,55.17,Other,679.54,57,2.18,4.114,0.17,2000
Bangladesh,2006,58.36,Other,737.9,54,3.19,5.7821,0.18,2000
Bangladesh,2007,60.48,Other,798.38,53,2.12,3.6326,0.18,2000
Bangladesh,2008,64.06,Other,862.44,52,3.58,5.9193,0.19,2000
Bangladesh,2009,67.24,Other,929.68,49,3.18,4.9641,0.2,2000
Bangladesh,2010,73.09,Other,1002.77,48,5.85,8.7002,0.21,2010
Bangladesh,2011,76.45,Other,1079.22,47,3.36,4.5971,0.22,2010
Bangladesh,2012,80.01,Other,1159.23,47,3.56,4.6566,0.23,2010
Bangladesh,2013,82.55,Other,1241.78,46,2.54,3.1746,0.23,2010
Bangladesh,2014,85.7,Other,1327.48,45,3.15,3.8159,0.24,2010
Bangladesh,2015,93.58,Other,1421.06,44,7.88,9.1949,0.27,2010
Bangladesh,2016,95.49,Other,1516.55,45,1.91,2.041,0.26,2010
Bangladesh,2017,100.46,Other,1617.01,43,4.97,5.2047,0.27,2010
Bangladesh,2018,104.5,Other,1721.51,43,4.04,4.0215,0.28,2010
Barbados,1990,0.98,Other,0.98,154,,,0.0,1990
Barbados,1991,0.98,Other,1.96,155,0.0,0.0,0.0,1990
Barbados,1992,1.18,Other,3.14,154,0.2,20.4082,0.0,1990
Barbados,1993,0.99,Other,4.13,154,-0.19,-16.1017,0.0,1990
Barbados,1994,1.03,Other,5.16,154,0.04,4.0404,0.0,1990
Barbados,1995,1.07,Other,6.23,154,0.04,3.8835,0.0,1990
Barbados,1996,1.07,Other,7.3,155,0.0,0.0,0.0,1990
Barbados,1997,1.17,Other,8.47,156,0.1,9.3458,0.0,1990
Barbados,1998,1.27,Other,9.74,155,0.1,8.547,0.0,1990
Barbados,1999,1.3,Other,11.04,156,0.03,2.3622,0.0,1990
Barbados,2000,1.24,Other,12.28,157,-0.06,-4.6154,0.0,2000
Barbados,2001,1.31,Other,13.59,157,0.07,5.6452,0.0,2000
Barbados,2002,1.37,Other,14.96,157,0.06,4.5802,0.0,2000
Barbados,2003,1.38,Other,16.34,158,0.01,0.7299,0.0,2000
Barbados,2004,1.36,Other,17.7,157,-0.02,-1.4493,0.0,2000
Barbados,2005,1.41,Other,19.11,158,0.05,3.6765,0.0,2000
Barbados,2006,1.47,Other,20.58,158,0.06,4.2553,0.0,2000
Barbados,2007,1.48,Other,22.06,159,0.01,0.6803,0.0,2000
Barbados,2008,1.78,Other,23.84,157,0.3,20.2703,0.01,2000
Barbados,2009,4.62,Other,28.46,141,2.84,159.5506,0.01,2000
Barbados,2010,1.59,Other,30.05,159,-3.03,-65.5844,0.0,2010
Barbados,2011,1.66,Other,31.71,156,0.07,4.4025,0.0,2010
Barbados,2012,2.21,Other,33.92,154,0.55,33.1325,0.01,2010
Barbados,2013,1.48,Other,35.4,157,-0.73,-33.0317,0.0,2010
Barbados,2014,1.29,Other,36.69,157,-0.19,-12.8378,0.0,2010
Barbados,2015,1.29,Other,37.98,157,0.0,0.0,0.0,2010
Barbados,2016,1.31,Other,39.29,162,0.02,1.5504,0.0,2010
Barbados,2017,1.19,Other,40.48,162,-0.12,-9.1603,0.0,2010
Barbados,2018,1.25,Other,41.73,162,0.06,5.042,0.0,2010
Belarus,1990,66.9,Other,66.9,46,,,0.26,1990
Belarus,1991,63.29,Other,130.19,47,-3.61,-5.3961,0.25,1990
Belarus,1992,54.78,Other,184.97,52,-8.51,-13.446,0.22,1990
Belarus,1993,43.24,Other,228.21,61,-11.54,-21.0661,0.17,1990
Belarus,1994,31.66,Other,259.87,71,-11.58,-26.7808,0.12,1990
Belarus,1995,24.64,Other,284.51,79,-7.02,-22.1731,0.09,1990
Belarus,1996,25.62,Other,310.13,78,0.98,3.9773,0.1,1990
Belarus,1997,26.24,Other,336.37,79,0.62,2.42,0.1,1990
Belarus,1998,24.49,Other,360.86,80,-1.75,-6.6692,0.09,1990
Belarus,1999,22.42,Other,383.28,86,-2.07,-8.4524,0.08,1990
Belarus,2000,20.46,Other,403.74,86,-1.96,-8.7422,0.07,2000
Belarus,2001,27.14,Other,430.88,80,6.68,32.6491,0.1,2000
Belarus,2002,27.13,Other,458.01,81,-0.01,-0.0368,0.1,2000
Belarus,2003,27.87,Other,485.88,81,0.74,2.7276,0.1,2000
Belarus,2004,30.99,Other,516.87,78,3.12,11.1948,0.1,2000
Belarus,2005,31.68,Other,548.55,79,0.69,2.2265,0.1,2000
Belarus,2006,33.97,Other,582.52,78,2.29,7.2285,0.1,2000
Belarus,2007,32.48,Other,615.0,78,-1.49,-4.3862,0.1,2000
Belarus,2008,35.27,Other,650.27,77,2.79,8.5899,0.11,2000
Belarus,2009,32.15,Other,682.42,78,-3.12,-8.846,0.1,2000
Belarus,2010,36.42,Other,718.84,78,4.27,13.2815,0.1,2010
Belarus,2011,41.94,Other,760.78,68,5.52,15.1565,0.12,2010
Belarus,2012,43.38,Other,804.16,69,1.44,3.4335,0.13,2010
Belarus,2013,43.53,Other,847.69,67,0.15,0.3458,0.12,2010
Belarus,2014,43.05,Other,890.74,68,-0.48,-1.1027,0.12,2010
Belarus,2015,38.47,Other,929.21,72,-4.58,-10.6388,0.11,2010
Belarus,2016,33.85,Other,963.06,80,-4.62,-12.0094,0.09,2010
Belarus,2017,34.8,Other,997.86,78,0.95,2.8065,0.09,2010
Belarus,2018,37.8,Other,1035.66,76,3.0,8.6207,0.1,2010
Belgium,1990,105.4,Other,105.4,37,,,0.42,1990
Belgium,1991,110.05,Other,215.45,37,4.65,4.4118,0.43,1990
Belgium,1992,108.42,Other,323.87,38,-1.63,-1.4811,0.43,1990
Belgium,1993,106.19,Other,430.06,37,-2.23,-2.0568,0.42,1990
Belgium,1994,110.99,Other,541.05,36,4.8,4.5202,0.44,1990
Belgium,1995,110.65,Other,651.7,36,-0.34,-0.3063,0.42,1990
Belgium,1996,115.53,Other,767.23,36,4.88,4.4103,0.44,1990
Belgium,1997,112.72,Other,879.95,37,-2.81,-2.4323,0.41,1990
Belgium,1998,115.49,Other,995.44,34,2.77,2.4574,0.43,1990
Belgium,1999,111.59,Other,1107.03,36,-3.9,-3.3769,0.41,1990
Belgium,2000,113.27,Other,1220.3,36,1.68,1.5055,0.41,2000
Belgium,2001,115.34,Other,1335.64,35,2.07,1.8275,0.42,2000
Belgium,2002,107.84,Other,1443.48,38,-7.5,-6.5025,0.38,2000
Belgium,2003,112.49,Other,1555.97,37,4.65,4.3119,0.38,2000
Belgium,2004,111.01,Other,1666.98,37,-1.48,-1.3157,0.36,2000
Belgium,2005,107.6,Other,1774.58,39,-3.41,-3.0718,0.34,2000
Belgium,2006,105.63,Other,1880.21,40,-1.97,-1.8309,0.32,2000
Belgium,2007,101.57,Other,1981.78,41,-4.06,-3.8436,0.3,2000
Belgium,2008,103.92,Other,2085.7,40,2.35,2.3137,0.31,2000
Belgium,2009,96.65,Other,2182.35,43,-7.27,-6.9958,0.29,2000
Belgium,2010,103.46,Other,2285.81,43,6.81,7.046,0.3,2010
Belgium,2011,93.21,Other,2379.02,42,-10.25,-9.9072,0.27,2010
Belgium,2012,92.6,Other,2471.62,42,-0.61,-0.6544,0.27,2010
Belgium,2013,94.25,Other,2565.87,44,1.65,1.7819,0.27,2010
Belgium,2014,87.8,Other,2653.67,44,-6.45,-6.8435,0.25,2010
Belgium,2015,92.84,Other,2746.51,45,5.04,5.7403,0.26,2010
Belgium,2016,94.48,Other,2840.99,46,1.64,1.7665,0.26,2010
Belgium,2017,92.93,Other,2933.92,46,-1.55,-1.6406,0.25,2010
Belgium,2018,93.63,Other,3027.55,46,0.7,0.7533,0.25,2010
Belize,1990,6.89,Other,6.89,126,,,0.03,1990
Belize,1991,6.99,Other,13.88,128,0.1,1.4514,0.03,1990
Belize,1992,7.06,Other,20.94,126,0.07,1.0014,0.03,1990
Belize,1993,7.02,Other,27.96,125,-0.04,-0.5666,0.03,1990
Belize,1994,7.01,Other,34.97,124,-0.01,-0.1425,0.03,1990
Belize,1995,7.02,Other,41.99,124,0.01,0.1427,0.03,1990
Belize,1996,6.92,Other,48.91,126,-0.1,-1.4245,0.03,1990
Belize,1997,7.01,Other,55.92,126,0.09,1.3006,0.03,1990
Belize,1998,7.01,Other,62.93,127,0.0,0.0,0.03,1990
Belize,1999,6.95,Other,69.88,127,-0.06,-0.8559,0.03,1990
Belize,2000,6.97,Other,76.85,127,0.02,0.2878,0.03,2000
Belize,2001,3.76,Other,80.61,139,-3.21,-46.0545,0.01,2000
Belize,2002,3.76,Other,84.37,139,0.0,0.0,0.01,2000
Belize,2003,3.74,Other,88.11,139,-0.02,-0.5319,0.01,2000
Belize,2004,3.68,Other,91.79,140,-0.06,-1.6043,0.01,2000
Belize,2005,3.7,Other,95.49,140,0.02,0.5435,0.01,2000
Belize,2006,3.75,Other,99.24,140,0.05,1.3514,0.01,2000
Belize,2007,3.78,Other,103.02,140,0.03,0.8,0.01,2000
Belize,2008,3.74,Other,106.76,141,-0.04,-1.0582,0.01,2000
Belize,2009,4.72,Other,111.48,139,0.98,26.2032,0.01,2000
Belize,2010,3.81,Other,115.29,142,-0.91,-19.2797,0.01,2010
Belize,2011,6.11,Other,121.4,136,2.3,60.3675,0.02,2010
Belize,2012,6.16,Other,127.56,136,0.05,0.8183,0.02,2010
Belize,2013,5.97,Other,133.53,136,-0.19,-3.0844,0.02,2010
Belize,2014,5.96,Other,139.49,136,-0.01,-0.1675,0.02,2010
Belize,2015,6.13,Other,145.62,136,0.17,2.8523,0.02,2010
Belize,2016,5.87,Other,151.49,140,-0.26,-4.2414,0.02,2010
Belize,2017,5.88,Other,157.37,141,0.01,0.1704,0.02,2010
Belize,2018,5.92,Other,163.29,141,0.04,0.6803,0.02,2010
Benin,1990,15.37,Other,15.37,96,,,0.06,1990
Benin,1991,15.33,Other,30.7,96,-0.04,-0.2602,0.06,1990
Benin,1992,15.35,Other,46.05,93,0.02,0.1305,0.06,1990
Benin,1993,15.41,Other,61.46,95,0.06,0.3909,0.06,1990
Benin,1994,15.4,Other,76.86,93,-0.01,-0.0649,0.06,1990
Benin,1995,15.45,Other,92.31,92,0.05,0.3247,0.06,1990
Benin,1996,16.05,Other,108.36,91,0.6,3.8835,0.06,1990
Benin,1997,16.23,Other,124.59,93,0.18,1.1215,0.06,1990
Benin,1998,16.29,Other,140.88,93,0.06,0.3697,0.06,1990
Benin,1999,16.41,Other,157.29,96,0.12,0.7366,0.06,1990
Benin,2000,16.52,Other,173.81,95,0.11,0.6703,0.06,2000
Benin,2001,12.55,Other,186.36,111,-3.97,-24.0315,0.05,2000
Benin,2002,12.83,Other,199.19,110,0.28,2.2311,0.05,2000
Benin,2003,13.09,Other,212.28,112,0.26,2.0265,0.04,2000
Benin,2004,13.24,Other,225.52,112,0.15,1.1459,0.04,2000
Benin,2005,13.49,Other,239.01,112,0.25,1.8882,0.04,2000
Benin,2006,14.54,Other,253.55,107,1.05,7.7835,0.04,2000
Benin,2007,15.1,Other,268.65,108,0.56,3.8514,0.05,2000
Benin,2008,15.06,Other,283.71,108,-0.04,-0.2649,0.04,2000
Benin,2009,15.41,Other,299.12,105,0.35,2.324,0.05,2000
Benin,2010,15.8,Other,314.92,107,0.39,2.5308,0.05,2010
Benin,2011,15.69,Other,330.61,105,-0.11,-0.6962,0.05,2010
Benin,2012,15.45,Other,346.06,105,-0.24,-1.5296,0.04,2010
Benin,2013,15.73,Other,361.79,101,0.28,1.8123,0.04,2010
Benin,2014,16.22,Other,378.01,101,0.49,3.1151,0.05,2010
Benin,2015,16.7,Other,394.71,101,0.48,2.9593,0.05,2010
Benin,2016,17.94,Other,412.65,106,1.24,7.4251,0.05,2010
Benin,2017,18.07,Other,430.72,105,0.13,0.7246,0.05,2010
Benin,2018,18.62,Other,449.34,103,0.55,3.0437,0.05,2010
Bhutan,1990,-6.48,Other,-6.48,191,,,-0.03,1990
Bhutan,1991,-6.44,Other,-12.92,192,0.04,-0.6173,-0.03,1990
Bhutan,1992,-6.41,Other,-19.33,192,0.03,-0.4658,-0.03,1990
Bhutan,1993,-6.44,Other,-25.77,192,-0.03,0.468,-0.03,1990
Bhutan,1994,-6.42,Other,-32.19,191,0.02,-0.3106,-0.03,1990
Bhutan,1995,-6.38,Other,-38.57,191,0.04,-0.6231,-0.02,1990
Bhutan,1996,-6.33,Other,-44.9,191,0.05,-0.7837,-0.02,1990
Bhutan,1997,-6.24,Other,-51.14,191,0.09,-1.4218,-0.02,1990
Bhutan,1998,-6.25,Other,-57.39,191,-0.01,0.1603,-0.02,1990
Bhutan,1999,-6.25,Other,-63.64,191,0.0,0.0,-0.02,1990
Bhutan,2000,-6.24,Other,-69.88,191,0.01,-0.16,-0.02,2000
Bhutan,2001,-6.25,Other,-76.13,193,-0.01,0.1603,-0.02,2000
Bhutan,2002,-6.21,Other,-82.34,193,0.04,-0.64,-0.02,2000
Bhutan,2003,-6.25,Other,-88.59,193,-0.04,0.6441,-0.02,2000
Bhutan,2004,-6.3,Other,-94.89,194,-0.05,0.8,-0.02,2000
Bhutan,2005,-6.2,Other,-101.09,194,0.1,-1.5873,-0.02,2000
Bhutan,2006,-6.21,Other,-107.3,194,-0.01,0.1613,-0.02,2000
Bhutan,2007,-6.22,Other,-113.52,194,-0.01,0.161,-0.02,2000
Bhutan,2008,-6.21,Other,-119.73,194,0.01,-0.1608,-0.02,2000
Bhutan,2009,-6.24,Other,-125.97,193,-0.03,0.4831,-0.02,2000
Bhutan,2010,-6.14,Other,-132.11,194,0.1,-1.6026,-0.02,2010
Bhutan,2011,-0.65,Other,-132.76,189,5.49,-89.4137,-0.0,2010
Bhutan,2012,-0.56,Other,-133.32,188,0.09,-13.8462,-0.0,2010
Bhutan,2013,-0.46,Other,-133.78,189,0.1,-17.8571,-0.0,2010
Bhutan,2014,-0.38,Other,-134.16,187,0.08,-17.3913,-0.0,2010
Bhutan,2015,-0.35,Other,-134.51,189,0.03,-7.8947,-0.0,2010
Bhutan,2016,-0.09,Other,-134.6,192,0.26,-74.2857,-0.0,2010
Bhutan,2017,0.01,Other,-134.59,190,0.1,-111.1111,0.0,2010
Bhutan,2018,0.07,Other,-134.52,189,0.06,600.0,0.0,2010
Bolivia,1990,81.99,Other,81.99,40,,,0.32,1990
Bolivia,1991,82.08,Other,164.07,40,0.09,0.1098,0.32,1990
Bolivia,1992,83.13,Other,247.2,40,1.05,1.2792,0.33,1990
Bolivia,1993,84.14,Other,331.34,41,1.01,1.215,0.33,1990
Bolivia,1994,85.35,Other,416.69,41,1.21,1.4381,0.34,1990
Bolivia,1995,84.64,Other,501.33,43,-0.71,-0.8319,0.32,1990
Bolivia,1996,84.44,Other,585.77,42,-0.2,-0.2363,0.32,1990
Bolivia,1997,84.59,Other,670.36,42,0.15,0.1776,0.31,1990
Bolivia,1998,84.92,Other,755.28,42,0.33,0.3901,0.31,1990
Bolivia,1999,84.28,Other,839.56,43,-0.64,-0.7537,0.31,1990
Bolivia,2000,84.31,Other,923.87,43,0.03,0.0356,0.31,2000
Bolivia,2001,64.78,Other,988.65,48,-19.53,-23.1645,0.23,2000
Bolivia,2002,65.12,Other,1053.77,49,0.34,0.5249,0.23,2000
Bolivia,2003,66.0,Other,1119.77,49,0.88,1.3514,0.23,2000
Bolivia,2004,66.32,Other,1186.09,49,0.32,0.4848,0.22,2000
Bolivia,2005,66.97,Other,1253.06,50,0.65,0.9801,0.21,2000
Bolivia,2006,68.05,Other,1321.11,49,1.08,1.6127,0.21,2000
Bolivia,2007,68.93,Other,1390.04,47,0.88,1.2932,0.21,2000
Bolivia,2008,69.91,Other,1459.95,49,0.98,1.4217,0.21,2000
Bolivia,2009,70.77,Other,1530.72,48,0.86,1.2302,0.21,2000
Bolivia,2010,71.94,Other,1602.66,49,1.17,1.6532,0.21,2010
Bolivia,2011,76.22,Other,1678.88,48,4.28,5.9494,0.22,2010
Bolivia,2012,77.02,Other,1755.9,48,0.8,1.0496,0.22,2010
Bolivia,2013,78.34,Other,1834.24,47,1.32,1.7138,0.22,2010
Bolivia,2014,79.95,Other,1914.19,48,1.61,2.0551,0.23,2010
Bolivia,2015,80.19,Other,1994.38,48,0.24,0.3002,0.23,2010
Bolivia,2016,88.99,Other,2083.37,48,8.8,10.9739,0.25,2010
Bolivia,2017,89.64,Other,2173.01,48,0.65,0.7304,0.24,2010
Bolivia,2018,90.09,Other,2263.1,48,0.45,0.502,0.24,2010
Bosnia and Herzegovina,1990,27.22,Other,27.22,80,,,0.11,1990
Bosnia and Herzegovina,1991,24.7,Other,51.92,81,-2.52,-9.2579,0.1,1990
Bosnia and Herzegovina,1992,19.22,Other,71.14,87,-5.48,-22.1862,0.08,1990
Bosnia and Herzegovina,1993,16.66,Other,87.8,88,-2.56,-13.3195,0.07,1990
Bosnia and Herzegovina,1994,6.42,Other,94.22,126,-10.24,-61.4646,0.03,1990
Bosnia and Herzegovina,1995,6.63,Other,100.85,126,0.21,3.271,0.03,1990
Bosnia and Herzegovina,1996,7.44,Other,108.29,123,0.81,12.2172,0.03,1990
Bosnia and Herzegovina,1997,11.75,Other,120.04,110,4.31,57.9301,0.04,1990
Bosnia and Herzegovina,1998,14.02,Other,134.06,103,2.27,19.3191,0.05,1990
Bosnia and Herzegovina,1999,13.77,Other,147.83,103,-0.25,-1.7832,0.05,1990
Bosnia and Herzegovina,2000,17.21,Other,165.04,92,3.44,24.9818,0.06,2000
Bosnia and Herzegovina,2001,14.11,Other,179.15,103,-3.1,-18.0128,0.05,2000
Bosnia and Herzegovina,2002,14.9,Other,194.05,102,0.79,5.5989,0.05,2000
Bosnia and Herzegovina,2003,15.21,Other,209.26,103,0.31,2.0805,0.05,2000
Bosnia and Herzegovina,2004,15.92,Other,225.18,102,0.71,4.668,0.05,2000
Bosnia and Herzegovina,2005,16.57,Other,241.75,102,0.65,4.0829,0.05,2000
Bosnia and Herzegovina,2006,18.26,Other,260.01,98,1.69,10.1992,0.06,2000
Bosnia and Herzegovina,2007,19.23,Other,279.24,96,0.97,5.3122,0.06,2000
Bosnia and Herzegovina,2008,21.11,Other,300.35,92,1.88,9.7764,0.06,2000
Bosnia and Herzegovina,2009,20.93,Other,321.28,91,-0.18,-0.8527,0.06,2000
Bosnia and Herzegovina,2010,21.19,Other,342.47,92,0.26,1.2422,0.06,2010
Bosnia and Herzegovina,2011,20.02,Other,362.49,94,-1.17,-5.5215,0.06,2010
Bosnia and Herzegovina,2012,18.25,Other,380.74,99,-1.77,-8.8412,0.05,2010
Bosnia and Herzegovina,2013,18.13,Other,398.87,99,-0.12,-0.6575,0.05,2010
Bosnia and Herzegovina,2014,15.77,Other,414.64,102,-2.36,-13.0171,0.04,2010
Bosnia and Herzegovina,2015,15.9,Other,430.54,103,0.13,0.8244,0.05,2010
Bosnia and Herzegovina,2016,20.6,Other,451.14,101,4.7,29.5597,0.06,2010
Bosnia and Herzegovina,2017,20.91,Other,472.05,101,0.31,1.5049,0.06,2010
Bosnia and Herzegovina,2018,20.81,Other,492.86,101,-0.1,-0.4782,0.06,2010
Botswana,1990,44.02,Other,44.02,63,,,0.17,1990
Botswana,1991,43.95,Other,87.97,62,-0.07,-0.159,0.17,1990
Botswana,1992,44.52,Other,132.49,59,0.57,1.2969,0.18,1990
Botswana,1993,44.47,Other,176.96,59,-0.05,-0.1123,0.18,1990
Botswana,1994,44.3,Other,221.26,60,-0.17,-0.3823,0.17,1990
Botswana,1995,44.41,Other,265.67,60,0.11,0.2483,0.17,1990
Botswana,1996,44.13,Other,309.8,61,-0.28,-0.6305,0.17,1990
Botswana,1997,44.28,Other,354.08,61,0.15,0.3399,0.16,1990
Botswana,1998,44.91,Other,398.99,61,0.63,1.4228,0.17,1990
Botswana,1999,45.13,Other,444.12,60,0.22,0.4899,0.17,1990
Botswana,2000,45.33,Other,489.45,61,0.2,0.4432,0.16,2000
Botswana,2001,45.17,Other,534.62,64,-0.16,-0.353,0.16,2000
Botswana,2002,45.34,Other,579.96,64,0.17,0.3764,0.16,2000
Botswana,2003,45.24,Other,625.2,64,-0.1,-0.2206,0.15,2000
Botswana,2004,45.33,Other,670.53,66,0.09,0.1989,0.15,2000
Botswana,2005,45.63,Other,716.16,66,0.3,0.6618,0.14,2000
Botswana,2006,45.44,Other,761.6,68,-0.19,-0.4164,0.14,2000
Botswana,2007,45.67,Other,807.27,68,0.23,0.5062,0.14,2000
Botswana,2008,45.75,Other,853.02,67,0.08,0.1752,0.14,2000
Botswana,2009,45.43,Other,898.45,68,-0.32,-0.6995,0.14,2000
Botswana,2010,44.71,Other,943.16,70,-0.72,-1.5849,0.13,2010
Botswana,2011,45.33,Other,988.49,66,0.62,1.3867,0.13,2010
Botswana,2012,46.46,Other,1034.95,63,1.13,2.4928,0.13,2010
Botswana,2013,46.89,Other,1081.84,62,0.43,0.9255,0.13,2010
Botswana,2014,48.46,Other,1130.3,62,1.57,3.3483,0.14,2010
Botswana,2015,48.54,Other,1178.84,63,0.08,0.1651,0.14,2010
Botswana,2016,48.45,Other,1227.29,65,-0.09,-0.1854,0.13,2010
Botswana,2017,49.2,Other,1276.49,65,0.75,1.548,0.13,2010
Botswana,2018,49.54,Other,1326.03,65,0.34,0.6911,0.13,2010
Brazil,1990,1236.73,South America,1236.73,5,,,4.89,1990
Brazil,1991,1243.65,South America,2480.38,5,6.92,0.5595,4.89,1990
Brazil,1992,1247.13,South America,3727.51,5,3.48,0.2798,4.94,1990
Brazil,1993,1253.64,South America,4981.15,5,6.51,0.522,4.95,1990
Brazil,1994,1261.19,South America,6242.34,4,7.55,0.6022,4.96,1990
Brazil,1995,1279.97,South America,7522.31,4,18.78,1.4891,4.91,1990
Brazil,1996,1301.37,South America,8823.68,4,21.4,1.6719,4.92,1990
Brazil,1997,1319.99,South America,10143.67,5,18.62,1.4308,4.81,1990
Brazil,1998,1329.24,South America,11472.91,4,9.25,0.7008,4.92,1990
Brazil,1999,1339.1,South America,12812.01,4,9.86,0.7418,4.97,1990
Brazil,2000,1351.16,South America,14163.17,4,12.06,0.9006,4.9,2000
Brazil,2001,1420.6,South America,15583.77,4,69.44,5.1393,5.13,2000
Brazil,2002,1418.33,South America,17002.1,4,-2.27,-0.1598,4.99,2000
Brazil,2003,1410.4,South America,18412.5,4,-7.93,-0.5591,4.81,2000
Brazil,2004,1427.88,South America,19840.38,4,17.48,1.2394,4.64,2000
Brazil,2005,1431.63,South America,21272.01,4,3.75,0.2626,4.54,2000
Brazil,2006,1435.1,South America,22707.11,4,3.47,0.2424,4.39,2000
Brazil,2007,1452.63,South America,24159.74,4,17.53,1.2215,4.36,2000
Brazil,2008,1473.28,South America,25633.02,4,20.65,1.4216,4.4,2000
Brazil,2009,1451.95,South America,27084.97,5,-21.33,-1.4478,4.37,2000
Brazil,2010,1498.84,South America,28583.81,5,46.89,3.2295,4.31,2010
Brazil,2011,679.1,South America,29262.91,10,-819.74,-54.6916,1.98,2010
Brazil,2012,713.75,South America,29976.66,9,34.65,5.1023,2.06,2010
Brazil,2013,744.85,South America,30721.51,9,31.1,4.3573,2.12,2010
Brazil,2014,768.77,South America,31490.28,8,23.92,3.2114,2.17,2010
Brazil,2015,741.96,South America,32232.24,8,-26.81,-3.4874,2.1,2010
Brazil,2016,826.21,South America,33058.45,8,84.25,11.3551,2.28,2010
Brazil,2017,834.14,South America,33892.59,8,7.93,0.9598,2.28,2010
Brazil,2018,812.02,South America,34704.61,8,-22.12,-2.6518,2.17,2010
Brunei,1990,5.43,Other,5.43,133,,,0.02,1990
Brunei,1991,4.9,Other,10.33,136,-0.53,-9.7606,0.02,1990
Brunei,1992,5.1,Other,15.43,135,0.2,4.0816,0.02,1990
Brunei,1993,5.38,Other,20.81,132,0.28,5.4902,0.02,1990
Brunei,1994,5.66,Other,26.47,129,0.28,5.2045,0.02,1990
Brunei,1995,6.03,Other,32.5,129,0.37,6.5371,0.02,1990
Brunei,1996,6.07,Other,38.57,129,0.04,0.6633,0.02,1990
Brunei,1997,6.58,Other,45.15,128,0.51,8.402,0.02,1990
Brunei,1998,8.74,Other,53.89,120,2.16,32.8267,0.03,1990
Brunei,1999,5.5,Other,59.39,136,-3.24,-37.0709,0.02,1990
Brunei,2000,5.75,Other,65.14,134,0.25,4.5455,0.02,2000
Brunei,2001,5.66,Other,70.8,133,-0.09,-1.5652,0.02,2000
Brunei,2002,5.66,Other,76.46,133,0.0,0.0,0.02,2000
Brunei,2003,6.65,Other,83.11,132,0.99,17.4912,0.02,2000
Brunei,2004,6.2,Other,89.31,132,-0.45,-6.7669,0.02,2000
Brunei,2005,6.11,Other,95.42,133,-0.09,-1.4516,0.02,2000
Brunei,2006,8.48,Other,103.9,127,2.37,38.7889,0.03,2000
Brunei,2007,8.1,Other,112.0,128,-0.38,-4.4811,0.02,2000
Brunei,2008,8.48,Other,120.48,126,0.38,4.6914,0.03,2000
Brunei,2009,8.7,Other,129.18,125,0.22,2.5943,0.03,2000
Brunei,2010,8.11,Other,137.29,128,-0.59,-6.7816,0.02,2010
Brunei,2011,7.36,Other,144.65,131,-0.75,-9.2478,0.02,2010
Brunei,2012,7.48,Other,152.13,132,0.12,1.6304,0.02,2010
Brunei,2013,7.36,Other,159.49,133,-0.12,-1.6043,0.02,2010
Brunei,2014,7.37,Other,166.86,133,0.01,0.1359,0.02,2010
Brunei,2015,6.35,Other,173.21,135,-1.02,-13.8399,0.02,2010
Brunei,2016,6.79,Other,180.0,138,0.44,6.9291,0.02,2010
Brunei,2017,7.03,Other,187.03,138,0.24,3.5346,0.02,2010
Brunei,2018,7.47,Other,194.5,136,0.44,6.2589,0.02,2010
Bulgaria,1990,51.81,Other,51.81,57,,,0.21,1990
Bulgaria,1991,36.85,Other,88.66,66,-14.96,-28.8747,0.14,1990
Bulgaria,1992,33.38,Other,122.04,67,-3.47,-9.4166,0.13,1990
Bulgaria,1993,33.91,Other,155.95,68,0.53,1.5878,0.13,1990
Bulgaria,1994,31.76,Other,187.71,70,-2.15,-6.3403,0.12,1990
Bulgaria,1995,32.94,Other,220.65,71,1.18,3.7154,0.13,1990
Bulgaria,1996,33.3,Other,253.95,69,0.36,1.0929,0.13,1990
Bulgaria,1997,31.61,Other,285.56,73,-1.69,-5.0751,0.12,1990
Bulgaria,1998,28.83,Other,314.39,76,-2.78,-8.7947,0.11,1990
Bulgaria,1999,22.53,Other,336.92,85,-6.3,-21.8522,0.08,1990
Bulgaria,2000,21.56,Other,358.48,85,-0.97,-4.3054,0.08,2000
Bulgaria,2001,22.63,Other,381.11,87,1.07,4.9629,0.08,2000
Bulgaria,2002,20.08,Other,401.19,88,-2.55,-11.2682,0.07,2000
Bulgaria,2003,24.35,Other,425.54,83,4.27,21.2649,0.08,2000
Bulgaria,2004,23.63,Other,449.17,85,-0.72,-2.9569,0.08,2000
Bulgaria,2005,24.32,Other,473.49,84,0.69,2.92,0.08,2000
Bulgaria,2006,25.41,Other,498.9,83,1.09,4.4819,0.08,2000
Bulgaria,2007,29.07,Other,527.97,80,3.66,14.4038,0.09,2000
Bulgaria,2008,26.47,Other,554.44,84,-2.6,-8.9439,0.08,2000
Bulgaria,2009,19.41,Other,573.85,96,-7.06,-26.6717,0.06,2000
Bulgaria,2010,21.29,Other,595.14,91,1.88,9.6857,0.06,2010
Bulgaria,2011,37.56,Other,632.7,76,16.27,76.4209,0.11,2010
Bulgaria,2012,33.01,Other,665.71,80,-4.55,-12.114,0.1,2010
Bulgaria,2013,27.7,Other,693.41,83,-5.31,-16.086,0.08,2010
Bulgaria,2014,30.12,Other,723.53,81,2.42,8.7365,0.09,2010
Bulgaria,2015,32.57,Other,756.1,78,2.45,8.1341,0.09,2010
Bulgaria,2016,7.94,Other,764.04,133,-24.63,-75.6217,0.02,2010
Bulgaria,2017,10.24,Other,774.28,126,2.3,28.9673,0.03,2010
Bulgaria,2018,7.32,Other,781.6,138,-2.92,-28.5156,0.02,2010
Burkina Faso,1990,12.85,Other,12.85,103,,,0.05,1990
Burkina Faso,1991,12.86,Other,25.71,103,0.01,0.0778,0.05,1990
Burkina Faso,1992,12.87,Other,38.58,102,0.01,0.0778,0.05,1990
Burkina Faso,1993,12.88,Other,51.46,103,0.01,0.0777,0.05,1990
Burkina Faso,1994,12.88,Other,64.34,104,0.0,0.0,0.05,1990
Burkina Faso,1995,12.9,Other,77.24,104,0.02,0.1553,0.05,1990
Burkina Faso,1996,12.98,Other,90.22,104,0.08,0.6202,0.05,1990
Burkina Faso,1997,13.08,Other,103.3,104,0.1,0.7704,0.05,1990
Burkina Faso,1998,13.14,Other,116.44,106,0.06,0.4587,0.05,1990
Burkina Faso,1999,13.19,Other,129.63,105,0.05,0.3805,0.05,1990
Burkina Faso,2000,13.31,Other,142.94,106,0.12,0.9098,0.05,2000
Burkina Faso,2001,17.47,Other,160.41,92,4.16,31.2547,0.06,2000
Burkina Faso,2002,17.48,Other,177.89,93,0.01,0.0572,0.06,2000
Burkina Faso,2003,17.55,Other,195.44,93,0.07,0.4005,0.06,2000
Burkina Faso,2004,17.58,Other,213.02,99,0.03,0.1709,0.06,2000
Burkina Faso,2005,17.6,Other,230.62,98,0.02,0.1138,0.06,2000
Burkina Faso,2006,17.85,Other,248.47,101,0.25,1.4205,0.05,2000
Burkina Faso,2007,18.13,Other,266.6,100,0.28,1.5686,0.05,2000
Burkina Faso,2008,18.36,Other,284.96,100,0.23,1.2686,0.05,2000
Burkina Faso,2009,18.38,Other,303.34,99,0.02,0.1089,0.06,2000
Burkina Faso,2010,18.54,Other,321.88,102,0.16,0.8705,0.05,2010
Burkina Faso,2011,8.07,Other,329.95,127,-10.47,-56.4725,0.02,2010
Burkina Faso,2012,8.58,Other,338.53,128,0.51,6.3197,0.02,2010
Burkina Faso,2013,8.84,Other,347.37,125,0.26,3.0303,0.03,2010
Burkina Faso,2014,8.89,Other,356.26,126,0.05,0.5656,0.03,2010
Burkina Faso,2015,9.27,Other,365.53,124,0.38,4.2745,0.03,2010
Burkina Faso,2016,27.6,Other,393.13,87,18.33,197.7346,0.08,2010
Burkina Faso,2017,28.17,Other,421.3,87,0.57,2.0652,0.08,2010
Burkina Faso,2018,28.37,Other,449.67,85,0.2,0.71,0.08,2010
Burundi,1990,5.58,Other,5.58,132,,,0.02,1990
Burundi,1991,5.62,Other,11.2,131,0.04,0.7168,0.02,1990
Burundi,1992,5.59,Other,16.79,131,-0.03,-0.5338,0.02,1990
Burundi,1993,5.6,Other,22.39,130,0.01,0.1789,0.02,1990
Burundi,1994,5.6,Other,27.99,131,0.0,0.0,0.02,1990
Burundi,1995,5.72,Other,33.71,131,0.12,2.1429,0.02,1990
Burundi,1996,5.74,Other,39.45,132,0.02,0.3497,0.02,1990
Burundi,1997,5.76,Other,45.21,134,0.02,0.3484,0.02,1990
Burundi,1998,5.79,Other,51.0,134,0.03,0.5208,0.02,1990
Burundi,1999,5.84,Other,56.84,132,0.05,0.8636,0.02,1990
Burundi,2000,5.87,Other,62.71,133,0.03,0.5137,0.02,2000
Burundi,2001,3.74,Other,66.45,140,-2.13,-36.2862,0.01,2000
Burundi,2002,3.74,Other,70.19,140,0.0,0.0,0.01,2000
Burundi,2003,3.7,Other,73.89,140,-0.04,-1.0695,0.01,2000
Burundi,2004,3.68,Other,77.57,140,-0.02,-0.5405,0.01,2000
Burundi,2005,3.69,Other,81.26,141,0.01,0.2717,0.01,2000
Burundi,2006,3.73,Other,84.99,141,0.04,1.084,0.01,2000
Burundi,2007,3.73,Other,88.72,141,0.0,0.0,0.01,2000
Burundi,2008,3.73,Other,92.45,142,0.0,0.0,0.01,2000
Burundi,2009,3.73,Other,96.18,145,0.0,0.0,0.01,2000
Burundi,2010,3.86,Other,100.04,141,0.13,3.4853,0.01,2010
Burundi,2011,-1.04,Other,99.0,190,-4.9,-126.943,-0.0,2010
Burundi,2012,-1.01,Other,97.99,189,0.03,-2.8846,-0.0,2010
Burundi,2013,-1.0,Other,96.99,190,0.01,-0.9901,-0.0,2010
Burundi,2014,-1.02,Other,95.97,189,-0.02,2.0,-0.0,2010
Burundi,2015,-1.0,Other,94.97,190,0.02,-1.9608,-0.0,2010
Burundi,2016,3.96,Other,98.93,150,4.96,-496.0,0.01,2010
Burundi,2017,4.06,Other,102.99,149,0.1,2.5253,0.01,2010
Burundi,2018,4.07,Other,107.06,149,0.01,0.2463,0.01,2010
Cambodia,1990,5.43,Other,5.43,133,,,0.02,1990
Cambodia,1991,5.47,Other,10.9,133,0.04,0.7366,0.02,1990
Cambodia,1992,5.52,Other,16.42,132,0.05,0.9141,0.02,1990
Cambodia,1993,5.55,Other,21.97,131,0.03,0.5435,0.02,1990
Cambodia,1994,5.64,Other,27.61,130,0.09,1.6216,0.02,1990
Cambodia,1995,5.68,Other,33.29,132,0.04,0.7092,0.02,1990
Cambodia,1996,5.78,Other,39.07,131,0.1,1.7606,0.02,1990
Cambodia,1997,5.87,Other,44.94,133,0.09,1.5571,0.02,1990
Cambodia,1998,6.11,Other,51.05,132,0.24,4.0886,0.02,1990
Cambodia,1999,6.08,Other,57.13,131,-0.03,-0.491,0.02,1990
Cambodia,2000,6.13,Other,63.26,132,0.05,0.8224,0.02,2000
Cambodia,2001,5.73,Other,68.99,132,-0.4,-6.5253,0.02,2000
Cambodia,2002,5.78,Other,74.77,132,0.05,0.8726,0.02,2000
Cambodia,2003,5.95,Other,80.72,133,0.17,2.9412,0.02,2000
Cambodia,2004,5.95,Other,86.67,133,0.0,0.0,0.02,2000
Cambodia,2005,6.21,Other,92.88,132,0.26,4.3697,0.02,2000
Cambodia,2006,6.52,Other,99.4,133,0.31,4.9919,0.02,2000
Cambodia,2007,7.18,Other,106.58,131,0.66,10.1227,0.02,2000
Cambodia,2008,7.52,Other,114.1,129,0.34,4.7354,0.02,2000
Cambodia,2009,8.3,Other,122.4,127,0.78,10.3723,0.02,2000
Cambodia,2010,8.5,Other,130.9,126,0.2,2.4096,0.02,2010
Cambodia,2011,70.11,Other,201.01,50,61.61,724.8235,0.2,2010
Cambodia,2012,70.35,Other,271.36,52,0.24,0.3423,0.2,2010
Cambodia,2013,70.5,Other,341.86,51,0.15,0.2132,0.2,2010
Cambodia,2014,71.55,Other,413.41,50,1.05,1.4894,0.2,2010
Cambodia,2015,73.51,Other,486.92,50,1.96,2.7393,0.21,2010
Cambodia,2016,38.9,Other,525.82,74,-34.61,-47.082,0.11,2010
Cambodia,2017,40.38,Other,566.2,74,1.48,3.8046,0.11,2010
Cambodia,2018,40.16,Other,606.36,75,-0.22,-0.5448,0.11,2010
Cameroon,1990,55.76,Other,55.76,51,,,0.22,1990
Cameroon,1991,55.5,Other,111.26,52,-0.26,-0.4663,0.22,1990
Cameroon,1992,55.38,Other,166.64,51,-0.12,-0.2162,0.22,1990
Cameroon,1993,59.52,Other,226.16,50,4.14,7.4756,0.23,1990
Cameroon,1994,60.14,Other,286.3,50,0.62,1.0417,0.24,1990
Cameroon,1995,59.97,Other,346.27,51,-0.17,-0.2827,0.23,1990
Cameroon,1996,59.2,Other,405.47,52,-0.77,-1.284,0.22,1990
Cameroon,1997,59.45,Other,464.92,51,0.25,0.4223,0.22,1990
Cameroon,1998,59.63,Other,524.55,52,0.18,0.3028,0.22,1990
Cameroon,1999,59.42,Other,583.97,51,-0.21,-0.3522,0.22,1990
Cameroon,2000,59.65,Other,643.62,50,0.23,0.3871,0.22,2000
Cameroon,2001,47.65,Other,691.27,62,-12.0,-20.1174,0.17,2000
Cameroon,2002,47.55,Other,738.82,63,-0.1,-0.2099,0.17,2000
Cameroon,2003,47.42,Other,786.24,63,-0.13,-0.2734,0.16,2000
Cameroon,2004,47.88,Other,834.12,63,0.46,0.9701,0.16,2000
Cameroon,2005,47.95,Other,882.07,65,0.07,0.1462,0.15,2000
Cameroon,2006,48.29,Other,930.36,66,0.34,0.7091,0.15,2000
Cameroon,2007,49.47,Other,979.83,66,1.18,2.4436,0.15,2000
Cameroon,2008,49.57,Other,1029.4,66,0.1,0.2021,0.15,2000
Cameroon,2009,50.18,Other,1079.58,64,0.61,1.2306,0.15,2000
Cameroon,2010,50.41,Other,1129.99,64,0.23,0.4583,0.14,2010
Cameroon,2011,41.65,Other,1171.64,69,-8.76,-17.3775,0.12,2010
Cameroon,2012,40.77,Other,1212.41,72,-0.88,-2.1128,0.12,2010
Cameroon,2013,41.08,Other,1253.49,72,0.31,0.7604,0.12,2010
Cameroon,2014,41.46,Other,1294.95,70,0.38,0.925,0.12,2010
Cameroon,2015,41.72,Other,1336.67,70,0.26,0.6271,0.12,2010
Cameroon,2016,42.33,Other,1379.0,72,0.61,1.4621,0.12,2010
Cameroon,2017,42.1,Other,1421.1,72,-0.23,-0.5433,0.11,2010
Cameroon,2018,42.38,Other,1463.48,72,0.28,0.6651,0.11,2010
Canada,1990,483.99,North America,483.99,11,,,1.92,1990
Canada,1991,477.81,North America,961.8,11,-6.18,-1.2769,1.88,1990
Canada,1992,490.88,North America,1452.68,11,13.07,2.7354,1.94,1990
Canada,1993,487.56,North America,1940.24,10,-3.32,-0.6763,1.92,1990
Canada,1994,503.69,North America,2443.93,10,16.13,3.3083,1.98,1990
Canada,1995,514.62,North America,2958.55,10,10.93,2.17,1.97,1990
Canada,1996,528.32,North America,3486.87,11,13.7,2.6622,2.0,1990
Canada,1997,543.72,North America,4030.59,10,15.4,2.9149,1.98,1990
Canada,1998,552.1,North America,4582.69,10,8.38,1.5412,2.05,1990
Canada,1999,560.63,North America,5143.32,10,8.53,1.545,2.08,1990
Canada,2000,580.65,North America,5723.97,10,20.02,3.571,2.1,2000
Canada,2001,808.34,North America,6532.31,8,227.69,39.213,2.92,2000
Canada,2002,826.9,North America,7359.21,8,18.56,2.2961,2.91,2000
Canada,2003,846.79,North America,8206.0,7,19.89,2.4054,2.89,2000
Canada,2004,838.71,North America,9044.71,8,-8.08,-0.9542,2.73,2000
Canada,2005,851.37,North America,9896.08,7,12.66,1.5095,2.7,2000
Canada,2006,842.42,North America,10738.5,8,-8.95,-1.0512,2.57,2000
Canada,2007,872.59,North America,11611.09,7,30.17,3.5813,2.62,2000
Canada,2008,851.45,North America,12462.54,7,-21.14,-2.4227,2.54,2000
Canada,2009,822.04,North America,13284.58,8,-29.41,-3.4541,2.47,2000
Canada,2010,836.28,North America,14120.86,7,14.24,1.7323,2.4,2010
Canada,2011,682.88,North America,14803.74,9,-153.4,-18.3431,1.99,2010
Canada,2012,682.31,North America,15486.05,10,-0.57,-0.0835,1.97,2010
Canada,2013,691.53,North America,16177.58,10,9.22,1.3513,1.96,2010
Canada,2014,697.02,North America,16874.6,10,5.49,0.7939,1.97,2010
Canada,2015,693.99,North America,17568.59,10,-3.03,-0.4347,1.97,2010
Canada,2016,585.58,North America,18154.17,12,-108.41,-15.6213,1.62,2010
Canada,2017,597.4,North America,18751.57,12,11.82,2.0185,1.63,2010
Canada,2018,609.67,North America,19361.24,11,12.27,2.0539,1.63,2010
Cape Verde,1990,-0.41,Other,-0.41,187,,,-0.0,1990
Cape Verde,1991,-0.41,Other,-0.82,188,0.0,0.0,-0.0,1990
Cape Verde,1992,-0.4,Other,-1.22,187,0.01,-2.439,-0.0,1990
Cape Verde,1993,-0.4,Other,-1.62,186,0.0,0.0,-0.0,1990
Cape Verde,1994,-0.4,Other,-2.02,186,0.0,0.0,-0.0,1990
Cape Verde,1995,-0.39,Other,-2.41,186,0.01,-2.5,-0.0,1990
Cape Verde,1996,-0.37,Other,-2.78,186,0.02,-5.1282,-0.0,1990
Cape Verde,1997,-0.37,Other,-3.15,187,0.0,0.0,-0.0,1990
Cape Verde,1998,-0.35,Other,-3.5,187,0.02,-5.4054,-0.0,1990
Cape Verde,1999,-0.32,Other,-3.82,186,0.03,-8.5714,-0.0,1990
Cape Verde,2000,-0.29,Other,-4.11,186,0.03,-9.375,-0.0,2000
Cape Verde,2001,0.18,Other,-3.93,175,0.47,-162.069,0.0,2000
Cape Verde,2002,0.22,Other,-3.71,174,0.04,22.2222,0.0,2000
Cape Verde,2003,0.24,Other,-3.47,172,0.02,9.0909,0.0,2000
Cape Verde,2004,0.27,Other,-3.2,170,0.03,12.5,0.0,2000
Cape Verde,2005,0.38,Other,-2.82,169,0.11,40.7407,0.0,2000
Cape Verde,2006,0.44,Other,-2.38,167,0.06,15.7895,0.0,2000
Cape Verde,2007,0.4,Other,-1.98,169,-0.04,-9.0909,0.0,2000
Cape Verde,2008,0.41,Other,-1.57,169,0.01,2.5,0.0,2000
Cape Verde,2009,0.45,Other,-1.12,174,0.04,9.7561,0.0,2000
Cape Verde,2010,0.48,Other,-0.64,168,0.03,6.6667,0.0,2010
Cape Verde,2011,0.5,Other,-0.14,164,0.02,4.1667,0.0,2010
Cape Verde,2012,0.47,Other,0.33,166,-0.03,-6.0,0.0,2010
Cape Verde,2013,0.44,Other,0.77,168,-0.03,-6.383,0.0,2010
Cape Verde,2014,0.44,Other,1.21,167,0.0,0.0,0.0,2010
Cape Verde,2015,0.44,Other,1.65,167,0.0,0.0,0.0,2010
Cape Verde,2016,0.48,Other,2.13,171,0.04,9.0909,0.0,2010
Cape Verde,2017,0.53,Other,2.66,169,0.05,10.4167,0.0,2010
Cape Verde,2018,0.56,Other,3.22,169,0.03,5.6604,0.0,2010
Central African Republic,1990,14.12,Other,14.12,100,,,0.06,1990
Central African Republic,1991,14.11,Other,28.23,98,-0.01,-0.0708,0.06,1990
Central African Republic,1992,14.11,Other,42.34,98,0.0,0.0,0.06,1990
Central African Republic,1993,14.12,Other,56.46,98,0.01,0.0709,0.06,1990
Central African Republic,1994,14.12,Other,70.58,95,0.0,0.0,0.06,1990
Central African Republic,1995,14.13,Other,84.71,97,0.01,0.0708,0.05,1990
Central African Republic,1996,14.13,Other,98.84,99,0.0,0.0,0.05,1990
Central African Republic,1997,14.13,Other,112.97,101,0.0,0.0,0.05,1990
Central African Republic,1998,14.19,Other,127.16,101,0.06,0.4246,0.05,1990
Central African Republic,1999,14.2,Other,141.36,100,0.01,0.0705,0.05,1990
Central African Republic,2000,14.2,Other,155.56,102,0.0,0.0,0.05,2000
Central African Republic,2001,14.22,Other,169.78,102,0.02,0.1408,0.05,2000
Central African Republic,2002,14.21,Other,183.99,103,-0.01,-0.0703,0.05,2000
Central African Republic,2003,14.2,Other,198.19,107,-0.01,-0.0704,0.05,2000
Central African Republic,2004,14.2,Other,212.39,108,0.0,0.0,0.05,2000
Central African Republic,2005,14.2,Other,226.59,108,0.0,0.0,0.05,2000
Central African Republic,2006,14.22,Other,240.81,110,0.02,0.1408,0.04,2000
Central African Republic,2007,14.23,Other,255.04,110,0.01,0.0703,0.04,2000
Central African Republic,2008,14.23,Other,269.27,110,0.0,0.0,0.04,2000
Central African Republic,2009,14.23,Other,283.5,110,0.0,0.0,0.04,2000
Central African Republic,2010,14.24,Other,297.74,110,0.01,0.0703,0.04,2010
Central African Republic,2011,14.26,Other,312.0,109,0.02,0.1404,0.04,2010
Central African Republic,2012,14.27,Other,326.27,110,0.01,0.0701,0.04,2010
Central African Republic,2013,14.27,Other,340.54,111,0.0,0.0,0.04,2010
Central African Republic,2014,14.28,Other,354.82,110,0.01,0.0701,0.04,2010
Central African Republic,2015,14.28,Other,369.1,111,0.0,0.0,0.04,2010
Central African Republic,2016,14.29,Other,383.39,114,0.01,0.07,0.04,2010
Central African Republic,2017,14.29,Other,397.68,115,0.0,0.0,0.04,2010
Central African Republic,2018,14.31,Other,411.99,116,0.02,0.14,0.04,2010
Chad,1990,8.01,Other,8.01,120,,,0.03,1990
Chad,1991,8.02,Other,16.03,121,0.01,0.1248,0.03,1990
Chad,1992,8.03,Other,24.06,123,0.01,0.1247,0.03,1990
Chad,1993,8.04,Other,32.1,123,0.01,0.1245,0.03,1990
Chad,1994,8.05,Other,40.15,120,0.01,0.1244,0.03,1990
Chad,1995,8.06,Other,48.21,120,0.01,0.1242,0.03,1990
Chad,1996,8.07,Other,56.28,121,0.01,0.1241,0.03,1990
Chad,1997,8.09,Other,64.37,122,0.02,0.2478,0.03,1990
Chad,1998,8.1,Other,72.47,124,0.01,0.1236,0.03,1990
Chad,1999,8.12,Other,80.59,122,0.02,0.2469,0.03,1990
Chad,2000,8.13,Other,88.72,122,0.01,0.1232,0.03,2000
Chad,2001,17.2,Other,105.92,93,9.07,111.5621,0.06,2000
Chad,2002,17.21,Other,123.13,96,0.01,0.0581,0.06,2000
Chad,2003,17.44,Other,140.57,96,0.23,1.3364,0.06,2000
Chad,2004,17.45,Other,158.02,100,0.01,0.0573,0.06,2000
Chad,2005,17.47,Other,175.49,99,0.02,0.1146,0.06,2000
Chad,2006,17.49,Other,192.98,102,0.02,0.1145,0.05,2000
Chad,2007,17.55,Other,210.53,102,0.06,0.3431,0.05,2000
Chad,2008,17.63,Other,228.16,102,0.08,0.4558,0.05,2000
Chad,2009,17.64,Other,245.8,103,0.01,0.0567,0.05,2000
Chad,2010,17.7,Other,263.5,105,0.06,0.3401,0.05,2010
Chad,2011,26.72,Other,290.22,82,9.02,50.9605,0.08,2010
Chad,2012,26.79,Other,317.01,83,0.07,0.262,0.08,2010
Chad,2013,26.82,Other,343.83,84,0.03,0.112,0.08,2010
Chad,2014,26.83,Other,370.66,83,0.01,0.0373,0.08,2010
Chad,2015,26.87,Other,397.53,84,0.04,0.1491,0.08,2010
Chad,2016,24.35,Other,421.88,93,-2.52,-9.3785,0.07,2010
Chad,2017,24.36,Other,446.24,94,0.01,0.0411,0.07,2010
Chad,2018,24.4,Other,470.64,93,0.04,0.1642,0.07,2010
Chile,1990,13.05,Other,13.05,102,,,0.05,1990
Chile,1991,12.19,Other,25.24,107,-0.86,-6.59,0.05,1990
Chile,1992,14.12,Other,39.36,97,1.93,15.8326,0.06,1990
Chile,1993,14.94,Other,54.3,96,0.82,5.8074,0.06,1990
Chile,1994,18.01,Other,72.31,85,3.07,20.5489,0.07,1990
Chile,1995,20.89,Other,93.2,84,2.88,15.9911,0.08,1990
Chile,1996,26.69,Other,119.89,77,5.8,27.7645,0.1,1990
Chile,1997,33.19,Other,153.08,71,6.5,24.3537,0.12,1990
Chile,1998,34.04,Other,187.12,71,0.85,2.561,0.13,1990
Chile,1999,36.41,Other,223.53,70,2.37,6.9624,0.14,1990
Chile,2000,32.46,Other,255.99,72,-3.95,-10.8487,0.12,2000
Chile,2001,11.78,Other,267.77,114,-20.68,-63.7092,0.04,2000
Chile,2002,12.6,Other,280.37,113,0.82,6.961,0.04,2000
Chile,2003,13.83,Other,294.2,109,1.23,9.7619,0.05,2000
Chile,2004,18.64,Other,312.84,92,4.81,34.7795,0.06,2000
Chile,2005,19.63,Other,332.47,94,0.99,5.3112,0.06,2000
Chile,2006,20.96,Other,353.43,90,1.33,6.7753,0.06,2000
Chile,2007,28.66,Other,382.09,82,7.7,36.7366,0.09,2000
Chile,2008,32.16,Other,414.25,80,3.5,12.2121,0.1,2000
Chile,2009,29.28,Other,443.53,80,-2.88,-8.9552,0.09,2000
Chile,2010,33.63,Other,477.16,79,4.35,14.8566,0.1,2010
Chile,2011,-4.88,Other,472.28,192,-38.51,-114.5109,-0.01,2010
Chile,2012,-2.86,Other,469.42,191,2.02,-41.3934,-0.01,2010
Chile,2013,1.59,Other,471.01,156,4.45,-155.5944,0.0,2010
Chile,2014,-4.97,Other,466.04,191,-6.56,-412.5786,-0.01,2010
Chile,2015,0.62,Other,466.66,162,5.59,-112.4748,0.0,2010
Chile,2016,28.29,Other,494.95,85,27.67,4462.9032,0.08,2010
Chile,2017,29.17,Other,524.12,85,0.88,3.1106,0.08,2010
Chile,2018,28.75,Other,552.87,84,-0.42,-1.4398,0.08,2010
China,1990,1823.96,Asia,1823.96,3,,,7.22,1990
China,1991,1952.78,Asia,3776.74,3,128.82,7.0627,7.68,1990
China,1992,2068.77,Asia,5845.51,3,115.99,5.9397,8.19,1990
China,1993,2294.12,Asia,8139.63,3,225.35,10.8929,9.06,1990
China,1994,2414.5,Asia,10554.13,3,120.38,5.2473,9.5,1990
China,1995,2735.48,Asia,13289.61,3,320.98,13.2938,10.49,1990
China,1996,2715.5,Asia,16005.11,3,-19.98,-0.7304,10.26,1990
China,1997,2779.27,Asia,18784.38,3,63.77,2.3484,10.13,1990
China,1998,2882.75,Asia,21667.13,3,103.48,3.7233,10.68,1990
China,1999,2799.84,Asia,24466.97,3,-82.91,-2.8761,10.39,1990
China,2000,2994.73,Asia,27461.7,3,194.89,6.9608,10.86,2000
China,2001,3194.5,Asia,30656.2,2,199.77,6.6707,11.53,2000
China,2002,3476.08,Asia,34132.28,2,281.58,8.8145,12.23,2000
China,2003,4081.05,Asia,38213.33,2,604.97,17.4038,13.92,2000
China,2004,4789.59,Asia,43002.92,2,708.54,17.3617,15.57,2000
China,2005,5486.88,Asia,48489.8,1,697.29,14.5584,17.4,2000
China,2006,6099.67,Asia,54589.47,1,612.79,11.1683,18.64,2000
China,2007,6655.98,Asia,61245.45,1,556.31,9.1203,19.97,2000
China,2008,6862.78,Asia,68108.23,1,206.8,3.107,20.49,2000
China,2009,7382.89,Asia,75491.12,1,520.11,7.5787,22.22,2000
China,2010,8138.34,Asia,83629.46,1,755.45,10.2324,23.4,2010
China,2011,8568.09,Asia,92197.55,1,429.75,5.2806,24.97,2010
China,2012,8823.05,Asia,101020.6,1,254.96,2.9757,25.43,2010
China,2013,9226.51,Asia,110247.11,1,403.46,4.5728,26.21,2010
China,2014,9184.77,Asia,119431.88,1,-41.74,-0.4524,25.98,2010
China,2015,9120.27,Asia,128552.15,1,-64.5,-0.7022,25.84,2010
China,2016,9164.21,Asia,137716.36,1,43.94,0.4818,25.29,2010
China,2017,9367.67,Asia,147084.03,1,203.46,2.2202,25.57,2010
China,2018,9663.36,Asia,156747.39,1,295.69,3.1565,25.83,2010
Colombia,1990,141.35,South America,141.35,31,,,0.56,1990
Colombia,1991,143.07,South America,284.42,31,1.72,1.2168,0.56,1990
Colombia,1992,145.7,South America,430.12,30,2.63,1.8383,0.58,1990
Colombia,1993,148.27,South America,578.39,29,2.57,1.7639,0.59,1990
Colombia,1994,148.92,South America,727.31,29,0.65,0.4384,0.59,1990
Colombia,1995,151.59,South America,878.9,30,2.67,1.7929,0.58,1990
Colombia,1996,151.38,South America,1030.28,30,-0.21,-0.1385,0.57,1990
Colombia,1997,156.12,South America,1186.4,30,4.74,3.1312,0.57,1990
Colombia,1998,156.64,South America,1343.04,30,0.52,0.3331,0.58,1990
Colombia,1999,148.44,South America,1491.48,31,-8.2,-5.2349,0.55,1990
Colombia,2000,150.83,South America,1642.31,30,2.39,1.6101,0.55,2000
Colombia,2001,138.97,South America,1781.28,29,-11.86,-7.8632,0.5,2000
Colombia,2002,136.86,South America,1918.14,30,-2.11,-1.5183,0.48,2000
Colombia,2003,136.47,South America,2054.61,30,-0.39,-0.285,0.47,2000
Colombia,2004,136.72,South America,2191.33,32,0.25,0.1832,0.44,2000
Colombia,2005,138.41,South America,2329.74,33,1.69,1.2361,0.44,2000
Colombia,2006,138.22,South America,2467.96,33,-0.19,-0.1373,0.42,2000
Colombia,2007,139.7,South America,2607.66,33,1.48,1.0708,0.42,2000
Colombia,2008,140.52,South America,2748.18,34,0.82,0.587,0.42,2000
Colombia,2009,143.48,South America,2891.66,35,2.96,2.1065,0.43,2000
Colombia,2010,145.22,South America,3036.88,35,1.74,1.2127,0.42,2010
Colombia,2011,126.41,South America,3163.29,36,-18.81,-12.9528,0.37,2010
Colombia,2012,126.78,South America,3290.07,36,0.37,0.2927,0.37,2010
Colombia,2013,134.29,South America,3424.36,36,7.51,5.9236,0.38,2010
Colombia,2014,136.32,South America,3560.68,38,2.03,1.5117,0.39,2010
Colombia,2015,137.53,South America,3698.21,38,1.21,0.8876,0.39,2010
Colombia,2016,166.72,South America,3864.93,35,29.19,21.2245,0.46,2010
Colombia,2017,159.03,South America,4023.96,35,-7.69,-4.6125,0.43,2010
Colombia,2018,162.46,South America,4186.42,36,3.43,2.1568,0.43,2010
Comoros,1990,0.12,Other,0.12,170,,,0.0,1990
Comoros,1991,0.12,Other,0.24,171,0.0,0.0,0.0,1990
Comoros,1992,0.13,Other,0.37,173,0.01,8.3333,0.0,1990
Comoros,1993,0.13,Other,0.5,170,0.0,0.0,0.0,1990
Comoros,1994,0.13,Other,0.63,172,0.0,0.0,0.0,1990
Comoros,1995,0.14,Other,0.77,173,0.01,7.6923,0.0,1990
Comoros,1996,0.14,Other,0.91,172,0.0,0.0,0.0,1990
Comoros,1997,0.14,Other,1.05,174,0.0,0.0,0.0,1990
Comoros,1998,0.15,Other,1.2,174,0.01,7.1429,0.0,1990
Comoros,1999,0.15,Other,1.35,174,0.0,0.0,0.0,1990
Comoros,2000,0.16,Other,1.51,174,0.01,6.6667,0.0,2000
Comoros,2001,0.17,Other,1.68,176,0.01,6.25,0.0,2000
Comoros,2002,0.17,Other,1.85,176,0.0,0.0,0.0,2000
Comoros,2003,0.19,Other,2.04,176,0.02,11.7647,0.0,2000
Comoros,2004,0.21,Other,2.25,176,0.02,10.5263,0.0,2000
Comoros,2005,0.2,Other,2.45,177,-0.01,-4.7619,0.0,2000
Comoros,2006,0.21,Other,2.66,177,0.01,5.0,0.0,2000
Comoros,2007,0.18,Other,2.84,177,-0.03,-14.2857,0.0,2000
Comoros,2008,0.18,Other,3.02,177,0.0,0.0,0.0,2000
Comoros,2009,0.19,Other,3.21,178,0.01,5.5556,0.0,2000
Comoros,2010,0.22,Other,3.43,176,0.03,15.7895,0.0,2010
Comoros,2011,0.21,Other,3.64,176,-0.01,-4.5455,0.0,2010
Comoros,2012,0.21,Other,3.85,175,0.0,0.0,0.0,2010
Comoros,2013,0.24,Other,4.09,173,0.03,14.2857,0.0,2010
Comoros,2014,0.22,Other,4.31,173,-0.02,-8.3333,0.0,2010
Comoros,2015,0.24,Other,4.55,172,0.02,9.0909,0.0,2010
Comoros,2016,0.26,Other,4.81,177,0.02,8.3333,0.0,2010
Comoros,2017,0.31,Other,5.12,175,0.05,19.2308,0.0,2010
Comoros,2018,0.32,Other,5.44,175,0.01,3.2258,0.0,2010
Cook Islands,1990,0.02,Other,0.02,179,,,0.0,1990
Cook Islands,1991,0.02,Other,0.04,180,0.0,0.0,0.0,1990
Cook Islands,1992,0.02,Other,0.06,182,0.0,0.0,0.0,1990
Cook Islands,1993,0.02,Other,0.08,181,0.0,0.0,0.0,1990
Cook Islands,1994,0.02,Other,0.1,182,0.0,0.0,0.0,1990
Cook Islands,1995,0.02,Other,0.12,182,0.0,0.0,0.0,1990
Cook Islands,1996,0.02,Other,0.14,182,0.0,0.0,0.0,1990
Cook Islands,1997,0.02,Other,0.16,183,0.0,0.0,0.0,1990
Cook Islands,1998,0.02,Other,0.18,183,0.0,0.0,0.0,1990
Cook Islands,1999,0.03,Other,0.21,182,0.01,50.0,0.0,1990
Cook Islands,2000,0.03,Other,0.24,183,0.0,0.0,0.0,2000
Cook Islands,2001,0.04,Other,0.28,184,0.01,33.3333,0.0,2000
Cook Islands,2002,0.04,Other,0.32,184,0.0,0.0,0.0,2000
Cook Islands,2003,0.04,Other,0.36,185,0.0,0.0,0.0,2000
Cook Islands,2004,0.05,Other,0.41,184,0.01,25.0,0.0,2000
Cook Islands,2005,0.06,Other,0.47,186,0.01,20.0,0.0,2000
Cook Islands,2006,0.06,Other,0.53,185,0.0,0.0,0.0,2000
Cook Islands,2007,0.06,Other,0.59,184,0.0,0.0,0.0,2000
Cook Islands,2008,0.06,Other,0.65,184,0.0,0.0,0.0,2000
Cook Islands,2009,0.05,Other,0.7,185,-0.01,-16.6667,0.0,2000
Cook Islands,2010,0.06,Other,0.76,185,0.01,20.0,0.0,2010
Cook Islands,2011,0.06,Other,0.82,184,0.0,0.0,0.0,2010
Cook Islands,2012,0.07,Other,0.89,183,0.01,16.6667,0.0,2010
Cook Islands,2013,0.07,Other,0.96,184,0.0,0.0,0.0,2010
Cook Islands,2014,0.07,Other,1.03,182,0.0,0.0,0.0,2010
Cook Islands,2015,0.06,Other,1.09,183,-0.01,-14.2857,0.0,2010
Cook Islands,2016,0.07,Other,1.16,188,0.01,16.6667,0.0,2010
Cook Islands,2017,0.08,Other,1.24,187,0.01,14.2857,0.0,2010
Cook Islands,2018,0.08,Other,1.32,187,0.0,0.0,0.0,2010
Costa Rica,1990,5.33,Other,5.33,135,,,0.02,1990
Costa Rica,1991,5.53,Other,10.86,132,0.2,3.7523,0.02,1990
Costa Rica,1992,6.61,Other,17.47,129,1.08,19.5298,0.03,1990
Costa Rica,1993,6.65,Other,24.12,127,0.04,0.6051,0.03,1990
Costa Rica,1994,7.32,Other,31.44,123,0.67,10.0752,0.03,1990
Costa Rica,1995,7.28,Other,38.72,123,-0.04,-0.5464,0.03,1990
Costa Rica,1996,6.99,Other,45.71,125,-0.29,-3.9835,0.03,1990
Costa Rica,1997,6.96,Other,52.67,127,-0.03,-0.4292,0.03,1990
Costa Rica,1998,7.48,Other,60.15,125,0.52,7.4713,0.03,1990
Costa Rica,1999,7.5,Other,67.65,123,0.02,0.2674,0.03,1990
Costa Rica,2000,7.41,Other,75.06,124,-0.09,-1.2,0.03,2000
Costa Rica,2001,4.97,Other,80.03,135,-2.44,-32.9285,0.02,2000
Costa Rica,2002,5.07,Other,85.1,134,0.1,2.0121,0.02,2000
Costa Rica,2003,5.34,Other,90.44,135,0.27,5.3254,0.02,2000
Costa Rica,2004,5.48,Other,95.92,135,0.14,2.6217,0.02,2000
Costa Rica,2005,5.81,Other,101.73,134,0.33,6.0219,0.02,2000
Costa Rica,2006,6.09,Other,107.82,134,0.28,4.8193,0.02,2000
Costa Rica,2007,7.14,Other,114.96,133,1.05,17.2414,0.02,2000
Costa Rica,2008,7.06,Other,122.02,135,-0.08,-1.1204,0.02,2000
Costa Rica,2009,6.74,Other,128.76,133,-0.32,-4.5326,0.02,2000
Costa Rica,2010,6.65,Other,135.41,134,-0.09,-1.3353,0.02,2010
Costa Rica,2011,0.16,Other,135.57,178,-6.49,-97.594,0.0,2010
Costa Rica,2012,0.18,Other,135.75,178,0.02,12.5,0.0,2010
Costa Rica,2013,0.51,Other,136.26,164,0.33,183.3333,0.0,2010
Costa Rica,2014,0.54,Other,136.8,162,0.03,5.8824,0.0,2010
Costa Rica,2015,0.25,Other,137.05,171,-0.29,-53.7037,0.0,2010
Costa Rica,2016,0.79,Other,137.84,167,0.54,216.0,0.0,2010
Costa Rica,2017,0.88,Other,138.72,167,0.09,11.3924,0.0,2010
Costa Rica,2018,0.95,Other,139.67,167,0.07,7.9545,0.0,2010
Croatia,1990,19.48,Other,19.48,90,,,0.08,1990
Croatia,1991,13.78,Other,33.26,99,-5.7,-29.2608,0.05,1990
Croatia,1992,14.1,Other,47.36,99,0.32,2.3222,0.06,1990
Croatia,1993,14.64,Other,62.0,97,0.54,3.8298,0.06,1990
Croatia,1994,13.98,Other,75.98,96,-0.66,-4.5082,0.05,1990
Croatia,1995,14.55,Other,90.53,93,0.57,4.0773,0.06,1990
Croatia,1996,14.49,Other,105.02,95,-0.06,-0.4124,0.05,1990
Croatia,1997,16.2,Other,121.22,94,1.71,11.8012,0.06,1990
Croatia,1998,17.62,Other,138.84,90,1.42,8.7654,0.07,1990
Croatia,1999,17.65,Other,156.49,91,0.03,0.1703,0.07,1990
Croatia,2000,17.19,Other,173.68,93,-0.46,-2.6062,0.06,2000
Croatia,2001,18.37,Other,192.05,90,1.18,6.8645,0.07,2000
Croatia,2002,19.45,Other,211.5,89,1.08,5.8792,0.07,2000
Croatia,2003,20.78,Other,232.28,88,1.33,6.838,0.07,2000
Croatia,2004,20.27,Other,252.55,90,-0.51,-2.4543,0.07,2000
Croatia,2005,20.63,Other,273.18,90,0.36,1.776,0.07,2000
Croatia,2006,20.79,Other,293.97,91,0.16,0.7756,0.06,2000
Croatia,2007,22.06,Other,316.03,91,1.27,6.1087,0.07,2000
Croatia,2008,20.91,Other,336.94,93,-1.15,-5.2131,0.06,2000
Croatia,2009,19.48,Other,356.42,95,-1.43,-6.8388,0.06,2000
Croatia,2010,18.63,Other,375.05,101,-0.85,-4.3634,0.05,2010
Croatia,2011,17.54,Other,392.59,101,-1.09,-5.8508,0.05,2010
Croatia,2012,15.96,Other,408.55,103,-1.58,-9.008,0.05,2010
Croatia,2013,15.54,Other,424.09,102,-0.42,-2.6316,0.04,2010
Croatia,2014,14.84,Other,438.93,107,-0.7,-4.5045,0.04,2010
Croatia,2015,15.18,Other,454.11,106,0.34,2.2911,0.04,2010
Croatia,2016,12.59,Other,466.7,119,-2.59,-17.0619,0.03,2010
Croatia,2017,13.14,Other,479.84,120,0.55,4.3685,0.04,2010
Croatia,2018,12.24,Other,492.08,120,-0.9,-6.8493,0.03,2010
Cuba,1990,24.59,Other,24.59,83,,,0.1,1990
Cuba,1991,16.6,Other,41.19,94,-7.99,-32.4929,0.07,1990
Cuba,1992,11.27,Other,52.46,110,-5.33,-32.1084,0.04,1990
Cuba,1993,9.26,Other,61.72,114,-2.01,-17.835,0.04,1990
Cuba,1994,10.79,Other,72.51,110,1.53,16.5227,0.04,1990
Cuba,1995,12.25,Other,84.76,107,1.46,13.531,0.05,1990
Cuba,1996,14.2,Other,98.96,96,1.95,15.9184,0.05,1990
Cuba,1997,16.58,Other,115.54,92,2.38,16.7606,0.06,1990
Cuba,1998,16.12,Other,131.66,95,-0.46,-2.7744,0.06,1990
Cuba,1999,17.0,Other,148.66,94,0.88,5.4591,0.06,1990
Cuba,2000,17.38,Other,166.04,91,0.38,2.2353,0.06,2000
Cuba,2001,16.94,Other,182.98,96,-0.44,-2.5316,0.06,2000
Cuba,2002,15.71,Other,198.69,100,-1.23,-7.2609,0.06,2000
Cuba,2003,14.97,Other,213.66,104,-0.74,-4.7104,0.05,2000
Cuba,2004,14.72,Other,228.38,106,-0.25,-1.67,0.05,2000
Cuba,2005,15.6,Other,243.98,106,0.88,5.9783,0.05,2000
Cuba,2006,16.05,Other,260.03,105,0.45,2.8846,0.05,2000
Cuba,2007,16.95,Other,276.98,105,0.9,5.6075,0.05,2000
Cuba,2008,16.06,Other,293.04,105,-0.89,-5.2507,0.05,2000
Cuba,2009,16.85,Other,309.89,104,0.79,4.9191,0.05,2000
Cuba,2010,20.01,Other,329.9,97,3.16,18.7537,0.06,2010
Cuba,2011,15.83,Other,345.73,103,-4.18,-20.8896,0.05,2010
Cuba,2012,16.14,Other,361.87,102,0.31,1.9583,0.05,2010
Cuba,2013,14.64,Other,376.51,108,-1.5,-9.2937,0.04,2010
Cuba,2014,14.17,Other,390.68,111,-0.47,-3.2104,0.04,2010
Cuba,2015,14.78,Other,405.46,109,0.61,4.3049,0.04,2010
Cuba,2016,25.4,Other,430.86,89,10.62,71.8539,0.07,2010
Cuba,2017,22.6,Other,453.46,95,-2.8,-11.0236,0.06,2010
Cuba,2018,21.92,Other,475.38,97,-0.68,-3.0088,0.06,2010
Cyprus,1990,4.49,Other,4.49,137,,,0.02,1990
Cyprus,1991,5.0,Other,9.49,135,0.51,11.3586,0.02,1990
Cyprus,1992,5.36,Other,14.85,133,0.36,7.2,0.02,1990
Cyprus,1993,5.62,Other,20.47,129,0.26,4.8507,0.02,1990
Cyprus,1994,5.86,Other,26.33,128,0.24,4.2705,0.02,1990
Cyprus,1995,5.73,Other,32.06,130,-0.13,-2.2184,0.02,1990
Cyprus,1996,6.09,Other,38.15,128,0.36,6.2827,0.02,1990
Cyprus,1997,6.18,Other,44.33,132,0.09,1.4778,0.02,1990
Cyprus,1998,6.48,Other,50.81,130,0.3,4.8544,0.02,1990
Cyprus,1999,6.74,Other,57.55,128,0.26,4.0123,0.03,1990
Cyprus,2000,7.0,Other,64.55,126,0.26,3.8576,0.03,2000
Cyprus,2001,6.67,Other,71.22,129,-0.33,-4.7143,0.02,2000
Cyprus,2002,6.85,Other,78.07,130,0.18,2.6987,0.02,2000
Cyprus,2003,7.51,Other,85.58,129,0.66,9.635,0.03,2000
Cyprus,2004,7.45,Other,93.03,129,-0.06,-0.7989,0.02,2000
Cyprus,2005,7.61,Other,100.64,129,0.16,2.1477,0.02,2000
Cyprus,2006,7.67,Other,108.31,129,0.06,0.7884,0.02,2000
Cyprus,2007,7.97,Other,116.28,129,0.3,3.9113,0.02,2000
Cyprus,2008,8.13,Other,124.41,127,0.16,2.0075,0.02,2000
Cyprus,2009,7.91,Other,132.32,128,-0.22,-2.706,0.02,2000
Cyprus,2010,7.55,Other,139.87,131,-0.36,-4.5512,0.02,2010
Cyprus,2011,7.23,Other,147.1,132,-0.32,-4.2384,0.02,2010
Cyprus,2012,6.7,Other,153.8,135,-0.53,-7.3306,0.02,2010
Cyprus,2013,6.07,Other,159.87,135,-0.63,-9.403,0.02,2010
Cyprus,2014,6.43,Other,166.3,135,0.36,5.9308,0.02,2010
Cyprus,2015,6.46,Other,172.76,134,0.03,0.4666,0.02,2010
Cyprus,2016,6.9,Other,179.66,137,0.44,6.8111,0.02,2010
Cyprus,2017,7.05,Other,186.71,137,0.15,2.1739,0.02,2010
Cyprus,2018,6.98,Other,193.69,140,-0.07,-0.9929,0.02,2010
Czech Republic,1990,140.76,Other,140.76,32,,,0.56,1990
Czech Republic,1991,127.46,Other,268.22,32,-13.3,-9.4487,0.5,1990
Czech Republic,1992,124.7,Other,392.92,34,-2.76,-2.1654,0.49,1990
Czech Republic,1993,121.54,Other,514.46,34,-3.16,-2.5341,0.48,1990
Czech Republic,1994,115.27,Other,629.73,35,-6.27,-5.1588,0.45,1990
Czech Republic,1995,115.74,Other,745.47,35,0.47,0.4077,0.44,1990
Czech Republic,1996,117.3,Other,862.77,35,1.56,1.3478,0.44,1990
Czech Republic,1997,115.35,Other,978.12,35,-1.95,-1.6624,0.42,1990
Czech Republic,1998,109.48,Other,1087.6,36,-5.87,-5.0889,0.41,1990
Czech Republic,1999,102.5,Other,1190.1,38,-6.98,-6.3756,0.38,1990
Czech Republic,2000,113.72,Other,1303.82,35,11.22,10.9463,0.41,2000
Czech Republic,2001,115.78,Other,1419.6,34,2.06,1.8115,0.42,2000
Czech Republic,2002,111.58,Other,1531.18,36,-4.2,-3.6276,0.39,2000
Czech Republic,2003,115.82,Other,1647.0,35,4.24,3.8,0.4,2000
Czech Republic,2004,116.49,Other,1763.49,36,0.67,0.5785,0.38,2000
Czech Republic,2005,113.05,Other,1876.54,37,-3.44,-2.953,0.36,2000
Czech Republic,2006,113.65,Other,1990.19,38,0.6,0.5307,0.35,2000
Czech Republic,2007,116.68,Other,2106.87,38,3.03,2.6661,0.35,2000
Czech Republic,2008,111.36,Other,2218.23,39,-5.32,-4.5595,0.33,2000
Czech Republic,2009,104.22,Other,2322.45,41,-7.14,-6.4116,0.31,2000
Czech Republic,2010,106.98,Other,2429.43,42,2.76,2.6482,0.31,2010
Czech Republic,2011,107.35,Other,2536.78,41,0.37,0.3459,0.31,2010
Czech Republic,2012,103.54,Other,2640.32,41,-3.81,-3.5491,0.3,2010
Czech Republic,2013,99.08,Other,2739.4,43,-4.46,-4.3075,0.28,2010
Czech Republic,2014,96.12,Other,2835.52,43,-2.96,-2.9875,0.27,2010
Czech Republic,2015,97.35,Other,2932.87,43,1.23,1.2797,0.28,2010
Czech Republic,2016,97.04,Other,3029.91,44,-0.31,-0.3184,0.27,2010
Czech Republic,2017,97.6,Other,3127.51,44,0.56,0.5771,0.27,2010
Czech Republic,2018,96.66,Other,3224.17,45,-0.94,-0.9631,0.26,2010
Côte d'Ivoire,1990,63.0,Other,63.0,48,,,0.25,1990
Côte d'Ivoire,1991,63.09,Other,126.09,48,0.09,0.1429,0.25,1990
Côte d'Ivoire,1992,63.07,Other,189.16,46,-0.02,-0.0317,0.25,1990
Côte d'Ivoire,1993,63.25,Other,252.41,46,0.18,0.2854,0.25,1990
Côte d'Ivoire,1994,63.39,Other,315.8,48,0.14,0.2213,0.25,1990
Côte d'Ivoire,1995,63.77,Other,379.57,48,0.38,0.5995,0.24,1990
Côte d'Ivoire,1996,64.42,Other,443.99,50,0.65,1.0193,0.24,1990
Côte d'Ivoire,1997,65.37,Other,509.36,48,0.95,1.4747,0.24,1990
Côte d'Ivoire,1998,65.46,Other,574.82,48,0.09,0.1377,0.24,1990
Côte d'Ivoire,1999,67.32,Other,642.14,47,1.86,2.8414,0.25,1990
Côte d'Ivoire,2000,66.99,Other,709.13,48,-0.33,-0.4902,0.24,2000
Côte d'Ivoire,2001,32.84,Other,741.97,75,-34.15,-50.9778,0.12,2000
Côte d'Ivoire,2002,32.96,Other,774.93,76,0.12,0.3654,0.12,2000
Côte d'Ivoire,2003,31.74,Other,806.67,76,-1.22,-3.7015,0.11,2000
Côte d'Ivoire,2004,32.01,Other,838.68,76,0.27,0.8507,0.1,2000
Côte d'Ivoire,2005,32.4,Other,871.08,77,0.39,1.2184,0.1,2000
Côte d'Ivoire,2006,32.21,Other,903.29,80,-0.19,-0.5864,0.1,2000
Côte d'Ivoire,2007,32.14,Other,935.43,79,-0.07,-0.2173,0.1,2000
Côte d'Ivoire,2008,32.95,Other,968.38,79,0.81,2.5202,0.1,2000
Côte d'Ivoire,2009,32.52,Other,1000.9,77,-0.43,-1.305,0.1,2000
Côte d'Ivoire,2010,32.83,Other,1033.73,80,0.31,0.9533,0.09,2010
Côte d'Ivoire,2011,32.6,Other,1066.33,80,-0.23,-0.7006,0.1,2010
Côte d'Ivoire,2012,34.5,Other,1100.83,79,1.9,5.8282,0.1,2010
Côte d'Ivoire,2013,35.08,Other,1135.91,76,0.58,1.6812,0.1,2010
Côte d'Ivoire,2014,35.59,Other,1171.5,75,0.51,1.4538,0.1,2010
Côte d'Ivoire,2015,36.19,Other,1207.69,75,0.6,1.6859,0.1,2010
Côte d'Ivoire,2016,35.96,Other,1243.65,78,-0.23,-0.6355,0.1,2010
Côte d'Ivoire,2017,37.02,Other,1280.67,76,1.06,2.9477,0.1,2010
Côte d'Ivoire,2018,36.55,Other,1317.22,77,-0.47,-1.2696,0.1,2010
Democratic Republic of the Congo,1990,370.89,Other,370.89,12,,,1.47,1990
Democratic Republic of the Congo,1991,369.45,Other,740.34,14,-1.44,-0.3883,1.45,1990
Democratic Republic of the Congo,1992,369.19,Other,1109.53,13,-0.26,-0.0704,1.46,1990
Democratic Republic of the Congo,1993,369.14,Other,1478.67,13,-0.05,-0.0135,1.46,1990
Democratic Republic of the Congo,1994,369.0,Other,1847.67,12,-0.14,-0.0379,1.45,1990
Democratic Republic of the Congo,1995,368.95,Other,2216.62,13,-0.05,-0.0136,1.41,1990
Democratic Republic of the Congo,1996,368.97,Other,2585.59,13,0.02,0.0054,1.39,1990
Democratic Republic of the Congo,1997,368.92,Other,2954.51,15,-0.05,-0.0136,1.34,1990
Democratic Republic of the Congo,1998,369.04,Other,3323.55,15,0.12,0.0325,1.37,1990
Democratic Republic of the Congo,1999,369.03,Other,3692.58,15,-0.01,-0.0027,1.37,1990
Democratic Republic of the Congo,2000,368.63,Other,4061.21,16,-0.4,-0.1084,1.34,2000
Democratic Republic of the Congo,2001,368.5,Other,4429.71,15,-0.13,-0.0353,1.33,2000
Democratic Republic of the Congo,2002,368.58,Other,4798.29,15,0.08,0.0217,1.3,2000
Democratic Republic of the Congo,2003,368.77,Other,5167.06,15,0.19,0.0515,1.26,2000
Democratic Republic of the Congo,2004,368.87,Other,5535.93,17,0.1,0.0271,1.2,2000
Democratic Republic of the Congo,2005,369.19,Other,5905.12,17,0.32,0.0868,1.17,2000
Democratic Republic of the Congo,2006,369.3,Other,6274.42,18,0.11,0.0298,1.13,2000
Democratic Republic of the Congo,2007,369.45,Other,6643.87,18,0.15,0.0406,1.11,2000
Democratic Republic of the Congo,2008,369.57,Other,7013.44,19,0.12,0.0325,1.1,2000
Democratic Republic of the Congo,2009,369.61,Other,7383.05,18,0.04,0.0108,1.11,2000
Democratic Republic of the Congo,2010,369.76,Other,7752.81,19,0.15,0.0406,1.06,2010
Democratic Republic of the Congo,2011,603.89,Other,8356.7,11,234.13,63.3195,1.76,2010
Democratic Republic of the Congo,2012,603.8,Other,8960.5,11,-0.09,-0.0149,1.74,2010
Democratic Republic of the Congo,2013,605.02,Other,9565.52,11,1.22,0.2021,1.72,2010
Democratic Republic of the Congo,2014,606.16,Other,10171.68,12,1.14,0.1884,1.71,2010
Democratic Republic of the Congo,2015,604.26,Other,10775.94,11,-1.9,-0.3134,1.71,2010
Democratic Republic of the Congo,2016,603.43,Other,11379.37,11,-0.83,-0.1374,1.67,2010
Democratic Republic of the Congo,2017,603.66,Other,11983.03,11,0.23,0.0381,1.65,2010
Democratic Republic of the Congo,2018,603.57,Other,12586.6,12,-0.09,-0.0149,1.61,2010
Denmark,1990,52.43,Other,52.43,55,,,0.21,1990
Denmark,1991,63.07,Other,115.5,49,10.64,20.2937,0.25,1990
Denmark,1992,57.35,Other,172.85,50,-5.72,-9.0693,0.23,1990
Denmark,1993,59.63,Other,232.48,49,2.28,3.9756,0.24,1990
Denmark,1994,63.53,Other,296.01,47,3.9,6.5403,0.25,1990
Denmark,1995,60.26,Other,356.27,49,-3.27,-5.1472,0.23,1990
Denmark,1996,73.65,Other,429.92,46,13.39,22.2204,0.28,1990
Denmark,1997,64.06,Other,493.98,49,-9.59,-13.021,0.23,1990
Denmark,1998,60.08,Other,554.06,50,-3.98,-6.2129,0.22,1990
Denmark,1999,57.29,Other,611.35,53,-2.79,-4.6438,0.21,1990
Denmark,2000,53.04,Other,664.39,56,-4.25,-7.4184,0.19,2000
Denmark,2001,53.84,Other,718.23,55,0.8,1.5083,0.19,2000
Denmark,2002,53.96,Other,772.19,55,0.12,0.2229,0.19,2000
Denmark,2003,59.33,Other,831.52,54,5.37,9.9518,0.2,2000
Denmark,2004,53.87,Other,885.39,58,-5.46,-9.2028,0.18,2000
Denmark,2005,50.25,Other,935.64,62,-3.62,-6.7199,0.16,2000
Denmark,2006,58.19,Other,993.83,55,7.94,15.801,0.18,2000
Denmark,2007,53.38,Other,1047.21,62,-4.81,-8.266,0.16,2000
Denmark,2008,50.1,Other,1097.31,65,-3.28,-6.1446,0.15,2000
Denmark,2009,47.87,Other,1145.18,66,-2.23,-4.4511,0.14,2000
Denmark,2010,48.16,Other,1193.34,67,0.29,0.6058,0.14,2010
Denmark,2011,41.14,Other,1234.48,71,-7.02,-14.5764,0.12,2010
Denmark,2012,36.25,Other,1270.73,77,-4.89,-11.8862,0.1,2010
Denmark,2013,38.03,Other,1308.76,73,1.78,4.9103,0.11,2010
Denmark,2014,33.81,Other,1342.57,77,-4.22,-11.0965,0.1,2010
Denmark,2015,31.65,Other,1374.22,79,-2.16,-6.3886,0.09,2010
Denmark,2016,36.23,Other,1410.45,77,4.58,14.4708,0.1,2010
Denmark,2017,34.19,Other,1444.64,80,-2.04,-5.6307,0.09,2010
Denmark,2018,34.23,Other,1478.87,80,0.04,0.117,0.09,2010
Djibouti,1990,0.33,Other,0.33,163,,,0.0,1990
Djibouti,1991,0.34,Other,0.67,164,0.01,3.0303,0.0,1990
Djibouti,1992,0.34,Other,1.01,163,0.0,0.0,0.0,1990
Djibouti,1993,0.34,Other,1.35,161,0.0,0.0,0.0,1990
Djibouti,1994,0.33,Other,1.68,160,-0.01,-2.9412,0.0,1990
Djibouti,1995,0.33,Other,2.01,161,0.0,0.0,0.0,1990
Djibouti,1996,0.34,Other,2.35,162,0.01,3.0303,0.0,1990
Djibouti,1997,0.35,Other,2.7,163,0.01,2.9412,0.0,1990
Djibouti,1998,0.35,Other,3.05,164,0.0,0.0,0.0,1990
Djibouti,1999,0.35,Other,3.4,165,0.0,0.0,0.0,1990
Djibouti,2000,0.37,Other,3.77,165,0.02,5.7143,0.0,2000
Djibouti,2001,0.38,Other,4.15,166,0.01,2.7027,0.0,2000
Djibouti,2002,0.4,Other,4.55,166,0.02,5.2632,0.0,2000
Djibouti,2003,0.41,Other,4.96,166,0.01,2.5,0.0,2000
Djibouti,2004,0.4,Other,5.36,166,-0.01,-2.439,0.0,2000
Djibouti,2005,0.43,Other,5.79,167,0.03,7.5,0.0,2000
Djibouti,2006,0.43,Other,6.22,169,0.0,0.0,0.0,2000
Djibouti,2007,0.47,Other,6.69,167,0.04,9.3023,0.0,2000
Djibouti,2008,0.47,Other,7.16,168,0.0,0.0,0.0,2000
Djibouti,2009,0.46,Other,7.62,173,-0.01,-2.1277,0.0,2000
Djibouti,2010,0.52,Other,8.14,165,0.06,13.0435,0.0,2010
Djibouti,2011,0.48,Other,8.62,166,-0.04,-7.6923,0.0,2010
Djibouti,2012,0.51,Other,9.13,164,0.03,6.25,0.0,2010
Djibouti,2013,0.56,Other,9.69,163,0.05,9.8039,0.0,2010
Djibouti,2014,0.46,Other,10.15,164,-0.1,-17.8571,0.0,2010
Djibouti,2015,0.54,Other,10.69,163,0.08,17.3913,0.0,2010
Djibouti,2016,0.49,Other,11.18,170,-0.05,-9.2593,0.0,2010
Djibouti,2017,0.47,Other,11.65,171,-0.02,-4.0816,0.0,2010
Djibouti,2018,0.49,Other,12.14,171,0.02,4.2553,0.0,2010
Dominica,1990,0.12,Other,0.12,170,,,0.0,1990
Dominica,1991,0.12,Other,0.24,171,0.0,0.0,0.0,1990
Dominica,1992,0.14,Other,0.38,172,0.02,16.6667,0.0,1990
Dominica,1993,0.13,Other,0.51,170,-0.01,-7.1429,0.0,1990
Dominica,1994,0.13,Other,0.64,172,0.0,0.0,0.0,1990
Dominica,1995,0.15,Other,0.79,171,0.02,15.3846,0.0,1990
Dominica,1996,0.13,Other,0.92,173,-0.02,-13.3333,0.0,1990
Dominica,1997,0.16,Other,1.08,172,0.03,23.0769,0.0,1990
Dominica,1998,0.16,Other,1.24,173,0.0,0.0,0.0,1990
Dominica,1999,0.17,Other,1.41,173,0.01,6.25,0.0,1990
Dominica,2000,0.19,Other,1.6,172,0.02,11.7647,0.0,2000
Dominica,2001,0.14,Other,1.74,177,-0.05,-26.3158,0.0,2000
Dominica,2002,0.11,Other,1.85,178,-0.03,-21.4286,0.0,2000
Dominica,2003,0.13,Other,1.98,177,0.02,18.1818,0.0,2000
Dominica,2004,0.14,Other,2.12,177,0.01,7.6923,0.0,2000
Dominica,2005,0.15,Other,2.27,178,0.01,7.1429,0.0,2000
Dominica,2006,0.16,Other,2.43,178,0.01,6.6667,0.0,2000
Dominica,2007,0.17,Other,2.6,178,0.01,6.25,0.0,2000
Dominica,2008,0.17,Other,2.77,178,0.0,0.0,0.0,2000
Dominica,2009,0.49,Other,3.26,172,0.32,188.2353,0.0,2000
Dominica,2010,0.17,Other,3.43,179,-0.32,-65.3061,0.0,2010
Dominica,2011,0.16,Other,3.59,178,-0.01,-5.8824,0.0,2010
Dominica,2012,0.25,Other,3.84,174,0.09,56.25,0.0,2010
Dominica,2013,0.17,Other,4.01,178,-0.08,-32.0,0.0,2010
Dominica,2014,0.17,Other,4.18,176,0.0,0.0,0.0,2010
Dominica,2015,0.17,Other,4.35,177,0.0,0.0,0.0,2010
Dominica,2016,0.17,Other,4.52,183,0.0,0.0,0.0,2010
Dominica,2017,0.15,Other,4.67,185,-0.02,-11.7647,0.0,2010
Dominica,2018,0.16,Other,4.83,184,0.01,6.6667,0.0,2010
Dominican Republic,1990,0.59,Other,0.59,157,,,0.0,1990
Dominican Republic,1991,0.96,Other,1.55,156,0.37,62.7119,0.0,1990
Dominican Republic,1992,2.35,Other,3.9,145,1.39,144.7917,0.01,1990
Dominican Republic,1993,2.25,Other,6.15,145,-0.1,-4.2553,0.01,1990
Dominican Republic,1994,3.87,Other,10.02,138,1.62,72.0,0.02,1990
Dominican Republic,1995,4.58,Other,14.6,136,0.71,18.3463,0.02,1990
Dominican Republic,1996,5.46,Other,20.06,134,0.88,19.214,0.02,1990
Dominican Republic,1997,7.24,Other,27.3,124,1.78,32.6007,0.03,1990
Dominican Republic,1998,9.34,Other,36.64,118,2.1,29.0055,0.03,1990
Dominican Republic,1999,10.52,Other,47.16,114,1.18,12.6338,0.04,1990
Dominican Republic,2000,11.39,Other,58.55,112,0.87,8.27,0.04,2000
Dominican Republic,2001,17.03,Other,75.58,95,5.64,49.5171,0.06,2000
Dominican Republic,2002,18.93,Other,94.51,91,1.9,11.1568,0.07,2000
Dominican Republic,2003,16.78,Other,111.29,100,-2.15,-11.3576,0.06,2000
Dominican Republic,2004,15.32,Other,126.61,105,-1.46,-8.7008,0.05,2000
Dominican Republic,2005,16.73,Other,143.34,101,1.41,9.2037,0.05,2000
Dominican Republic,2006,18.38,Other,161.72,97,1.65,9.8625,0.06,2000
Dominican Republic,2007,18.65,Other,180.37,98,0.27,1.469,0.06,2000
Dominican Republic,2008,18.6,Other,198.97,98,-0.05,-0.2681,0.06,2000
Dominican Republic,2009,17.69,Other,216.66,102,-0.91,-4.8925,0.05,2000
Dominican Republic,2010,18.7,Other,235.36,100,1.01,5.7094,0.05,2010
Dominican Republic,2011,19.7,Other,255.06,96,1.0,5.3476,0.06,2010
Dominican Republic,2012,20.47,Other,275.53,90,0.77,3.9086,0.06,2010
Dominican Republic,2013,20.07,Other,295.6,95,-0.4,-1.9541,0.06,2010
Dominican Republic,2014,20.14,Other,315.74,95,0.07,0.3488,0.06,2010
Dominican Republic,2015,22.27,Other,338.01,91,2.13,10.576,0.06,2010
Dominican Republic,2016,22.9,Other,360.91,96,0.63,2.8289,0.06,2010
Dominican Republic,2017,21.83,Other,382.74,98,-1.07,-4.6725,0.06,2010
Dominican Republic,2018,23.56,Other,406.3,94,1.73,7.9249,0.06,2010
Ecuador,1990,52.17,Other,52.17,56,,,0.21,1990
Ecuador,1991,52.73,Other,104.9,54,0.56,1.0734,0.21,1990
Ecuador,1992,53.78,Other,158.68,54,1.05,1.9913,0.21,1990
Ecuador,1993,52.71,Other,211.39,53,-1.07,-1.9896,0.21,1990
Ecuador,1994,53.6,Other,264.99,54,0.89,1.6885,0.21,1990
Ecuador,1995,56.35,Other,321.34,53,2.75,5.1306,0.22,1990
Ecuador,1996,59.06,Other,380.4,53,2.71,4.8092,0.22,1990
Ecuador,1997,60.11,Other,440.51,50,1.05,1.7779,0.22,1990
Ecuador,1998,59.95,Other,500.46,51,-0.16,-0.2662,0.22,1990
Ecuador,1999,57.29,Other,557.75,53,-2.66,-4.437,0.21,1990
Ecuador,2000,57.94,Other,615.69,51,0.65,1.1346,0.21,2000
Ecuador,2001,51.91,Other,667.6,57,-6.03,-10.4073,0.19,2000
Ecuador,2002,52.08,Other,719.68,58,0.17,0.3275,0.18,2000
Ecuador,2003,52.45,Other,772.13,60,0.37,0.7104,0.18,2000
Ecuador,2004,53.98,Other,826.11,57,1.53,2.9171,0.18,2000
Ecuador,2005,55.72,Other,881.83,56,1.74,3.2234,0.18,2000
Ecuador,2006,57.68,Other,939.51,59,1.96,3.5176,0.18,2000
Ecuador,2007,58.14,Other,997.65,57,0.46,0.7975,0.17,2000
Ecuador,2008,58.84,Other,1056.49,56,0.7,1.204,0.18,2000
Ecuador,2009,61.0,Other,1117.49,52,2.16,3.671,0.18,2000
Ecuador,2010,63.22,Other,1180.71,53,2.22,3.6393,0.18,2010
Ecuador,2011,52.55,Other,1233.26,59,-10.67,-16.8776,0.15,2010
Ecuador,2012,53.68,Other,1286.94,59,1.13,2.1503,0.15,2010
Ecuador,2013,56.47,Other,1343.41,59,2.79,5.1975,0.16,2010
Ecuador,2014,58.25,Other,1401.66,59,1.78,3.1521,0.16,2010
Ecuador,2015,57.76,Other,1459.42,58,-0.49,-0.8412,0.16,2010
Ecuador,2016,65.16,Other,1524.58,56,7.4,12.8116,0.18,2010
Ecuador,2017,63.91,Other,1588.49,57,-1.25,-1.9184,0.17,2010
Ecuador,2018,65.68,Other,1654.17,54,1.77,2.7695,0.18,2010
Egypt,1990,86.41,Africa,86.41,39,,,0.34,1990
Egypt,1991,88.98,Africa,175.39,39,2.57,2.9742,0.35,1990
Egypt,1992,91.89,Africa,267.28,39,2.91,3.2704,0.36,1990
Egypt,1993,91.43,Africa,358.71,39,-0.46,-0.5006,0.36,1990
Egypt,1994,86.03,Africa,444.74,40,-5.4,-5.9062,0.34,1990
Egypt,1995,91.46,Africa,536.2,39,5.43,6.3118,0.35,1990
Egypt,1996,96.36,Africa,632.56,38,4.9,5.3575,0.36,1990
Egypt,1997,103.55,Africa,736.11,38,7.19,7.4616,0.38,1990
Egypt,1998,108.86,Africa,844.97,37,5.31,5.128,0.4,1990
Egypt,1999,114.26,Africa,959.23,34,5.4,4.9605,0.42,1990
Egypt,2000,112.45,Africa,1071.68,37,-1.81,-1.5841,0.41,2000
Egypt,2001,124.84,Africa,1196.52,33,12.39,11.0182,0.45,2000
Egypt,2002,127.57,Africa,1324.09,33,2.73,2.1868,0.45,2000
Egypt,2003,131.07,Africa,1455.16,34,3.5,2.7436,0.45,2000
Egypt,2004,142.52,Africa,1597.68,31,11.45,8.7358,0.46,2000
Egypt,2005,160.42,Africa,1758.1,31,17.9,12.5596,0.51,2000
Egypt,2006,168.96,Africa,1927.06,30,8.54,5.3235,0.52,2000
Egypt,2007,182.06,Africa,2109.12,30,13.1,7.7533,0.55,2000
Egypt,2008,188.94,Africa,2298.06,30,6.88,3.779,0.56,2000
Egypt,2009,195.32,Africa,2493.38,29,6.38,3.3767,0.59,2000
Egypt,2010,196.33,Africa,2689.71,30,1.01,0.5171,0.56,2010
Egypt,2011,202.53,Africa,2892.24,29,6.2,3.1579,0.59,2010
Egypt,2012,213.32,Africa,3105.56,29,10.79,5.3276,0.61,2010
Egypt,2013,211.34,Africa,3316.9,29,-1.98,-0.9282,0.6,2010
Egypt,2014,217.56,Africa,3534.46,28,6.22,2.9431,0.62,2010
Egypt,2015,226.86,Africa,3761.32,27,9.3,4.2747,0.64,2010
Egypt,2016,234.14,Africa,3995.46,25,7.28,3.209,0.65,2010
Egypt,2017,238.87,Africa,4234.33,26,4.73,2.0202,0.65,2010
Egypt,2018,246.45,Africa,4480.78,25,7.58,3.1733,0.66,2010
El Salvador,1990,3.46,Other,3.46,143,,,0.01,1990
El Salvador,1991,4.15,Other,7.61,139,0.69,19.9422,0.02,1990
El Salvador,1992,4.44,Other,12.05,136,0.29,6.988,0.02,1990
El Salvador,1993,5.0,Other,17.05,136,0.56,12.6126,0.02,1990
El Salvador,1994,5.54,Other,22.59,132,0.54,10.8,0.02,1990
El Salvador,1995,6.04,Other,28.63,128,0.5,9.0253,0.02,1990
El Salvador,1996,5.47,Other,34.1,133,-0.57,-9.4371,0.02,1990
El Salvador,1997,6.4,Other,40.5,129,0.93,17.0018,0.02,1990
El Salvador,1998,6.75,Other,47.25,129,0.35,5.4688,0.03,1990
El Salvador,1999,6.69,Other,53.94,129,-0.06,-0.8889,0.02,1990
El Salvador,2000,6.71,Other,60.65,128,0.02,0.299,0.02,2000
El Salvador,2001,6.95,Other,67.6,128,0.24,3.5768,0.03,2000
El Salvador,2002,7.02,Other,74.62,129,0.07,1.0072,0.02,2000
El Salvador,2003,7.59,Other,82.21,127,0.57,8.1197,0.03,2000
El Salvador,2004,7.76,Other,89.97,127,0.17,2.2398,0.03,2000
El Salvador,2005,7.92,Other,97.89,127,0.16,2.0619,0.03,2000
El Salvador,2006,8.32,Other,106.21,128,0.4,5.0505,0.03,2000
El Salvador,2007,8.71,Other,114.92,127,0.39,4.6875,0.03,2000
El Salvador,2008,7.99,Other,122.91,128,-0.72,-8.2664,0.02,2000
El Salvador,2009,7.76,Other,130.67,129,-0.23,-2.8786,0.02,2000
El Salvador,2010,7.62,Other,138.29,130,-0.14,-1.8041,0.02,2010
El Salvador,2011,7.86,Other,146.15,129,0.24,3.1496,0.02,2010
El Salvador,2012,7.85,Other,154.0,130,-0.01,-0.1272,0.02,2010
El Salvador,2013,7.54,Other,161.54,132,-0.31,-3.949,0.02,2010
El Salvador,2014,7.67,Other,169.21,130,0.13,1.7241,0.02,2010
El Salvador,2015,8.08,Other,177.29,129,0.41,5.3455,0.02,2010
El Salvador,2016,8.25,Other,185.54,131,0.17,2.104,0.02,2010
El Salvador,2017,7.46,Other,193.0,135,-0.79,-9.5758,0.02,2010
El Salvador,2018,7.89,Other,200.89,133,0.43,5.7641,0.02,2010
Equatorial Guinea,1990,3.89,Other,3.89,140,,,0.02,1990
Equatorial Guinea,1991,3.9,Other,7.79,141,0.01,0.2571,0.02,1990
Equatorial Guinea,1992,3.9,Other,11.69,138,0.0,0.0,0.02,1990
Equatorial Guinea,1993,4.82,Other,16.51,137,0.92,23.5897,0.02,1990
Equatorial Guinea,1994,4.83,Other,21.34,135,0.01,0.2075,0.02,1990
Equatorial Guinea,1995,4.83,Other,26.17,135,0.0,0.0,0.02,1990
Equatorial Guinea,1996,5.34,Other,31.51,136,0.51,10.559,0.02,1990
Equatorial Guinea,1997,5.46,Other,36.97,136,0.12,2.2472,0.02,1990
Equatorial Guinea,1998,5.45,Other,42.42,136,-0.01,-0.1832,0.02,1990
Equatorial Guinea,1999,5.65,Other,48.07,133,0.2,3.6697,0.02,1990
Equatorial Guinea,2000,6.18,Other,54.25,131,0.53,9.3805,0.02,2000
Equatorial Guinea,2001,6.56,Other,60.81,130,0.38,6.1489,0.02,2000
Equatorial Guinea,2002,7.86,Other,68.67,125,1.3,19.8171,0.03,2000
Equatorial Guinea,2003,8.99,Other,77.66,125,1.13,14.3766,0.03,2000
Equatorial Guinea,2004,11.08,Other,88.74,120,2.09,23.2481,0.04,2000
Equatorial Guinea,2005,11.92,Other,100.66,119,0.84,7.5812,0.04,2000
Equatorial Guinea,2006,13.0,Other,113.66,117,1.08,9.0604,0.04,2000
Equatorial Guinea,2007,11.38,Other,125.04,120,-1.62,-12.4615,0.03,2000
Equatorial Guinea,2008,12.81,Other,137.85,118,1.43,12.5659,0.04,2000
Equatorial Guinea,2009,13.49,Other,151.34,115,0.68,5.3084,0.04,2000
Equatorial Guinea,2010,13.35,Other,164.69,118,-0.14,-1.0378,0.04,2010
Equatorial Guinea,2011,13.54,Other,178.23,114,0.19,1.4232,0.04,2010
Equatorial Guinea,2012,13.84,Other,192.07,113,0.3,2.2157,0.04,2010
Equatorial Guinea,2013,13.18,Other,205.25,114,-0.66,-4.7688,0.04,2010
Equatorial Guinea,2014,11.92,Other,217.17,118,-1.26,-9.5599,0.03,2010
Equatorial Guinea,2015,10.97,Other,228.14,119,-0.95,-7.9698,0.03,2010
Equatorial Guinea,2016,9.43,Other,237.57,129,-1.54,-14.0383,0.03,2010
Equatorial Guinea,2017,9.46,Other,247.03,130,0.03,0.3181,0.03,2010
Equatorial Guinea,2018,10.51,Other,257.54,125,1.05,11.0994,0.03,2010
Eritrea,1990,0.43,Other,0.43,160,,,0.0,1990
Eritrea,1991,0.43,Other,0.86,160,0.0,0.0,0.0,1990
Eritrea,1992,0.87,Other,1.73,157,0.44,102.3256,0.0,1990
Eritrea,1993,1.07,Other,2.8,153,0.2,22.9885,0.0,1990
Eritrea,1994,1.17,Other,3.97,153,0.1,9.3458,0.0,1990
Eritrea,1995,1.23,Other,5.2,153,0.06,5.1282,0.0,1990
Eritrea,1996,1.31,Other,6.51,153,0.08,6.5041,0.0,1990
Eritrea,1997,1.26,Other,7.77,155,-0.05,-3.8168,0.0,1990
Eritrea,1998,1.05,Other,8.82,156,-0.21,-16.6667,0.0,1990
Eritrea,1999,1.08,Other,9.9,158,0.03,2.8571,0.0,1990
Eritrea,2000,1.07,Other,10.97,158,-0.01,-0.9259,0.0,2000
Eritrea,2001,1.15,Other,12.12,158,0.08,7.4766,0.0,2000
Eritrea,2002,1.14,Other,13.26,159,-0.01,-0.8696,0.0,2000
Eritrea,2003,1.15,Other,14.41,159,0.01,0.8772,0.0,2000
Eritrea,2004,1.14,Other,15.55,159,-0.01,-0.8696,0.0,2000
Eritrea,2005,1.06,Other,16.61,159,-0.08,-7.0175,0.0,2000
Eritrea,2006,0.98,Other,17.59,160,-0.08,-7.5472,0.0,2000
Eritrea,2007,0.97,Other,18.56,160,-0.01,-1.0204,0.0,2000
Eritrea,2008,0.9,Other,19.46,161,-0.07,-7.2165,0.0,2000
Eritrea,2009,0.93,Other,20.39,164,0.03,3.3333,0.0,2000
Eritrea,2010,0.96,Other,21.35,161,0.03,3.2258,0.0,2010
Eritrea,2011,0.96,Other,22.31,159,0.0,0.0,0.0,2010
Eritrea,2012,1.01,Other,23.32,159,0.05,5.2083,0.0,2010
Eritrea,2013,1.03,Other,24.35,160,0.02,1.9802,0.0,2010
Eritrea,2014,1.06,Other,25.41,158,0.03,2.9126,0.0,2010
Eritrea,2015,1.03,Other,26.44,160,-0.03,-2.8302,0.0,2010
Eritrea,2016,1.11,Other,27.55,164,0.08,7.767,0.0,2010
Eritrea,2017,1.17,Other,28.72,163,0.06,5.4054,0.0,2010
Eritrea,2018,1.24,Other,29.96,163,0.07,5.9829,0.0,2010
Estonia,1990,33.23,Other,33.23,70,,,0.13,1990
Estonia,1991,29.58,Other,62.81,76,-3.65,-10.9841,0.12,1990
Estonia,1992,21.97,Other,84.78,79,-7.61,-25.7268,0.09,1990
Estonia,1993,16.52,Other,101.3,90,-5.45,-24.8066,0.07,1990
Estonia,1994,16.08,Other,117.38,90,-0.44,-2.6634,0.06,1990
Estonia,1995,14.48,Other,131.86,94,-1.6,-9.9502,0.06,1990
Estonia,1996,15.46,Other,147.32,93,0.98,6.768,0.06,1990
Estonia,1997,15.09,Other,162.41,96,-0.37,-2.3933,0.05,1990
Estonia,1998,14.59,Other,177.0,100,-0.5,-3.3135,0.05,1990
Estonia,1999,13.7,Other,190.7,104,-0.89,-6.1001,0.05,1990
Estonia,2000,13.38,Other,204.08,105,-0.32,-2.3358,0.05,2000
Estonia,2001,13.87,Other,217.95,105,0.49,3.6622,0.05,2000
Estonia,2002,13.46,Other,231.41,108,-0.41,-2.956,0.05,2000
Estonia,2003,15.44,Other,246.85,102,1.98,14.7103,0.05,2000
Estonia,2004,15.55,Other,262.4,103,0.11,0.7124,0.05,2000
Estonia,2005,15.77,Other,278.17,105,0.22,1.4148,0.05,2000
Estonia,2006,14.54,Other,292.71,107,-1.23,-7.7996,0.04,2000
Estonia,2007,18.52,Other,311.23,99,3.98,27.3728,0.06,2000
Estonia,2008,16.96,Other,328.19,104,-1.56,-8.4233,0.05,2000
Estonia,2009,13.63,Other,341.82,112,-3.33,-19.6344,0.04,2000
Estonia,2010,17.58,Other,359.4,106,3.95,28.9802,0.05,2010
Estonia,2011,11.9,Other,371.3,120,-5.68,-32.3094,0.03,2010
Estonia,2012,10.63,Other,381.93,121,-1.27,-10.6723,0.03,2010
Estonia,2013,13.04,Other,394.97,115,2.41,22.6717,0.04,2010
Estonia,2014,11.67,Other,406.64,119,-1.37,-10.5061,0.03,2010
Estonia,2015,9.21,Other,415.85,125,-2.46,-21.0797,0.03,2010
Estonia,2016,17.58,Other,433.43,107,8.37,90.8795,0.05,2010
Estonia,2017,18.21,Other,451.64,104,0.63,3.5836,0.05,2010
Estonia,2018,17.96,Other,469.6,106,-0.25,-1.3729,0.05,2010
Eswatini,1990,0.82,Other,0.82,155,,,0.0,1990
Eswatini,1991,0.81,Other,1.63,157,-0.01,-1.2195,0.0,1990
Eswatini,1992,0.7,Other,2.33,159,-0.11,-13.5802,0.0,1990
Eswatini,1993,0.6,Other,2.93,157,-0.1,-14.2857,0.0,1990
Eswatini,1994,0.91,Other,3.84,155,0.31,51.6667,0.0,1990
Eswatini,1995,0.87,Other,4.71,156,-0.04,-4.3956,0.0,1990
Eswatini,1996,0.65,Other,5.36,157,-0.22,-25.2874,0.0,1990
Eswatini,1997,0.98,Other,6.34,157,0.33,50.7692,0.0,1990
Eswatini,1998,1.01,Other,7.35,157,0.03,3.0612,0.0,1990
Eswatini,1999,1.09,Other,8.44,157,0.08,7.9208,0.0,1990
Eswatini,2000,1.0,Other,9.44,159,-0.09,-8.2569,0.0,2000
Eswatini,2001,0.95,Other,10.39,159,-0.05,-5.0,0.0,2000
Eswatini,2002,0.94,Other,11.33,160,-0.01,-1.0526,0.0,2000
Eswatini,2003,0.87,Other,12.2,160,-0.07,-7.4468,0.0,2000
Eswatini,2004,0.86,Other,13.06,160,-0.01,-1.1494,0.0,2000
Eswatini,2005,0.88,Other,13.94,160,0.02,2.3256,0.0,2000
Eswatini,2006,0.88,Other,14.82,162,0.0,0.0,0.0,2000
Eswatini,2007,0.91,Other,15.73,162,0.03,3.4091,0.0,2000
Eswatini,2008,0.89,Other,16.62,162,-0.02,-2.1978,0.0,2000
Eswatini,2009,0.94,Other,17.56,163,0.05,5.618,0.0,2000
Eswatini,2010,0.88,Other,18.44,163,-0.06,-6.383,0.0,2010
Eswatini,2011,0.89,Other,19.33,160,0.01,1.1364,0.0,2010
Eswatini,2012,0.93,Other,20.26,161,0.04,4.4944,0.0,2010
Eswatini,2013,1.42,Other,21.68,158,0.49,52.6882,0.0,2010
Eswatini,2014,0.83,Other,22.51,161,-0.59,-41.5493,0.0,2010
Eswatini,2015,0.9,Other,23.41,161,0.07,8.4337,0.0,2010
Eswatini,2016,1.1,Other,24.51,165,0.2,22.2222,0.0,2010
Eswatini,2017,0.91,Other,25.42,166,-0.19,-17.2727,0.0,2010
Eswatini,2018,0.96,Other,26.38,166,0.05,5.4945,0.0,2010
Ethiopia,1990,28.6,Other,28.6,78,,,0.11,1990
Ethiopia,1991,28.63,Other,57.23,79,0.03,0.1049,0.11,1990
Ethiopia,1992,27.81,Other,85.04,76,-0.82,-2.8641,0.11,1990
Ethiopia,1993,28.24,Other,113.28,75,0.43,1.5462,0.11,1990
Ethiopia,1994,28.56,Other,141.84,77,0.32,1.1331,0.11,1990
Ethiopia,1995,28.9,Other,170.74,75,0.34,1.1905,0.11,1990
Ethiopia,1996,29.2,Other,199.94,76,0.3,1.0381,0.11,1990
Ethiopia,1997,29.38,Other,229.32,77,0.18,0.6164,0.11,1990
Ethiopia,1998,29.59,Other,258.91,75,0.21,0.7148,0.11,1990
Ethiopia,1999,29.6,Other,288.51,75,0.01,0.0338,0.11,1990
Ethiopia,2000,29.97,Other,318.48,74,0.37,1.25,0.11,2000
Ethiopia,2001,35.42,Other,353.9,74,5.45,18.1849,0.13,2000
Ethiopia,2002,35.65,Other,389.55,74,0.23,0.6494,0.13,2000
Ethiopia,2003,36.09,Other,425.64,73,0.44,1.2342,0.12,2000
Ethiopia,2004,36.42,Other,462.06,74,0.33,0.9144,0.12,2000
Ethiopia,2005,36.18,Other,498.24,75,-0.24,-0.659,0.11,2000
Ethiopia,2006,36.53,Other,534.77,76,0.35,0.9674,0.11,2000
Ethiopia,2007,37.2,Other,571.97,75,0.67,1.8341,0.11,2000
Ethiopia,2008,38.04,Other,610.01,75,0.84,2.2581,0.11,2000
Ethiopia,2009,38.16,Other,648.17,75,0.12,0.3155,0.11,2000
Ethiopia,2010,37.72,Other,685.89,75,-0.44,-1.153,0.11,2010
Ethiopia,2011,39.29,Other,725.18,73,1.57,4.1622,0.11,2010
Ethiopia,2012,40.2,Other,765.38,74,0.91,2.3161,0.12,2010
Ethiopia,2013,41.97,Other,807.35,70,1.77,4.403,0.12,2010
Ethiopia,2014,43.91,Other,851.26,66,1.94,4.6223,0.12,2010
Ethiopia,2015,44.46,Other,895.72,68,0.55,1.2526,0.13,2010
Ethiopia,2016,46.75,Other,942.47,67,2.29,5.1507,0.13,2010
Ethiopia,2017,47.23,Other,989.7,69,0.48,1.0267,0.13,2010
Ethiopia,2018,48.0,Other,1037.7,68,0.77,1.6303,0.13,2010
European Union (27),1990,3286.44,Europe,3286.44,2,,,13.01,1990
European Union (27),1991,3247.48,Europe,6533.92,2,-38.96,-1.1855,12.77,1990
European Union (27),1992,3133.06,Europe,9666.98,2,-114.42,-3.5233,12.4,1990
European Union (27),1993,3072.4,Europe,12739.38,2,-60.66,-1.9361,12.13,1990
European Union (27),1994,3060.09,Europe,15799.47,2,-12.31,-0.4007,12.04,1990
European Union (27),1995,3113.68,Europe,18913.15,2,53.59,1.7513,11.94,1990
European Union (27),1996,3210.93,Europe,22124.08,2,97.25,3.1233,12.13,1990
European Union (27),1997,3142.23,Europe,25266.31,2,-68.7,-2.1396,11.45,1990
European Union (27),1998,3134.03,Europe,28400.34,2,-8.2,-0.261,11.61,1990
European Union (27),1999,3079.46,Europe,31479.8,2,-54.57,-1.7412,11.43,1990
European Union (27),2000,3086.68,Europe,34566.48,2,7.22,0.2345,11.19,2000
European Union (27),2001,3103.48,Europe,37669.96,3,16.8,0.5443,11.2,2000
European Union (27),2002,3096.47,Europe,40766.43,3,-7.01,-0.2259,10.89,2000
European Union (27),2003,3188.85,Europe,43955.28,3,92.38,2.9834,10.88,2000
European Union (27),2004,3193.98,Europe,47149.26,3,5.13,0.1609,10.38,2000
European Union (27),2005,3174.41,Europe,50323.67,3,-19.57,-0.6127,10.07,2000
European Union (27),2006,3182.24,Europe,53505.91,3,7.83,0.2467,9.73,2000
European Union (27),2007,3142.06,Europe,56647.97,3,-40.18,-1.2626,9.43,2000
European Union (27),2008,3064.51,Europe,59712.48,3,-77.55,-2.4681,9.15,2000
European Union (27),2009,2814.76,Europe,62527.24,3,-249.75,-8.1498,8.47,2000
European Union (27),2010,2900.69,Europe,65427.93,3,85.93,3.0528,8.34,2010
European Union (27),2011,2541.91,Europe,67969.84,3,-358.78,-12.3688,7.41,2010
European Union (27),2012,2482.45,Europe,70452.29,3,-59.46,-2.3392,7.16,2010
European Union (27),2013,2408.39,Europe,72860.68,3,-74.06,-2.9833,6.84,2010
European Union (27),2014,2263.78,Europe,75124.46,3,-144.61,-6.0044,6.4,2010
European Union (27),2015,2321.61,Europe,77446.07,3,57.83,2.5546,6.58,2010
European Union (27),2016,2669.54,Europe,80115.61,3,347.93,14.9866,7.37,2010
European Union (27),2017,2692.12,Europe,82807.73,3,22.58,0.8458,7.35,2010
European Union (27),2018,2636.99,Europe,85444.72,3,-55.13,-2.0478,7.05,2010
Fiji,1990,-1.81,Other,-1.81,189,,,-0.01,1990
Fiji,1991,-1.81,Other,-3.62,190,0.0,0.0,-0.01,1990
Fiji,1992,-1.78,Other,-5.4,191,0.03,-1.6575,-0.01,1990
Fiji,1993,-1.79,Other,-7.19,189,-0.01,0.5618,-0.01,1990
Fiji,1994,-1.79,Other,-8.98,189,0.0,0.0,-0.01,1990
Fiji,1995,-1.78,Other,-10.76,189,0.01,-0.5587,-0.01,1990
Fiji,1996,-1.72,Other,-12.48,189,0.06,-3.3708,-0.01,1990
Fiji,1997,-1.74,Other,-14.22,189,-0.02,1.1628,-0.01,1990
Fiji,1998,-1.76,Other,-15.98,189,-0.02,1.1494,-0.01,1990
Fiji,1999,-1.74,Other,-17.72,189,0.02,-1.1364,-0.01,1990
Fiji,2000,-1.69,Other,-19.41,189,0.05,-2.8736,-0.01,2000
Fiji,2001,-1.47,Other,-20.88,190,0.22,-13.0178,-0.01,2000
Fiji,2002,-1.62,Other,-22.5,190,-0.15,10.2041,-0.01,2000
Fiji,2003,-1.46,Other,-23.96,190,0.16,-9.8765,-0.0,2000
Fiji,2004,-1.08,Other,-25.04,189,0.38,-26.0274,-0.0,2000
Fiji,2005,-1.27,Other,-26.31,190,-0.19,17.5926,-0.0,2000
Fiji,2006,-1.18,Other,-27.49,189,0.09,-7.0866,-0.0,2000
Fiji,2007,-1.28,Other,-28.77,189,-0.1,8.4746,-0.0,2000
Fiji,2008,-1.59,Other,-30.36,191,-0.31,24.2188,-0.0,2000
Fiji,2009,-1.58,Other,-31.94,190,0.01,-0.6289,-0.0,2000
Fiji,2010,-1.39,Other,-33.33,190,0.19,-12.0253,-0.0,2010
Fiji,2011,-1.44,Other,-34.77,191,-0.05,3.5971,-0.0,2010
Fiji,2012,-1.52,Other,-36.29,190,-0.08,5.5556,-0.0,2010
Fiji,2013,-1.42,Other,-37.71,191,0.1,-6.5789,-0.0,2010
Fiji,2014,-1.24,Other,-38.95,190,0.18,-12.6761,-0.0,2010
Fiji,2015,-1.03,Other,-39.98,191,0.21,-16.9355,-0.0,2010
Fiji,2016,-0.81,Other,-40.79,193,0.22,-21.3592,-0.0,2010
Fiji,2017,-0.73,Other,-41.52,193,0.08,-9.8765,-0.0,2010
Fiji,2018,-0.65,Other,-42.17,193,0.08,-10.9589,-0.0,2010
Finland,1990,23.44,Other,23.44,84,,,0.09,1990
Finland,1991,24.01,Other,47.45,83,0.57,2.4317,0.09,1990
Finland,1992,21.15,Other,68.6,81,-2.86,-11.9117,0.08,1990
Finland,1993,22.34,Other,90.94,79,1.19,5.6265,0.09,1990
Finland,1994,28.8,Other,119.74,76,6.46,28.9167,0.11,1990
Finland,1995,24.98,Other,144.72,78,-3.82,-13.2639,0.1,1990
Finland,1996,31.47,Other,176.19,73,6.49,25.9808,0.12,1990
Finland,1997,29.53,Other,205.72,76,-1.94,-6.1646,0.11,1990
Finland,1998,26.22,Other,231.94,77,-3.31,-11.2089,0.1,1990
Finland,1999,25.64,Other,257.58,79,-0.58,-2.2121,0.1,1990
Finland,2000,24.44,Other,282.02,79,-1.2,-4.6802,0.09,2000
Finland,2001,45.79,Other,327.81,63,21.35,87.3568,0.17,2000
Finland,2002,48.21,Other,376.02,62,2.42,5.285,0.17,2000
Finland,2003,56.53,Other,432.55,55,8.32,17.2578,0.19,2000
Finland,2004,52.66,Other,485.21,60,-3.87,-6.8459,0.17,2000
Finland,2005,40.47,Other,525.68,70,-12.19,-23.1485,0.13,2000
Finland,2006,52.06,Other,577.74,62,11.59,28.6385,0.16,2000
Finland,2007,50.15,Other,627.89,65,-1.91,-3.6688,0.15,2000
Finland,2008,41.74,Other,669.63,71,-8.41,-16.7697,0.12,2000
Finland,2009,39.31,Other,708.94,71,-2.43,-5.8218,0.12,2000
Finland,2010,47.7,Other,756.64,68,8.39,21.3432,0.14,2010
Finland,2011,0.44,Other,757.08,167,-47.26,-99.0776,0.0,2010
Finland,2012,-5.25,Other,751.83,192,-5.69,-1293.1818,-0.02,2010
Finland,2013,-4.46,Other,747.37,192,0.79,-15.0476,-0.01,2010
Finland,2014,-8.47,Other,738.9,192,-4.01,89.9103,-0.02,2010
Finland,2015,-11.81,Other,727.09,192,-3.34,39.4333,-0.03,2010
Finland,2016,52.33,Other,779.42,61,64.14,-543.0991,0.14,2010
Finland,2017,49.7,Other,829.12,64,-2.63,-5.0258,0.14,2010
Finland,2018,51.3,Other,880.42,63,1.6,3.2193,0.14,2010
France,1990,331.69,Europe,331.69,16,,,1.31,1990
France,1991,355.84,Europe,687.53,15,24.15,7.2809,1.4,1990
France,1992,343.81,Europe,1031.34,15,-12.03,-3.3807,1.36,1990
France,1993,324.68,Europe,1356.02,16,-19.13,-5.5641,1.28,1990
France,1994,319.62,Europe,1675.64,18,-5.06,-1.5585,1.26,1990
France,1995,327.43,Europe,2003.07,18,7.81,2.4435,1.26,1990
France,1996,343.1,Europe,2346.17,17,15.67,4.7858,1.3,1990
France,1997,334.26,Europe,2680.43,17,-8.84,-2.5765,1.22,1990
France,1998,356.3,Europe,3036.73,16,22.04,6.5937,1.32,1990
France,1999,350.09,Europe,3386.82,17,-6.21,-1.7429,1.3,1990
France,2000,348.31,Europe,3735.13,17,-1.78,-0.5084,1.26,2000
France,2001,310.56,Europe,4045.69,18,-37.75,-10.838,1.12,2000
France,2002,304.82,Europe,4350.51,19,-5.74,-1.8483,1.07,2000
France,2003,310.45,Europe,4660.96,19,5.63,1.847,1.06,2000
France,2004,311.47,Europe,4972.43,20,1.02,0.3286,1.01,2000
France,2005,314.34,Europe,5286.77,20,2.87,0.9214,1.0,2000
France,2006,305.12,Europe,5591.89,21,-9.22,-2.9331,0.93,2000
France,2007,296.43,Europe,5888.32,22,-8.69,-2.8481,0.89,2000
France,2008,291.73,Europe,6180.05,22,-4.7,-1.5855,0.87,2000
France,2009,277.4,Europe,6457.45,21,-14.33,-4.9121,0.83,2000
France,2010,281.45,Europe,6738.9,21,4.05,1.46,0.81,2010
France,2011,272.44,Europe,7011.34,22,-9.01,-3.2013,0.79,2010
France,2012,275.23,Europe,7286.57,22,2.79,1.0241,0.79,2010
France,2013,275.53,Europe,7562.1,21,0.3,0.109,0.78,2010
France,2014,243.42,Europe,7805.52,25,-32.11,-11.6539,0.69,2010
France,2015,249.42,Europe,8054.94,25,6.0,2.4649,0.71,2010
France,2016,250.72,Europe,8305.66,24,1.3,0.5212,0.69,2010
France,2017,254.37,Europe,8560.03,24,3.65,1.4558,0.69,2010
France,2018,247.98,Europe,8808.01,24,-6.39,-2.5121,0.66,2010
Gabon,1990,7.74,Other,7.74,123,,,0.03,1990
Gabon,1991,7.96,Other,15.7,123,0.22,2.8424,0.03,1990
Gabon,1992,8.22,Other,23.92,121,0.26,3.2663,0.03,1990
Gabon,1993,8.31,Other,32.23,120,0.09,1.0949,0.03,1990
Gabon,1994,8.05,Other,40.28,120,-0.26,-3.1288,0.03,1990
Gabon,1995,8.21,Other,48.49,119,0.16,1.9876,0.03,1990
Gabon,1996,8.32,Other,56.81,119,0.11,1.3398,0.03,1990
Gabon,1997,8.44,Other,65.25,120,0.12,1.4423,0.03,1990
Gabon,1998,8.54,Other,73.79,121,0.1,1.1848,0.03,1990
Gabon,1999,8.47,Other,82.26,121,-0.07,-0.8197,0.03,1990
Gabon,2000,8.32,Other,90.58,121,-0.15,-1.771,0.03,2000
Gabon,2001,7.73,Other,98.31,125,-0.59,-7.0913,0.03,2000
Gabon,2002,7.49,Other,105.8,127,-0.24,-3.1048,0.03,2000
Gabon,2003,7.56,Other,113.36,128,0.07,0.9346,0.03,2000
Gabon,2004,7.62,Other,120.98,128,0.06,0.7937,0.02,2000
Gabon,2005,7.82,Other,128.8,128,0.2,2.6247,0.02,2000
Gabon,2006,7.23,Other,136.03,130,-0.59,-7.5448,0.02,2000
Gabon,2007,7.24,Other,143.27,130,0.01,0.1383,0.02,2000
Gabon,2008,7.32,Other,150.59,131,0.08,1.105,0.02,2000
Gabon,2009,7.39,Other,157.98,130,0.07,0.9563,0.02,2000
Gabon,2010,7.95,Other,165.93,129,0.56,7.5778,0.02,2010
Gabon,2011,12.09,Other,178.02,117,4.14,52.0755,0.04,2010
Gabon,2012,12.27,Other,190.29,117,0.18,1.4888,0.04,2010
Gabon,2013,12.15,Other,202.44,119,-0.12,-0.978,0.03,2010
Gabon,2014,11.95,Other,214.39,117,-0.2,-1.6461,0.03,2010
Gabon,2015,11.93,Other,226.32,117,-0.02,-0.1674,0.03,2010
Gabon,2016,12.16,Other,238.48,121,0.23,1.9279,0.03,2010
Gabon,2017,11.15,Other,249.63,123,-1.01,-8.3059,0.03,2010
Gabon,2018,11.08,Other,260.71,122,-0.07,-0.6278,0.03,2010
Gambia,1990,0.72,Other,0.72,156,,,0.0,1990
Gambia,1991,0.73,Other,1.45,158,0.01,1.3889,0.0,1990
Gambia,1992,0.73,Other,2.18,158,0.0,0.0,0.0,1990
Gambia,1993,0.73,Other,2.91,156,0.0,0.0,0.0,1990
Gambia,1994,0.73,Other,3.64,156,0.0,0.0,0.0,1990
Gambia,1995,0.74,Other,4.38,157,0.01,1.3699,0.0,1990
Gambia,1996,0.75,Other,5.13,156,0.01,1.3514,0.0,1990
Gambia,1997,0.76,Other,5.89,158,0.01,1.3333,0.0,1990
Gambia,1998,0.77,Other,6.66,158,0.01,1.3158,0.0,1990
Gambia,1999,0.79,Other,7.45,160,0.02,2.5974,0.0,1990
Gambia,2000,0.77,Other,8.22,160,-0.02,-2.5316,0.0,2000
Gambia,2001,0.84,Other,9.06,161,0.07,9.0909,0.0,2000
Gambia,2002,0.83,Other,9.89,161,-0.01,-1.1905,0.0,2000
Gambia,2003,0.83,Other,10.72,161,0.0,0.0,0.0,2000
Gambia,2004,0.85,Other,11.57,161,0.02,2.4096,0.0,2000
Gambia,2005,0.86,Other,12.43,161,0.01,1.1765,0.0,2000
Gambia,2006,0.89,Other,13.32,161,0.03,3.4884,0.0,2000
Gambia,2007,0.93,Other,14.25,161,0.04,4.4944,0.0,2000
Gambia,2008,0.96,Other,15.21,160,0.03,3.2258,0.0,2000
Gambia,2009,1.01,Other,16.22,161,0.05,5.2083,0.0,2000
Gambia,2010,0.97,Other,17.19,160,-0.04,-3.9604,0.0,2010
Gambia,2011,0.98,Other,18.17,158,0.01,1.0309,0.0,2010
Gambia,2012,0.99,Other,19.16,160,0.01,1.0204,0.0,2010
Gambia,2013,0.97,Other,20.13,161,-0.02,-2.0202,0.0,2010
Gambia,2014,1.04,Other,21.17,159,0.07,7.2165,0.0,2010
Gambia,2015,1.06,Other,22.23,159,0.02,1.9231,0.0,2010
Gambia,2016,1.06,Other,23.29,166,0.0,0.0,0.0,2010
Gambia,2017,1.07,Other,24.36,164,0.01,0.9434,0.0,2010
Gambia,2018,1.1,Other,25.46,164,0.03,2.8037,0.0,2010
Georgia,1990,15.22,Other,15.22,97,,,0.06,1990
Georgia,1991,7.24,Other,22.46,125,-7.98,-52.431,0.03,1990
Georgia,1992,1.81,Other,24.27,148,-5.43,-75.0,0.01,1990
Georgia,1993,-2.17,Other,22.1,191,-3.98,-219.8895,-0.01,1990
Georgia,1994,-7.82,Other,14.28,192,-5.65,260.3687,-0.03,1990
Georgia,1995,-10.09,Other,4.19,193,-2.27,29.0281,-0.04,1990
Georgia,1996,-11.9,Other,-7.71,193,-1.81,17.9386,-0.04,1990
Georgia,1997,-12.75,Other,-20.46,193,-0.85,7.1429,-0.05,1990
Georgia,1998,-13.28,Other,-33.74,193,-0.53,4.1569,-0.05,1990
Georgia,1999,-13.75,Other,-47.49,193,-0.47,3.5392,-0.05,1990
Georgia,2000,-13.5,Other,-60.99,193,0.25,-1.8182,-0.05,2000
Georgia,2001,0.0,Other,-60.99,188,13.5,-100.0,0.0,2000
Georgia,2002,-0.56,Other,-61.55,188,-0.56,-inf,-0.0,2000
Georgia,2003,-0.36,Other,-61.91,188,0.2,-35.7143,-0.0,2000
Georgia,2004,-0.14,Other,-62.05,188,0.22,-61.1111,-0.0,2000
Georgia,2005,0.73,Other,-61.32,162,0.87,-621.4286,0.0,2000
Georgia,2006,1.18,Other,-60.14,159,0.45,61.6438,0.0,2000
Georgia,2007,2.11,Other,-58.03,150,0.93,78.8136,0.01,2000
Georgia,2008,1.32,Other,-56.71,159,-0.79,-37.4408,0.0,2000
Georgia,2009,2.11,Other,-54.6,153,0.79,59.8485,0.01,2000
Georgia,2010,1.81,Other,-52.79,157,-0.3,-14.218,0.01,2010
Georgia,2011,6.52,Other,-46.27,135,4.71,260.221,0.02,2010
Georgia,2012,7.19,Other,-39.08,134,0.67,10.2761,0.02,2010
Georgia,2013,7.84,Other,-31.24,130,0.65,9.0403,0.02,2010
Georgia,2014,8.47,Other,-22.77,127,0.63,8.0357,0.02,2010
Georgia,2015,9.2,Other,-13.57,126,0.73,8.6187,0.03,2010
Georgia,2016,9.65,Other,-3.92,127,0.45,4.8913,0.03,2010
Georgia,2017,9.63,Other,5.71,129,-0.02,-0.2073,0.03,2010
Georgia,2018,9.46,Other,15.17,128,-0.17,-1.7653,0.03,2010
Germany,1990,904.38,Europe,904.38,7,,,3.58,1990
Germany,1991,881.44,Europe,1785.82,7,-22.94,-2.5365,3.47,1990
Germany,1992,841.83,Europe,2627.65,8,-39.61,-4.4938,3.33,1990
Germany,1993,836.08,Europe,3463.73,8,-5.75,-0.683,3.3,1990
Germany,1994,824.87,Europe,4288.6,8,-11.21,-1.3408,3.24,1990
Germany,1995,822.15,Europe,5110.75,8,-2.72,-0.3297,3.15,1990
Germany,1996,851.78,Europe,5962.53,7,29.63,3.604,3.22,1990
Germany,1997,819.93,Europe,6782.46,8,-31.85,-3.7392,2.99,1990
Germany,1998,812.12,Europe,7594.58,8,-7.81,-0.9525,3.01,1990
Germany,1999,782.33,Europe,8376.91,8,-29.79,-3.6682,2.9,1990
Germany,2000,778.97,Europe,9155.88,8,-3.36,-0.4295,2.82,2000
Germany,2001,829.38,Europe,9985.26,7,50.41,6.4714,2.99,2000
Germany,2002,815.01,Europe,10800.27,9,-14.37,-1.7326,2.87,2000
Germany,2003,818.31,Europe,11618.58,8,3.3,0.4049,2.79,2000
Germany,2004,802.5,Europe,12421.08,9,-15.81,-1.932,2.61,2000
Germany,2005,783.85,Europe,13204.93,9,-18.65,-2.324,2.49,2000
Germany,2006,795.83,Europe,14000.76,10,11.98,1.5284,2.43,2000
Germany,2007,765.28,Europe,14766.04,9,-30.55,-3.8388,2.3,2000
Germany,2008,771.22,Europe,15537.26,9,5.94,0.7762,2.3,2000
Germany,2009,716.32,Europe,16253.58,10,-54.9,-7.1186,2.16,2000
Germany,2010,754.58,Europe,17008.16,10,38.26,5.3412,2.17,2010
Germany,2011,717.17,Europe,17725.33,8,-37.41,-4.9577,2.09,2010
Germany,2012,730.81,Europe,18456.14,8,13.64,1.9019,2.11,2010
Germany,2013,748.42,Europe,19204.56,8,17.61,2.4097,2.13,2010
Germany,2014,708.25,Europe,19912.81,9,-40.17,-5.3673,2.0,2010
Germany,2015,713.08,Europe,20625.89,9,4.83,0.682,2.02,2010
Germany,2016,717.68,Europe,21343.57,9,4.6,0.6451,1.98,2010
Germany,2017,702.73,Europe,22046.3,9,-14.95,-2.0831,1.92,2010
Germany,2018,680.06,Europe,22726.36,9,-22.67,-3.226,1.82,2010
Ghana,1990,12.67,Other,12.67,105,,,0.05,1990
Ghana,1991,12.44,Other,25.11,105,-0.23,-1.8153,0.05,1990
Ghana,1992,12.96,Other,38.07,101,0.52,4.1801,0.05,1990
Ghana,1993,13.07,Other,51.14,101,0.11,0.8488,0.05,1990
Ghana,1994,13.34,Other,64.48,101,0.27,2.0658,0.05,1990
Ghana,1995,13.6,Other,78.08,99,0.26,1.949,0.05,1990
Ghana,1996,13.98,Other,92.06,100,0.38,2.7941,0.05,1990
Ghana,1997,14.18,Other,106.24,100,0.2,1.4306,0.05,1990
Ghana,1998,15.98,Other,122.22,96,1.8,12.6939,0.06,1990
Ghana,1999,16.46,Other,138.68,95,0.48,3.0038,0.06,1990
Ghana,2000,15.62,Other,154.3,99,-0.84,-5.1033,0.06,2000
Ghana,2001,52.07,Other,206.37,56,36.45,233.3547,0.19,2000
Ghana,2002,53.28,Other,259.65,57,1.21,2.3238,0.19,2000
Ghana,2003,52.99,Other,312.64,59,-0.29,-0.5443,0.18,2000
Ghana,2004,52.48,Other,365.12,61,-0.51,-0.9624,0.17,2000
Ghana,2005,52.88,Other,418.0,60,0.4,0.7622,0.17,2000
Ghana,2006,54.29,Other,472.29,61,1.41,2.6664,0.17,2000
Ghana,2007,54.91,Other,527.2,61,0.62,1.142,0.16,2000
Ghana,2008,54.42,Other,581.62,62,-0.49,-0.8924,0.16,2000
Ghana,2009,55.8,Other,637.42,60,1.38,2.5358,0.17,2000
Ghana,2010,57.0,Other,694.42,60,1.2,2.1505,0.16,2010
Ghana,2011,41.62,Other,736.04,70,-15.38,-26.9825,0.12,2010
Ghana,2012,43.63,Other,779.67,68,2.01,4.8294,0.13,2010
Ghana,2013,44.42,Other,824.09,65,0.79,1.8107,0.13,2010
Ghana,2014,43.77,Other,867.86,67,-0.65,-1.4633,0.12,2010
Ghana,2015,44.53,Other,912.39,67,0.76,1.7363,0.13,2010
Ghana,2016,-10.82,Other,901.57,194,-55.35,-124.2982,-0.03,2010
Ghana,2017,-10.15,Other,891.42,194,0.67,-6.1922,-0.03,2010
Ghana,2018,-8.82,Other,882.6,194,1.33,-13.1034,-0.02,2010
Greece,1990,74.69,Other,74.69,42,,,0.3,1990
Greece,1991,74.89,Other,149.58,42,0.2,0.2678,0.29,1990
Greece,1992,77.25,Other,226.83,42,2.36,3.1513,0.31,1990
Greece,1993,77.17,Other,304.0,44,-0.08,-0.1036,0.3,1990
Greece,1994,78.81,Other,382.81,44,1.64,2.1252,0.31,1990
Greece,1995,81.91,Other,464.72,44,3.1,3.9335,0.31,1990
Greece,1996,81.83,Other,546.55,43,-0.08,-0.0977,0.31,1990
Greece,1997,82.84,Other,629.39,43,1.01,1.2343,0.3,1990
Greece,1998,86.2,Other,715.59,41,3.36,4.056,0.32,1990
Greece,1999,86.47,Other,802.06,40,0.27,0.3132,0.32,1990
Greece,2000,93.53,Other,895.59,39,7.06,8.1647,0.34,2000
Greece,2001,95.53,Other,991.12,40,2.0,2.1384,0.34,2000
Greece,2002,95.52,Other,1086.64,40,-0.01,-0.0105,0.34,2000
Greece,2003,99.14,Other,1185.78,40,3.62,3.7898,0.34,2000
Greece,2004,98.76,Other,1284.54,41,-0.38,-0.3833,0.32,2000
Greece,2005,100.86,Other,1385.4,41,2.1,2.1264,0.32,2000
Greece,2006,99.62,Other,1485.02,41,-1.24,-1.2294,0.3,2000
Greece,2007,103.23,Other,1588.25,40,3.61,3.6238,0.31,2000
Greece,2008,99.32,Other,1687.57,43,-3.91,-3.7877,0.3,2000
Greece,2009,93.65,Other,1781.22,44,-5.67,-5.7088,0.28,2000
Greece,2010,86.49,Other,1867.71,44,-7.16,-7.6455,0.25,2010
Greece,2011,85.95,Other,1953.66,45,-0.54,-0.6243,0.25,2010
Greece,2012,81.49,Other,2035.15,46,-4.46,-5.1891,0.23,2010
Greece,2013,73.89,Other,2109.04,49,-7.6,-9.3263,0.21,2010
Greece,2014,70.95,Other,2179.99,51,-2.94,-3.9789,0.2,2010
Greece,2015,69.41,Other,2249.4,53,-1.54,-2.1705,0.2,2010
Greece,2016,68.25,Other,2317.65,54,-1.16,-1.6712,0.19,2010
Greece,2017,68.19,Other,2385.84,53,-0.06,-0.0879,0.19,2010
Greece,2018,66.68,Other,2452.52,53,-1.51,-2.2144,0.18,2010
Grenada,1990,0.11,Other,0.11,172,,,0.0,1990
Grenada,1991,0.12,Other,0.23,171,0.01,9.0909,0.0,1990
Grenada,1992,0.16,Other,0.39,170,0.04,33.3333,0.0,1990
Grenada,1993,0.15,Other,0.54,168,-0.01,-6.25,0.0,1990
Grenada,1994,0.16,Other,0.7,169,0.01,6.6667,0.0,1990
Grenada,1995,0.17,Other,0.87,169,0.01,6.25,0.0,1990
Grenada,1996,0.19,Other,1.06,169,0.02,11.7647,0.0,1990
Grenada,1997,0.2,Other,1.26,169,0.01,5.2632,0.0,1990
Grenada,1998,0.23,Other,1.49,169,0.03,15.0,0.0,1990
Grenada,1999,0.22,Other,1.71,170,-0.01,-4.3478,0.0,1990
Grenada,2000,0.21,Other,1.92,170,-0.01,-4.5455,0.0,2000
Grenada,2001,0.23,Other,2.15,171,0.02,9.5238,0.0,2000
Grenada,2002,0.24,Other,2.39,171,0.01,4.3478,0.0,2000
Grenada,2003,0.25,Other,2.64,171,0.01,4.1667,0.0,2000
Grenada,2004,0.23,Other,2.87,174,-0.02,-8.0,0.0,2000
Grenada,2005,0.25,Other,3.12,174,0.02,8.6957,0.0,2000
Grenada,2006,0.26,Other,3.38,172,0.01,4.0,0.0,2000
Grenada,2007,0.28,Other,3.66,172,0.02,7.6923,0.0,2000
Grenada,2008,0.29,Other,3.95,170,0.01,3.5714,0.0,2000
Grenada,2009,0.81,Other,4.76,167,0.52,179.3103,0.0,2000
Grenada,2010,0.29,Other,5.05,172,-0.52,-64.1975,0.0,2010
Grenada,2011,0.29,Other,5.34,171,0.0,0.0,0.0,2010
Grenada,2012,0.42,Other,5.76,168,0.13,44.8276,0.0,2010
Grenada,2013,0.32,Other,6.08,171,-0.1,-23.8095,0.0,2010
Grenada,2014,0.25,Other,6.33,171,-0.07,-21.875,0.0,2010
Grenada,2015,0.27,Other,6.6,170,0.02,8.0,0.0,2010
Grenada,2016,0.28,Other,6.88,175,0.01,3.7037,0.0,2010
Grenada,2017,0.29,Other,7.17,176,0.01,3.5714,0.0,2010
Grenada,2018,0.3,Other,7.47,176,0.01,3.4483,0.0,2010
Guatemala,1990,20.05,Other,20.05,87,,,0.08,1990
Guatemala,1991,20.16,Other,40.21,86,0.11,0.5486,0.08,1990
Guatemala,1992,20.95,Other,61.16,82,0.79,3.9187,0.08,1990
Guatemala,1993,21.23,Other,82.39,81,0.28,1.3365,0.08,1990
Guatemala,1994,21.56,Other,103.95,82,0.33,1.5544,0.08,1990
Guatemala,1995,22.48,Other,126.43,81,0.92,4.2672,0.09,1990
Guatemala,1996,22.31,Other,148.74,83,-0.17,-0.7562,0.08,1990
Guatemala,1997,22.67,Other,171.41,82,0.36,1.6136,0.08,1990
Guatemala,1998,24.41,Other,195.82,82,1.74,7.6753,0.09,1990
Guatemala,1999,24.33,Other,220.15,80,-0.08,-0.3277,0.09,1990
Guatemala,2000,25.54,Other,245.69,78,1.21,4.9733,0.09,2000
Guatemala,2001,23.53,Other,269.22,84,-2.01,-7.87,0.08,2000
Guatemala,2002,24.19,Other,293.41,83,0.66,2.8049,0.09,2000
Guatemala,2003,24.26,Other,317.67,84,0.07,0.2894,0.08,2000
Guatemala,2004,24.47,Other,342.14,83,0.21,0.8656,0.08,2000
Guatemala,2005,25.24,Other,367.38,83,0.77,3.1467,0.08,2000
Guatemala,2006,25.23,Other,392.61,84,-0.01,-0.0396,0.08,2000
Guatemala,2007,26.12,Other,418.73,84,0.89,3.5275,0.08,2000
Guatemala,2008,24.96,Other,443.69,86,-1.16,-4.441,0.07,2000
Guatemala,2009,25.57,Other,469.26,84,0.61,2.4439,0.08,2000
Guatemala,2010,25.16,Other,494.42,86,-0.41,-1.6034,0.07,2010
Guatemala,2011,19.45,Other,513.87,97,-5.71,-22.6948,0.06,2010
Guatemala,2012,19.86,Other,533.73,95,0.41,2.108,0.06,2010
Guatemala,2013,20.72,Other,554.45,93,0.86,4.3303,0.06,2010
Guatemala,2014,21.66,Other,576.11,92,0.94,4.5367,0.06,2010
Guatemala,2015,24.05,Other,600.16,88,2.39,11.0342,0.07,2010
Guatemala,2016,20.73,Other,620.89,100,-3.32,-13.8046,0.06,2010
Guatemala,2017,19.78,Other,640.67,102,-0.95,-4.5827,0.05,2010
Guatemala,2018,21.48,Other,662.15,99,1.7,8.5945,0.06,2010
Guinea,1990,11.78,Other,11.78,108,,,0.05,1990
Guinea,1991,11.8,Other,23.58,108,0.02,0.1698,0.05,1990
Guinea,1992,11.83,Other,35.41,108,0.03,0.2542,0.05,1990
Guinea,1993,11.86,Other,47.27,108,0.03,0.2536,0.05,1990
Guinea,1994,11.9,Other,59.17,107,0.04,0.3373,0.05,1990
Guinea,1995,11.93,Other,71.1,108,0.03,0.2521,0.05,1990
Guinea,1996,12.0,Other,83.1,109,0.07,0.5868,0.05,1990
Guinea,1997,12.05,Other,95.15,109,0.05,0.4167,0.04,1990
Guinea,1998,12.13,Other,107.28,110,0.08,0.6639,0.04,1990
Guinea,1999,12.2,Other,119.48,111,0.07,0.5771,0.05,1990
Guinea,2000,12.24,Other,131.72,109,0.04,0.3279,0.04,2000
Guinea,2001,12.67,Other,144.39,110,0.43,3.5131,0.05,2000
Guinea,2002,12.72,Other,157.11,111,0.05,0.3946,0.04,2000
Guinea,2003,12.79,Other,169.9,114,0.07,0.5503,0.04,2000
Guinea,2004,12.86,Other,182.76,115,0.07,0.5473,0.04,2000
Guinea,2005,12.92,Other,195.68,115,0.06,0.4666,0.04,2000
Guinea,2006,12.99,Other,208.67,118,0.07,0.5418,0.04,2000
Guinea,2007,13.06,Other,221.73,117,0.07,0.5389,0.04,2000
Guinea,2008,13.09,Other,234.82,117,0.03,0.2297,0.04,2000
Guinea,2009,13.2,Other,248.02,116,0.11,0.8403,0.04,2000
Guinea,2010,13.58,Other,261.6,114,0.38,2.8788,0.04,2010
Guinea,2011,13.75,Other,275.35,112,0.17,1.2518,0.04,2010
Guinea,2012,13.62,Other,288.97,114,-0.13,-0.9455,0.04,2010
Guinea,2013,13.31,Other,302.28,113,-0.31,-2.2761,0.04,2010
Guinea,2014,13.38,Other,315.66,113,0.07,0.5259,0.04,2010
Guinea,2015,13.68,Other,329.34,114,0.3,2.2422,0.04,2010
Guinea,2016,15.04,Other,344.38,110,1.36,9.9415,0.04,2010
Guinea,2017,15.19,Other,359.57,109,0.15,0.9973,0.04,2010
Guinea,2018,15.35,Other,374.92,109,0.16,1.0533,0.04,2010
Guinea-Bissau,1990,1.66,Other,1.66,149,,,0.01,1990
Guinea-Bissau,1991,1.66,Other,3.32,149,0.0,0.0,0.01,1990
Guinea-Bissau,1992,1.66,Other,4.98,149,0.0,0.0,0.01,1990
Guinea-Bissau,1993,1.67,Other,6.65,148,0.01,0.6024,0.01,1990
Guinea-Bissau,1994,1.67,Other,8.32,148,0.0,0.0,0.01,1990
Guinea-Bissau,1995,1.67,Other,9.99,149,0.0,0.0,0.01,1990
Guinea-Bissau,1996,1.66,Other,11.65,149,-0.01,-0.5988,0.01,1990
Guinea-Bissau,1997,1.68,Other,13.33,149,0.02,1.2048,0.01,1990
Guinea-Bissau,1998,1.66,Other,14.99,151,-0.02,-1.1905,0.01,1990
Guinea-Bissau,1999,1.68,Other,16.67,153,0.02,1.2048,0.01,1990
Guinea-Bissau,2000,1.63,Other,18.3,153,-0.05,-2.9762,0.01,2000
Guinea-Bissau,2001,1.64,Other,19.94,154,0.01,0.6135,0.01,2000
Guinea-Bissau,2002,1.64,Other,21.58,155,0.0,0.0,0.01,2000
Guinea-Bissau,2003,1.68,Other,23.26,155,0.04,2.439,0.01,2000
Guinea-Bissau,2004,1.69,Other,24.95,155,0.01,0.5952,0.01,2000
Guinea-Bissau,2005,1.7,Other,26.65,156,0.01,0.5917,0.01,2000
Guinea-Bissau,2006,1.7,Other,28.35,157,0.0,0.0,0.01,2000
Guinea-Bissau,2007,1.72,Other,30.07,158,0.02,1.1765,0.01,2000
Guinea-Bissau,2008,1.71,Other,31.78,158,-0.01,-0.5814,0.01,2000
Guinea-Bissau,2009,1.72,Other,33.5,159,0.01,0.5848,0.01,2000
Guinea-Bissau,2010,1.73,Other,35.23,158,0.01,0.5814,0.0,2010
Guinea-Bissau,2011,1.73,Other,36.96,155,0.0,0.0,0.01,2010
Guinea-Bissau,2012,1.74,Other,38.7,156,0.01,0.578,0.01,2010
Guinea-Bissau,2013,1.75,Other,40.45,155,0.01,0.5747,0.0,2010
Guinea-Bissau,2014,1.76,Other,42.21,155,0.01,0.5714,0.0,2010
Guinea-Bissau,2015,1.77,Other,43.98,154,0.01,0.5682,0.01,2010
Guinea-Bissau,2016,1.78,Other,45.76,158,0.01,0.565,0.0,2010
Guinea-Bissau,2017,1.78,Other,47.54,160,0.0,0.0,0.0,2010
Guinea-Bissau,2018,1.8,Other,49.34,160,0.02,1.1236,0.0,2010
Guyana,1990,8.15,Other,8.15,119,,,0.03,1990
Guyana,1991,8.12,Other,16.27,120,-0.03,-0.3681,0.03,1990
Guyana,1992,8.05,Other,24.32,122,-0.07,-0.8621,0.03,1990
Guyana,1993,8.06,Other,32.38,122,0.01,0.1242,0.03,1990
Guyana,1994,8.38,Other,40.76,119,0.32,3.9702,0.03,1990
Guyana,1995,8.89,Other,49.65,117,0.51,6.0859,0.03,1990
Guyana,1996,9.22,Other,58.87,117,0.33,3.712,0.03,1990
Guyana,1997,9.47,Other,68.34,116,0.25,2.7115,0.03,1990
Guyana,1998,9.51,Other,77.85,117,0.04,0.4224,0.04,1990
Guyana,1999,9.68,Other,87.53,117,0.17,1.7876,0.04,1990
Guyana,2000,9.63,Other,97.16,117,-0.05,-0.5165,0.03,2000
Guyana,2001,10.32,Other,107.48,120,0.69,7.1651,0.04,2000
Guyana,2002,10.3,Other,117.78,119,-0.02,-0.1938,0.04,2000
Guyana,2003,10.3,Other,128.08,120,0.0,0.0,0.04,2000
Guyana,2004,10.78,Other,138.86,121,0.48,4.6602,0.04,2000
Guyana,2005,10.57,Other,149.43,123,-0.21,-1.9481,0.03,2000
Guyana,2006,10.42,Other,159.85,123,-0.15,-1.4191,0.03,2000
Guyana,2007,10.69,Other,170.54,121,0.27,2.5912,0.03,2000
Guyana,2008,10.68,Other,181.22,122,-0.01,-0.0935,0.03,2000
Guyana,2009,10.7,Other,191.92,121,0.02,0.1873,0.03,2000
Guyana,2010,10.84,Other,202.76,121,0.14,1.3084,0.03,2010
Guyana,2011,18.58,Other,221.34,99,7.74,71.4022,0.05,2010
Guyana,2012,18.74,Other,240.08,98,0.16,0.8611,0.05,2010
Guyana,2013,18.7,Other,258.78,97,-0.04,-0.2134,0.05,2010
Guyana,2014,18.77,Other,277.55,97,0.07,0.3743,0.05,2010
Guyana,2015,18.76,Other,296.31,97,-0.01,-0.0533,0.05,2010
Guyana,2016,16.39,Other,312.7,108,-2.37,-12.6333,0.05,2010
Guyana,2017,16.39,Other,329.09,108,0.0,0.0,0.04,2010
Guyana,2018,16.51,Other,345.6,108,0.12,0.7322,0.04,2010
Haiti,1990,1.09,Other,1.09,153,,,0.0,1990
Haiti,1991,1.07,Other,2.16,154,-0.02,-1.8349,0.0,1990
Haiti,1992,0.97,Other,3.13,156,-0.1,-9.3458,0.0,1990
Haiti,1993,0.77,Other,3.9,155,-0.2,-20.6186,0.0,1990
Haiti,1994,0.26,Other,4.16,161,-0.51,-66.2338,0.0,1990
Haiti,1995,0.97,Other,5.13,155,0.71,273.0769,0.0,1990
Haiti,1996,1.13,Other,6.26,154,0.16,16.4948,0.0,1990
Haiti,1997,1.34,Other,7.6,154,0.21,18.5841,0.0,1990
Haiti,1998,1.38,Other,8.98,154,0.04,2.9851,0.01,1990
Haiti,1999,1.45,Other,10.43,155,0.07,5.0725,0.01,1990
Haiti,2000,1.54,Other,11.97,154,0.09,6.2069,0.01,2000
Haiti,2001,1.67,Other,13.64,153,0.13,8.4416,0.01,2000
Haiti,2002,1.89,Other,15.53,151,0.22,13.1737,0.01,2000
Haiti,2003,1.88,Other,17.41,151,-0.01,-0.5291,0.01,2000
Haiti,2004,1.74,Other,19.15,154,-0.14,-7.4468,0.01,2000
Haiti,2005,1.78,Other,20.93,154,0.04,2.2989,0.01,2000
Haiti,2006,1.79,Other,22.72,156,0.01,0.5618,0.01,2000
Haiti,2007,2.11,Other,24.83,150,0.32,17.8771,0.01,2000
Haiti,2008,2.1,Other,26.93,152,-0.01,-0.4739,0.01,2000
Haiti,2009,2.06,Other,28.99,156,-0.04,-1.9048,0.01,2000
Haiti,2010,2.53,Other,31.52,150,0.47,22.8155,0.01,2010
Haiti,2011,3.45,Other,34.97,143,0.92,36.3636,0.01,2010
Haiti,2012,3.15,Other,38.12,145,-0.3,-8.6957,0.01,2010
Haiti,2013,3.38,Other,41.5,143,0.23,7.3016,0.01,2010
Haiti,2014,3.71,Other,45.21,144,0.33,9.7633,0.01,2010
Haiti,2015,3.97,Other,49.18,143,0.26,7.0081,0.01,2010
Haiti,2016,4.04,Other,53.22,148,0.07,1.7632,0.01,2010
Haiti,2017,4.0,Other,57.22,150,-0.04,-0.9901,0.01,2010
Haiti,2018,3.96,Other,61.18,150,-0.04,-1.0,0.01,2010
Honduras,1990,7.99,Other,7.99,121,,,0.03,1990
Honduras,1991,8.0,Other,15.99,122,0.01,0.1252,0.03,1990
Honduras,1992,8.28,Other,24.27,120,0.28,3.5,0.03,1990
Honduras,1993,8.45,Other,32.72,119,0.17,2.0531,0.03,1990
Honduras,1994,8.8,Other,41.52,115,0.35,4.142,0.03,1990
Honduras,1995,9.42,Other,50.94,114,0.62,7.0455,0.04,1990
Honduras,1996,9.46,Other,60.4,115,0.04,0.4246,0.04,1990
Honduras,1997,9.6,Other,70.0,114,0.14,1.4799,0.03,1990
Honduras,1998,10.24,Other,80.24,114,0.64,6.6667,0.04,1990
Honduras,1999,10.31,Other,90.55,116,0.07,0.6836,0.04,1990
Honduras,2000,10.57,Other,101.12,115,0.26,2.5218,0.04,2000
Honduras,2001,11.21,Other,112.33,116,0.64,6.0549,0.04,2000
Honduras,2002,11.49,Other,123.82,116,0.28,2.4978,0.04,2000
Honduras,2003,12.13,Other,135.95,115,0.64,5.5701,0.04,2000
Honduras,2004,12.97,Other,148.92,113,0.84,6.925,0.04,2000
Honduras,2005,12.38,Other,161.3,117,-0.59,-4.549,0.04,2000
Honduras,2006,13.39,Other,174.69,114,1.01,8.1583,0.04,2000
Honduras,2007,13.96,Other,188.65,113,0.57,4.2569,0.04,2000
Honduras,2008,14.01,Other,202.66,113,0.05,0.3582,0.04,2000
Honduras,2009,13.5,Other,216.16,114,-0.51,-3.6403,0.04,2000
Honduras,2010,13.56,Other,229.72,116,0.06,0.4444,0.04,2010
Honduras,2011,14.68,Other,244.4,106,1.12,8.2596,0.04,2010
Honduras,2012,15.04,Other,259.44,107,0.36,2.4523,0.04,2010
Honduras,2013,15.24,Other,274.68,104,0.2,1.3298,0.04,2010
Honduras,2014,15.36,Other,290.04,105,0.12,0.7874,0.04,2010
Honduras,2015,15.76,Other,305.8,104,0.4,2.6042,0.04,2010
Honduras,2016,14.92,Other,320.72,111,-0.84,-5.3299,0.04,2010
Honduras,2017,14.53,Other,335.25,113,-0.39,-2.6139,0.04,2010
Honduras,2018,15.3,Other,350.55,110,0.77,5.2994,0.04,2010
Hungary,1990,69.04,Other,69.04,44,,,0.27,1990
Hungary,1991,66.18,Other,135.22,45,-2.86,-4.1425,0.26,1990
Hungary,1992,59.63,Other,194.85,48,-6.55,-9.8972,0.24,1990
Hungary,1993,60.01,Other,254.86,48,0.38,0.6373,0.24,1990
Hungary,1994,59.41,Other,314.27,51,-0.6,-0.9998,0.23,1990
Hungary,1995,59.07,Other,373.34,52,-0.34,-0.5723,0.23,1990
Hungary,1996,60.1,Other,433.44,51,1.03,1.7437,0.23,1990
Hungary,1997,58.62,Other,492.06,53,-1.48,-2.4626,0.21,1990
Hungary,1998,58.98,Other,551.04,53,0.36,0.6141,0.22,1990
Hungary,1999,59.53,Other,610.57,50,0.55,0.9325,0.22,1990
Hungary,2000,56.26,Other,666.83,53,-3.27,-5.493,0.2,2000
Hungary,2001,58.7,Other,725.53,52,2.44,4.337,0.21,2000
Hungary,2002,58.0,Other,783.53,53,-0.7,-1.1925,0.2,2000
Hungary,2003,60.56,Other,844.09,52,2.56,4.4138,0.21,2000
Hungary,2004,58.66,Other,902.75,54,-1.9,-3.1374,0.19,2000
Hungary,2005,58.23,Other,960.98,54,-0.43,-0.733,0.18,2000
Hungary,2006,57.73,Other,1018.71,58,-0.5,-0.8587,0.18,2000
Hungary,2007,56.13,Other,1074.84,59,-1.6,-2.7715,0.17,2000
Hungary,2008,55.29,Other,1130.13,60,-0.84,-1.4965,0.17,2000
Hungary,2009,50.11,Other,1180.24,65,-5.18,-9.3688,0.15,2000
Hungary,2010,50.15,Other,1230.39,65,0.04,0.0798,0.14,2010
Hungary,2011,48.25,Other,1278.64,63,-1.9,-3.7886,0.14,2010
Hungary,2012,44.77,Other,1323.41,66,-3.48,-7.2124,0.13,2010
Hungary,2013,42.1,Other,1365.51,69,-2.67,-5.9638,0.12,2010
Hungary,2014,41.96,Other,1407.47,69,-0.14,-0.3325,0.12,2010
Hungary,2015,44.72,Other,1452.19,66,2.76,6.5777,0.13,2010
Hungary,2016,46.39,Other,1498.58,68,1.67,3.7343,0.13,2010
Hungary,2017,48.45,Other,1547.03,67,2.06,4.4406,0.13,2010
Hungary,2018,48.28,Other,1595.31,67,-0.17,-0.3509,0.13,2010
Iceland,1990,1.96,Other,1.96,146,,,0.01,1990
Iceland,1991,1.93,Other,3.89,147,-0.03,-1.5306,0.01,1990
Iceland,1992,1.96,Other,5.85,147,0.03,1.5544,0.01,1990
Iceland,1993,2.0,Other,7.85,147,0.04,2.0408,0.01,1990
Iceland,1994,2.11,Other,9.96,146,0.11,5.5,0.01,1990
Iceland,1995,2.02,Other,11.98,147,-0.09,-4.2654,0.01,1990
Iceland,1996,2.28,Other,14.26,145,0.26,12.8713,0.01,1990
Iceland,1997,2.17,Other,16.43,146,-0.11,-4.8246,0.01,1990
Iceland,1998,2.17,Other,18.6,147,0.0,0.0,0.01,1990
Iceland,1999,2.13,Other,20.73,150,-0.04,-1.8433,0.01,1990
Iceland,2000,2.24,Other,22.97,147,0.11,5.1643,0.01,2000
Iceland,2001,2.14,Other,25.11,145,-0.1,-4.4643,0.01,2000
Iceland,2002,2.22,Other,27.33,148,0.08,3.7383,0.01,2000
Iceland,2003,2.2,Other,29.53,148,-0.02,-0.9009,0.01,2000
Iceland,2004,2.29,Other,31.82,147,0.09,4.0909,0.01,2000
Iceland,2005,2.26,Other,34.08,147,-0.03,-1.31,0.01,2000
Iceland,2006,2.31,Other,36.39,148,0.05,2.2124,0.01,2000
Iceland,2007,2.36,Other,38.75,149,0.05,2.1645,0.01,2000
Iceland,2008,2.16,Other,40.91,150,-0.2,-8.4746,0.01,2000
Iceland,2009,2.08,Other,42.99,155,-0.08,-3.7037,0.01,2000
Iceland,2010,1.93,Other,44.92,156,-0.15,-7.2115,0.01,2010
Iceland,2011,1.81,Other,46.73,154,-0.12,-6.2176,0.01,2010
Iceland,2012,1.78,Other,48.51,155,-0.03,-1.6575,0.01,2010
Iceland,2013,1.95,Other,50.46,154,0.17,9.5506,0.01,2010
Iceland,2014,1.97,Other,52.43,154,0.02,1.0256,0.01,2010
Iceland,2015,1.98,Other,54.41,153,0.01,0.5076,0.01,2010
Iceland,2016,1.98,Other,56.39,157,0.0,0.0,0.01,2010
Iceland,2017,2.09,Other,58.48,158,0.11,5.5556,0.01,2010
Iceland,2018,2.11,Other,60.59,158,0.02,0.9569,0.01,2010
India,1990,341.32,Asia,341.32,14,,,1.35,1990
India,1991,386.17,Asia,727.49,12,44.85,13.1402,1.52,1990
India,1992,409.09,Asia,1136.58,12,22.92,5.9352,1.62,1990
India,1993,431.31,Asia,1567.89,12,22.22,5.4316,1.7,1990
India,1994,466.79,Asia,2034.68,11,35.48,8.2261,1.84,1990
India,1995,519.98,Asia,2554.66,9,53.19,11.3948,1.99,1990
India,1996,555.6,Asia,3110.26,9,35.62,6.8503,2.1,1990
India,1997,600.38,Asia,3710.64,9,44.78,8.0598,2.19,1990
India,1998,618.73,Asia,4329.37,9,18.35,3.0564,2.29,1990
India,1999,683.0,Asia,5012.37,9,64.27,10.3874,2.53,1990
India,2000,719.07,Asia,5731.44,9,36.07,5.2811,2.61,2000
India,2001,958.86,Asia,6690.3,6,239.79,33.3472,3.46,2000
India,2002,992.51,Asia,7682.81,7,33.65,3.5094,3.49,2000
India,2003,1020.87,Asia,8703.68,6,28.36,2.8574,3.48,2000
India,2004,1092.16,Asia,9795.84,6,71.29,6.9833,3.55,2000
India,2005,1142.71,Asia,10938.55,5,50.55,4.6284,3.62,2000
India,2006,1219.23,Asia,12157.78,5,76.52,6.6964,3.73,2000
India,2007,1341.07,Asia,13498.85,5,121.84,9.9932,4.02,2000
India,2008,1428.85,Asia,14927.7,5,87.78,6.5455,4.27,2000
India,2009,1573.51,Asia,16501.21,4,144.66,10.1242,4.73,2000
India,2010,1670.29,Asia,18171.5,4,96.78,6.1506,4.8,2010
India,2011,1695.97,Asia,19867.47,4,25.68,1.5375,4.94,2010
India,2012,1843.74,Asia,21711.21,4,147.77,8.713,5.31,2010
India,2013,1901.98,Asia,23613.19,4,58.24,3.1588,5.4,2010
India,2014,2072.03,Asia,25685.22,4,170.05,8.9407,5.86,2010
India,2015,2085.38,Asia,27770.6,4,13.35,0.6443,5.91,2010
India,2016,2149.01,Asia,29919.61,4,63.63,3.0512,5.93,2010
India,2017,2267.16,Asia,32186.77,4,118.15,5.4979,6.19,2010
India,2018,2400.25,Asia,34587.02,4,133.09,5.8703,6.42,2010
Indonesia,1990,832.39,Asia,832.39,8,,,3.29,1990
Indonesia,1991,846.23,Asia,1678.62,8,13.84,1.6627,3.33,1990
Indonesia,1992,855.3,Asia,2533.92,7,9.07,1.0718,3.39,1990
Indonesia,1993,869.88,Asia,3403.8,7,14.58,1.7047,3.43,1990
Indonesia,1994,881.31,Asia,4285.11,7,11.43,1.314,3.47,1990
Indonesia,1995,909.21,Asia,5194.32,7,27.9,3.1657,3.49,1990
Indonesia,1996,772.38,Asia,5966.7,8,-136.83,-15.0493,2.92,1990
Indonesia,1997,1484.56,Asia,7451.26,4,712.18,92.2059,5.41,1990
Indonesia,1998,907.96,Asia,8359.22,7,-576.6,-38.8398,3.36,1990
Indonesia,1999,849.42,Asia,9208.64,7,-58.54,-6.4474,3.15,1990
Indonesia,2000,795.62,Asia,10004.26,7,-53.8,-6.3337,2.88,2000
Indonesia,2001,631.16,Asia,10635.42,10,-164.46,-20.6707,2.28,2000
Indonesia,2002,1001.39,Asia,11636.81,6,370.23,58.6587,3.52,2000
Indonesia,2003,761.93,Asia,12398.74,9,-239.46,-23.9128,2.6,2000
Indonesia,2004,1031.49,Asia,13430.23,7,269.56,35.3786,3.35,2000
Indonesia,2005,829.93,Asia,14260.16,8,-201.56,-19.5407,2.63,2000
Indonesia,2006,1152.83,Asia,15412.99,6,322.9,38.9069,3.52,2000
Indonesia,2007,738.57,Asia,16151.56,10,-414.26,-35.9342,2.22,2000
Indonesia,2008,731.76,Asia,16883.32,10,-6.81,-0.9221,2.18,2000
Indonesia,2009,1036.71,Asia,17920.03,6,304.95,41.6735,3.12,2000
Indonesia,2010,773.92,Asia,18693.95,9,-262.79,-25.3485,2.22,2010
Indonesia,2011,1285.69,Asia,19979.64,5,511.77,66.127,3.75,2010
Indonesia,2012,1303.87,Asia,21283.51,5,18.18,1.414,3.76,2010
Indonesia,2013,1250.27,Asia,22533.78,5,-53.6,-4.1108,3.55,2010
Indonesia,2014,1539.23,Asia,24073.01,5,288.96,23.1118,4.35,2010
Indonesia,2015,1574.76,Asia,25647.77,5,35.53,2.3083,4.46,2010
Indonesia,2016,1068.1,Asia,26715.87,6,-506.66,-32.1738,2.95,2010
Indonesia,2017,1081.11,Asia,27796.98,6,13.01,1.2181,2.95,2010
Indonesia,2018,1269.55,Asia,29066.53,5,188.44,17.4302,3.39,2010
Iran,1990,158.83,Middle East,158.83,27,,,0.63,1990
Iran,1991,197.26,Middle East,356.09,23,38.43,24.1957,0.78,1990
Iran,1992,212.99,Middle East,569.08,23,15.73,7.9742,0.84,1990
Iran,1993,210.86,Middle East,779.94,23,-2.13,-1.0,0.83,1990
Iran,1994,240.77,Middle East,1020.71,22,29.91,14.1848,0.95,1990
Iran,1995,251.99,Middle East,1272.7,22,11.22,4.66,0.97,1990
Iran,1996,259.83,Middle East,1532.53,22,7.84,3.1112,0.98,1990
Iran,1997,271.0,Middle East,1803.53,22,11.17,4.299,0.99,1990
Iran,1998,272.42,Middle East,2075.95,21,1.42,0.524,1.01,1990
Iran,1999,306.0,Middle East,2381.95,18,33.58,12.3266,1.14,1990
Iran,2000,320.34,Middle East,2702.29,18,14.34,4.6863,1.16,2000
Iran,2001,306.74,Middle East,3009.03,19,-13.6,-4.2455,1.11,2000
Iran,2002,324.45,Middle East,3333.48,17,17.71,5.7736,1.14,2000
Iran,2003,346.42,Middle East,3679.9,17,21.97,6.7715,1.18,2000
Iran,2004,375.44,Middle East,4055.34,16,29.02,8.3771,1.22,2000
Iran,2005,406.93,Middle East,4462.27,14,31.49,8.3875,1.29,2000
Iran,2006,446.5,Middle East,4908.77,12,39.57,9.724,1.36,2000
Iran,2007,479.47,Middle East,5388.24,12,32.97,7.3841,1.44,2000
Iran,2008,489.82,Middle East,5878.06,12,10.35,2.1586,1.46,2000
Iran,2009,507.16,Middle East,6385.22,11,17.34,3.5401,1.53,2000
Iran,2010,506.63,Middle East,6891.85,12,-0.53,-0.1045,1.46,2010
Iran,2011,561.73,Middle East,7453.58,12,55.1,10.8758,1.64,2010
Iran,2012,571.12,Middle East,8024.7,12,9.39,1.6716,1.65,2010
Iran,2013,592.48,Middle East,8617.18,12,21.36,3.74,1.68,2010
Iran,2014,610.67,Middle East,9227.85,11,18.19,3.0701,1.73,2010
Iran,2015,602.23,Middle East,9830.08,12,-8.44,-1.3821,1.71,2010
Iran,2016,605.81,Middle East,10435.89,10,3.58,0.5945,1.67,2010
Iran,2017,620.83,Middle East,11056.72,10,15.02,2.4793,1.69,2010
Iran,2018,629.35,Middle East,11686.07,10,8.52,1.3724,1.68,2010
Iraq,1990,64.71,Other,64.71,47,,,0.26,1990
Iraq,1991,46.63,Other,111.34,58,-18.08,-27.94,0.18,1990
Iraq,1992,67.26,Other,178.6,44,20.63,44.2419,0.27,1990
Iraq,1993,88.63,Other,267.23,40,21.37,31.7722,0.35,1990
Iraq,1994,99.59,Other,366.82,38,10.96,12.366,0.39,1990
Iraq,1995,95.97,Other,462.79,37,-3.62,-3.6349,0.37,1990
Iraq,1996,98.08,Other,560.87,37,2.11,2.1986,0.37,1990
Iraq,1997,115.65,Other,676.52,34,17.57,17.9139,0.42,1990
Iraq,1998,81.32,Other,757.84,44,-34.33,-29.6844,0.3,1990
Iraq,1999,64.47,Other,822.31,48,-16.85,-20.7206,0.24,1990
Iraq,2000,74.44,Other,896.75,47,9.97,15.4646,0.27,2000
Iraq,2001,84.25,Other,981.0,43,9.81,13.1784,0.3,2000
Iraq,2002,79.36,Other,1060.36,44,-4.89,-5.8042,0.28,2000
Iraq,2003,72.03,Other,1132.39,47,-7.33,-9.2364,0.25,2000
Iraq,2004,75.24,Other,1207.63,47,3.21,4.4565,0.24,2000
Iraq,2005,88.17,Other,1295.8,44,12.93,17.185,0.28,2000
Iraq,2006,83.84,Other,1379.64,45,-4.33,-4.911,0.26,2000
Iraq,2007,77.42,Other,1457.06,45,-6.42,-7.6574,0.23,2000
Iraq,2008,85.99,Other,1543.05,45,8.57,11.0695,0.26,2000
Iraq,2009,107.46,Other,1650.51,39,21.47,24.968,0.32,2000
Iraq,2010,120.18,Other,1770.69,38,12.72,11.837,0.35,2010
Iraq,2011,131.12,Other,1901.81,35,10.94,9.103,0.38,2010
Iraq,2012,151.94,Other,2053.75,32,20.82,15.8786,0.44,2010
Iraq,2013,162.63,Other,2216.38,31,10.69,7.0357,0.46,2010
Iraq,2014,168.92,Other,2385.3,31,6.29,3.8677,0.48,2010
Iraq,2015,162.27,Other,2547.57,33,-6.65,-3.9368,0.46,2010
Iraq,2016,172.84,Other,2720.41,34,10.57,6.5138,0.48,2010
Iraq,2017,174.79,Other,2895.2,33,1.95,1.1282,0.48,2010
Iraq,2018,188.64,Other,3083.84,32,13.85,7.9238,0.5,2010
Ireland,1990,28.53,Other,28.53,79,,,0.11,1990
Ireland,1991,29.05,Other,57.58,77,0.52,1.8226,0.11,1990
Ireland,1992,29.13,Other,86.71,73,0.08,0.2754,0.12,1990
Ireland,1993,29.26,Other,115.97,73,0.13,0.4463,0.12,1990
Ireland,1994,30.45,Other,146.42,74,1.19,4.067,0.12,1990
Ireland,1995,31.05,Other,177.47,73,0.6,1.9704,0.12,1990
Ireland,1996,32.51,Other,209.98,72,1.46,4.7021,0.12,1990
Ireland,1997,33.68,Other,243.66,70,1.17,3.5989,0.12,1990
Ireland,1998,36.2,Other,279.86,69,2.52,7.4822,0.13,1990
Ireland,1999,37.81,Other,317.67,68,1.61,4.4475,0.14,1990
Ireland,2000,40.15,Other,357.82,66,2.34,6.1888,0.15,2000
Ireland,2001,42.79,Other,400.61,66,2.64,6.5753,0.15,2000
Ireland,2002,41.92,Other,442.53,67,-0.87,-2.0332,0.15,2000
Ireland,2003,42.09,Other,484.62,69,0.17,0.4055,0.14,2000
Ireland,2004,42.73,Other,527.35,69,0.64,1.5206,0.14,2000
Ireland,2005,44.65,Other,572.0,67,1.92,4.4933,0.14,2000
Ireland,2006,45.68,Other,617.68,67,1.03,2.3068,0.14,2000
Ireland,2007,44.89,Other,662.57,69,-0.79,-1.7294,0.13,2000
Ireland,2008,44.22,Other,706.79,69,-0.67,-1.4925,0.13,2000
Ireland,2009,38.89,Other,745.68,72,-5.33,-12.0534,0.12,2000
Ireland,2010,38.5,Other,784.18,73,-0.39,-1.0028,0.11,2010
Ireland,2011,34.11,Other,818.29,79,-4.39,-11.4026,0.1,2010
Ireland,2012,34.85,Other,853.14,78,0.74,2.1695,0.1,2010
Ireland,2013,33.47,Other,886.61,77,-1.38,-3.9598,0.1,2010
Ireland,2014,33.3,Other,919.91,78,-0.17,-0.5079,0.09,2010
Ireland,2015,34.75,Other,954.66,76,1.45,4.3544,0.1,2010
Ireland,2016,35.91,Other,990.57,79,1.16,3.3381,0.1,2010
Ireland,2017,34.74,Other,1025.31,79,-1.17,-3.2581,0.09,2010
Ireland,2018,34.32,Other,1059.63,79,-0.42,-1.209,0.09,2010
Israel,1990,33.78,Other,33.78,69,,,0.13,1990
Israel,1991,34.5,Other,68.28,69,0.72,2.1314,0.14,1990
Israel,1992,36.83,Other,105.11,64,2.33,6.7536,0.15,1990
Israel,1993,40.48,Other,145.59,63,3.65,9.9104,0.16,1990
Israel,1994,43.34,Other,188.93,61,2.86,7.0652,0.17,1990
Israel,1995,46.75,Other,235.68,58,3.41,7.868,0.18,1990
Israel,1996,48.71,Other,284.39,59,1.96,4.1925,0.18,1990
Israel,1997,50.94,Other,335.33,57,2.23,4.5781,0.19,1990
Israel,1998,51.48,Other,386.81,57,0.54,1.0601,0.19,1990
Israel,1999,52.96,Other,439.77,56,1.48,2.8749,0.2,1990
Israel,2000,56.97,Other,496.74,52,4.01,7.5718,0.21,2000
Israel,2001,57.94,Other,554.68,53,0.97,1.7027,0.21,2000
Israel,2002,61.07,Other,615.75,51,3.13,5.4021,0.21,2000
Israel,2003,62.88,Other,678.63,50,1.81,2.9638,0.21,2000
Israel,2004,63.15,Other,741.78,50,0.27,0.4294,0.21,2000
Israel,2005,60.98,Other,802.76,52,-2.17,-3.4363,0.19,2000
Israel,2006,64.32,Other,867.08,51,3.34,5.4772,0.2,2000
Israel,2007,66.58,Other,933.66,50,2.26,3.5137,0.2,2000
Israel,2008,66.7,Other,1000.36,50,0.12,0.1802,0.2,2000
Israel,2009,65.71,Other,1066.07,50,-0.99,-1.4843,0.2,2000
Israel,2010,70.51,Other,1136.58,50,4.8,7.3048,0.2,2010
Israel,2011,69.77,Other,1206.35,51,-0.74,-1.0495,0.2,2010
Israel,2012,76.01,Other,1282.36,49,6.24,8.9437,0.22,2010
Israel,2013,66.95,Other,1349.31,54,-9.06,-11.9195,0.19,2010
Israel,2014,64.67,Other,1413.98,54,-2.28,-3.4055,0.18,2010
Israel,2015,66.09,Other,1480.07,55,1.42,2.1958,0.19,2010
Israel,2016,65.34,Other,1545.41,55,-0.75,-1.1348,0.18,2010
Israel,2017,66.12,Other,1611.53,55,0.78,1.1938,0.18,2010
Israel,2018,62.05,Other,1673.58,57,-4.07,-6.1555,0.17,2010
Italy,1990,370.74,Europe,370.74,13,,,1.47,1990
Italy,1991,369.55,Europe,740.29,13,-1.19,-0.321,1.45,1990
Italy,1992,367.75,Europe,1108.04,14,-1.8,-0.4871,1.46,1990
Italy,1993,362.41,Europe,1470.45,14,-5.34,-1.4521,1.43,1990
Italy,1994,357.76,Europe,1828.21,14,-4.65,-1.2831,1.41,1990
Italy,1995,381.89,Europe,2210.1,12,24.13,6.7447,1.46,1990
Italy,1996,377.63,Europe,2587.73,12,-4.26,-1.1155,1.43,1990
Italy,1997,381.0,Europe,2968.73,13,3.37,0.8924,1.39,1990
Italy,1998,391.85,Europe,3360.58,13,10.85,2.8478,1.45,1990
Italy,1999,398.49,Europe,3759.07,12,6.64,1.6945,1.48,1990
Italy,2000,401.78,Europe,4160.85,14,3.29,0.8256,1.46,2000
Italy,2001,401.86,Europe,4562.71,13,0.08,0.0199,1.45,2000
Italy,2002,408.76,Europe,4971.47,12,6.9,1.717,1.44,2000
Italy,2003,427.49,Europe,5398.96,12,18.73,4.5822,1.46,2000
Italy,2004,437.69,Europe,5836.65,12,10.2,2.386,1.42,2000
Italy,2005,439.12,Europe,6275.77,12,1.43,0.3267,1.39,2000
Italy,2006,431.94,Europe,6707.71,13,-7.18,-1.6351,1.32,2000
Italy,2007,424.66,Europe,7132.37,14,-7.28,-1.6854,1.27,2000
Italy,2008,410.27,Europe,7542.64,17,-14.39,-3.3886,1.22,2000
Italy,2009,362.34,Europe,7904.98,19,-47.93,-11.6826,1.09,2000
Italy,2010,370.56,Europe,8275.54,18,8.22,2.2686,1.07,2010
Italy,2011,362.02,Europe,8637.56,18,-8.54,-2.3046,1.06,2010
Italy,2012,342.08,Europe,8979.64,19,-19.94,-5.508,0.99,2010
Italy,2013,311.79,Europe,9291.43,19,-30.29,-8.8547,0.89,2010
Italy,2014,292.83,Europe,9584.26,20,-18.96,-6.081,0.83,2010
Italy,2015,303.19,Europe,9887.45,19,10.36,3.5379,0.86,2010
Italy,2016,320.52,Europe,10207.97,20,17.33,5.7159,0.88,2010
Italy,2017,316.37,Europe,10524.34,20,-4.15,-1.2948,0.86,2010
Italy,2018,312.03,Europe,10836.37,21,-4.34,-1.3718,0.83,2010
Jamaica,1990,7.83,Other,7.83,122,,,0.03,1990
Jamaica,1991,7.76,Other,15.59,124,-0.07,-0.894,0.03,1990
Jamaica,1992,8.51,Other,24.1,119,0.75,9.6649,0.03,1990
Jamaica,1993,8.68,Other,32.78,118,0.17,1.9976,0.03,1990
Jamaica,1994,8.74,Other,41.52,116,0.06,0.6912,0.03,1990
Jamaica,1995,9.05,Other,50.57,115,0.31,3.5469,0.03,1990
Jamaica,1996,9.41,Other,59.98,116,0.36,3.9779,0.04,1990
Jamaica,1997,9.57,Other,69.55,115,0.16,1.7003,0.03,1990
Jamaica,1998,10.12,Other,79.67,115,0.55,5.7471,0.04,1990
Jamaica,1999,10.41,Other,90.08,115,0.29,2.8656,0.04,1990
Jamaica,2000,10.5,Other,100.58,116,0.09,0.8646,0.04,2000
Jamaica,2001,7.65,Other,108.23,126,-2.85,-27.1429,0.03,2000
Jamaica,2002,7.82,Other,116.05,126,0.17,2.2222,0.03,2000
Jamaica,2003,8.16,Other,124.21,126,0.34,4.3478,0.03,2000
Jamaica,2004,8.14,Other,132.35,126,-0.02,-0.2451,0.03,2000
Jamaica,2005,8.13,Other,140.48,126,-0.01,-0.1229,0.03,2000
Jamaica,2006,9.63,Other,150.11,124,1.5,18.4502,0.03,2000
Jamaica,2007,9.59,Other,159.7,125,-0.04,-0.4154,0.03,2000
Jamaica,2008,7.19,Other,166.89,132,-2.4,-25.0261,0.02,2000
Jamaica,2009,5.45,Other,172.34,137,-1.74,-24.2003,0.02,2000
Jamaica,2010,5.05,Other,177.39,137,-0.4,-7.3394,0.01,2010
Jamaica,2011,7.83,Other,185.22,130,2.78,55.0495,0.02,2010
Jamaica,2012,7.35,Other,192.57,133,-0.48,-6.1303,0.02,2010
Jamaica,2013,7.82,Other,200.39,131,0.47,6.3946,0.02,2010
Jamaica,2014,7.64,Other,208.03,131,-0.18,-2.3018,0.02,2010
Jamaica,2015,7.53,Other,215.56,132,-0.11,-1.4398,0.02,2010
Jamaica,2016,7.93,Other,223.49,134,0.4,5.3121,0.02,2010
Jamaica,2017,7.37,Other,230.86,136,-0.56,-7.0618,0.02,2010
Jamaica,2018,8.69,Other,239.55,132,1.32,17.9104,0.02,2010
Japan,1990,1016.89,Asia,1016.89,6,,,4.02,1990
Japan,1991,1029.99,Asia,2046.88,6,13.1,1.2882,4.05,1990
Japan,1992,1041.79,Asia,3088.67,6,11.8,1.1456,4.12,1990
Japan,1993,1033.99,Asia,4122.66,6,-7.8,-0.7487,4.08,1990
Japan,1994,1087.22,Asia,5209.88,6,53.23,5.148,4.28,1990
Japan,1995,1097.1,Asia,6306.98,6,9.88,0.9087,4.21,1990
Japan,1996,1110.51,Asia,7417.49,6,13.41,1.2223,4.2,1990
Japan,1997,1098.26,Asia,8515.75,6,-12.25,-1.1031,4.0,1990
Japan,1998,1055.5,Asia,9571.25,5,-42.76,-3.8934,3.91,1990
Japan,1999,1090.14,Asia,10661.39,5,34.64,3.2819,4.05,1990
Japan,2000,1107.18,Asia,11768.57,6,17.04,1.5631,4.01,2000
Japan,2001,1073.16,Asia,12841.73,5,-34.02,-3.0727,3.87,2000
Japan,2002,1109.5,Asia,13951.23,5,36.34,3.3863,3.9,2000
Japan,2003,1118.29,Asia,15069.52,5,8.79,0.7922,3.81,2000
Japan,2004,1113.6,Asia,16183.12,5,-4.69,-0.4194,3.62,2000
Japan,2005,1116.25,Asia,17299.37,6,2.65,0.238,3.54,2000
Japan,2006,1092.63,Asia,18392.0,7,-23.62,-2.116,3.34,2000
Japan,2007,1128.57,Asia,19520.57,6,35.94,3.2893,3.39,2000
Japan,2008,1061.73,Asia,20582.3,6,-66.84,-5.9225,3.17,2000
Japan,2009,1003.19,Asia,21585.49,7,-58.54,-5.5136,3.02,2000
Japan,2010,1057.96,Asia,22643.45,6,54.77,5.4596,3.04,2010
Japan,2011,1162.67,Asia,23806.12,6,104.71,9.8973,3.39,2010
Japan,2012,1202.66,Asia,25008.78,6,39.99,3.4395,3.47,2010
Japan,2013,1211.27,Asia,26220.05,6,8.61,0.7159,3.44,2010
Japan,2014,1170.11,Asia,27390.16,6,-41.16,-3.3981,3.31,2010
Japan,2015,1131.74,Asia,28521.9,6,-38.37,-3.2792,3.21,2010
Japan,2016,1139.33,Asia,29661.23,5,7.59,0.6706,3.14,2010
Japan,2017,1119.86,Asia,30781.09,5,-19.47,-1.7089,3.06,2010
Japan,2018,1074.08,Asia,31855.17,6,-45.78,-4.088,2.87,2010
Jordan,1990,9.93,Other,9.93,114,,,0.04,1990
Jordan,1991,9.78,Other,19.71,114,-0.15,-1.5106,0.04,1990
Jordan,1992,11.92,Other,31.63,107,2.14,21.8814,0.05,1990
Jordan,1993,12.2,Other,43.83,106,0.28,2.349,0.05,1990
Jordan,1994,12.99,Other,56.82,103,0.79,6.4754,0.05,1990
Jordan,1995,13.6,Other,70.42,99,0.61,4.6959,0.05,1990
Jordan,1996,13.87,Other,84.29,101,0.27,1.9853,0.05,1990
Jordan,1997,14.37,Other,98.66,99,0.5,3.6049,0.05,1990
Jordan,1998,14.61,Other,113.27,99,0.24,1.6701,0.05,1990
Jordan,1999,14.63,Other,127.9,98,0.02,0.1369,0.05,1990
Jordan,2000,16.27,Other,144.17,96,1.64,11.2098,0.06,2000
Jordan,2001,16.25,Other,160.42,99,-0.02,-0.1229,0.06,2000
Jordan,2002,16.87,Other,177.29,97,0.62,3.8154,0.06,2000
Jordan,2003,17.31,Other,194.6,99,0.44,2.6082,0.06,2000
Jordan,2004,18.58,Other,213.18,93,1.27,7.3368,0.06,2000
Jordan,2005,19.87,Other,233.05,91,1.29,6.9429,0.06,2000
Jordan,2006,20.17,Other,253.22,93,0.3,1.5098,0.06,2000
Jordan,2007,21.09,Other,274.31,92,0.92,4.5612,0.06,2000
Jordan,2008,20.01,Other,294.32,94,-1.08,-5.1209,0.06,2000
Jordan,2009,20.66,Other,314.98,92,0.65,3.2484,0.06,2000
Jordan,2010,20.2,Other,335.18,95,-0.46,-2.2265,0.06,2010
Jordan,2011,20.76,Other,355.94,92,0.56,2.7723,0.06,2010
Jordan,2012,24.12,Other,380.06,86,3.36,16.185,0.07,2010
Jordan,2013,23.8,Other,403.86,87,-0.32,-1.3267,0.07,2010
Jordan,2014,25.59,Other,429.45,86,1.79,7.521,0.07,2010
Jordan,2015,25.36,Other,454.81,87,-0.23,-0.8988,0.07,2010
Jordan,2016,24.86,Other,479.67,92,-0.5,-1.9716,0.07,2010
Jordan,2017,26.1,Other,505.77,90,1.24,4.9879,0.07,2010
Jordan,2018,24.7,Other,530.47,91,-1.4,-5.364,0.07,2010
Kazakhstan,1990,236.74,Other,236.74,21,,,0.94,1990
Kazakhstan,1991,246.71,Other,483.45,21,9.97,4.2114,0.97,1990
Kazakhstan,1992,254.83,Other,738.28,19,8.12,3.2913,1.01,1990
Kazakhstan,1993,217.53,Other,955.81,22,-37.3,-14.6372,0.86,1990
Kazakhstan,1994,195.24,Other,1151.05,24,-22.29,-10.2469,0.77,1990
Kazakhstan,1995,171.65,Other,1322.7,26,-23.59,-12.0826,0.66,1990
Kazakhstan,1996,149.08,Other,1471.78,31,-22.57,-13.1488,0.56,1990
Kazakhstan,1997,125.99,Other,1597.77,33,-23.09,-15.4883,0.46,1990
Kazakhstan,1998,129.49,Other,1727.26,32,3.5,2.778,0.48,1990
Kazakhstan,1999,117.43,Other,1844.69,33,-12.06,-9.3135,0.44,1990
Kazakhstan,2000,113.85,Other,1958.54,34,-3.58,-3.0486,0.41,2000
Kazakhstan,2001,110.36,Other,2068.9,37,-3.49,-3.0654,0.4,2000
Kazakhstan,2002,119.94,Other,2188.84,34,9.58,8.6807,0.42,2000
Kazakhstan,2003,134.78,Other,2323.62,31,14.84,12.3729,0.46,2000
Kazakhstan,2004,148.7,Other,2472.32,30,13.92,10.3279,0.48,2000
Kazakhstan,2005,160.96,Other,2633.28,30,12.26,8.2448,0.51,2000
Kazakhstan,2006,178.69,Other,2811.97,29,17.73,11.0152,0.55,2000
Kazakhstan,2007,187.59,Other,2999.56,29,8.9,4.9807,0.56,2000
Kazakhstan,2008,230.49,Other,3230.05,28,42.9,22.869,0.69,2000
Kazakhstan,2009,202.7,Other,3432.75,28,-27.79,-12.0569,0.61,2000
Kazakhstan,2010,222.05,Other,3654.8,28,19.35,9.5461,0.64,2010
Kazakhstan,2011,232.33,Other,3887.13,28,10.28,4.6296,0.68,2010
Kazakhstan,2012,231.63,Other,4118.76,28,-0.7,-0.3013,0.67,2010
Kazakhstan,2013,246.48,Other,4365.24,27,14.85,6.4111,0.7,2010
Kazakhstan,2014,195.37,Other,4560.61,29,-51.11,-20.736,0.55,2010
Kazakhstan,2015,196.78,Other,4757.39,28,1.41,0.7217,0.56,2010
Kazakhstan,2016,220.04,Other,4977.43,27,23.26,11.8203,0.61,2010
Kazakhstan,2017,222.57,Other,5200.0,27,2.53,1.1498,0.61,2010
Kazakhstan,2018,217.46,Other,5417.46,28,-5.11,-2.2959,0.58,2010
Kenya,1990,1.78,Other,1.78,147,,,0.01,1990
Kenya,1991,1.54,Other,3.32,150,-0.24,-13.4831,0.01,1990
Kenya,1992,1.6,Other,4.92,150,0.06,3.8961,0.01,1990
Kenya,1993,1.51,Other,6.43,150,-0.09,-5.625,0.01,1990
Kenya,1994,1.51,Other,7.94,150,0.0,0.0,0.01,1990
Kenya,1995,2.02,Other,9.96,147,0.51,33.7748,0.01,1990
Kenya,1996,2.62,Other,12.58,143,0.6,29.703,0.01,1990
Kenya,1997,2.29,Other,14.87,145,-0.33,-12.5954,0.01,1990
Kenya,1998,2.81,Other,17.68,143,0.52,22.7074,0.01,1990
Kenya,1999,3.13,Other,20.81,144,0.32,11.3879,0.01,1990
Kenya,2000,3.88,Other,24.69,139,0.75,23.9617,0.01,2000
Kenya,2001,22.73,Other,47.42,86,18.85,485.8247,0.08,2000
Kenya,2002,22.54,Other,69.96,86,-0.19,-0.8359,0.08,2000
Kenya,2003,21.64,Other,91.6,86,-0.9,-3.9929,0.07,2000
Kenya,2004,22.55,Other,114.15,86,0.91,4.2052,0.07,2000
Kenya,2005,23.44,Other,137.59,86,0.89,3.9468,0.07,2000
Kenya,2006,24.41,Other,162.0,85,0.97,4.1382,0.07,2000
Kenya,2007,24.48,Other,186.48,86,0.07,0.2868,0.07,2000
Kenya,2008,25.03,Other,211.51,85,0.55,2.2467,0.07,2000
Kenya,2009,26.82,Other,238.33,82,1.79,7.1514,0.08,2000
Kenya,2010,27.75,Other,266.08,82,0.93,3.4676,0.08,2010
Kenya,2011,21.33,Other,287.41,89,-6.42,-23.1351,0.06,2010
Kenya,2012,20.42,Other,307.83,91,-0.91,-4.2663,0.06,2010
Kenya,2013,22.39,Other,330.22,91,1.97,9.6474,0.06,2010
Kenya,2014,23.32,Other,353.54,89,0.93,4.1536,0.07,2010
Kenya,2015,25.38,Other,378.92,85,2.06,8.8336,0.07,2010
Kenya,2016,11.15,Other,390.07,123,-14.23,-56.0678,0.03,2010
Kenya,2017,11.27,Other,401.34,122,0.12,1.0762,0.03,2010
Kenya,2018,10.78,Other,412.12,124,-0.49,-4.3478,0.03,2010
Kiribati,1990,0.02,Other,0.02,179,,,0.0,1990
Kiribati,1991,0.02,Other,0.04,180,0.0,0.0,0.0,1990
Kiribati,1992,0.02,Other,0.06,182,0.0,0.0,0.0,1990
Kiribati,1993,0.03,Other,0.09,180,0.01,50.0,0.0,1990
Kiribati,1994,0.03,Other,0.12,181,0.0,0.0,0.0,1990
Kiribati,1995,0.03,Other,0.15,181,0.0,0.0,0.0,1990
Kiribati,1996,0.03,Other,0.18,181,0.0,0.0,0.0,1990
Kiribati,1997,0.03,Other,0.21,182,0.0,0.0,0.0,1990
Kiribati,1998,0.03,Other,0.24,182,0.0,0.0,0.0,1990
Kiribati,1999,0.03,Other,0.27,182,0.0,0.0,0.0,1990
Kiribati,2000,0.04,Other,0.31,182,0.01,33.3333,0.0,2000
Kiribati,2001,0.03,Other,0.34,185,-0.01,-25.0,0.0,2000
Kiribati,2002,0.04,Other,0.38,184,0.01,33.3333,0.0,2000
Kiribati,2003,0.05,Other,0.43,184,0.01,25.0,0.0,2000
Kiribati,2004,0.05,Other,0.48,184,0.0,0.0,0.0,2000
Kiribati,2005,0.07,Other,0.55,183,0.02,40.0,0.0,2000
Kiribati,2006,0.07,Other,0.62,183,0.0,0.0,0.0,2000
Kiribati,2007,0.06,Other,0.68,184,-0.01,-14.2857,0.0,2000
Kiribati,2008,0.06,Other,0.74,184,0.0,0.0,0.0,2000
Kiribati,2009,0.06,Other,0.8,184,0.0,0.0,0.0,2000
Kiribati,2010,0.05,Other,0.85,186,-0.01,-16.6667,0.0,2010
Kiribati,2011,0.05,Other,0.9,185,0.0,0.0,0.0,2010
Kiribati,2012,0.06,Other,0.96,184,0.01,20.0,0.0,2010
Kiribati,2013,0.06,Other,1.02,185,0.0,0.0,0.0,2010
Kiribati,2014,0.06,Other,1.08,183,0.0,0.0,0.0,2010
Kiribati,2015,0.06,Other,1.14,183,0.0,0.0,0.0,2010
Kiribati,2016,0.08,Other,1.22,187,0.02,33.3333,0.0,2010
Kiribati,2017,0.08,Other,1.3,187,0.0,0.0,0.0,2010
Kiribati,2018,0.08,Other,1.38,187,0.0,0.0,0.0,2010
Kuwait,1990,29.23,Other,29.23,76,,,0.12,1990
Kuwait,1991,35.73,Other,64.96,67,6.5,22.2374,0.14,1990
Kuwait,1992,22.99,Other,87.95,78,-12.74,-35.6563,0.09,1990
Kuwait,1993,29.24,Other,117.19,74,6.25,27.1857,0.12,1990
Kuwait,1994,33.73,Other,150.92,67,4.49,15.3557,0.13,1990
Kuwait,1995,33.78,Other,184.7,67,0.05,0.1482,0.13,1990
Kuwait,1996,32.93,Other,217.63,70,-0.85,-2.5163,0.12,1990
Kuwait,1997,34.04,Other,251.67,68,1.11,3.3708,0.12,1990
Kuwait,1998,39.87,Other,291.54,65,5.83,17.1269,0.15,1990
Kuwait,1999,43.71,Other,335.25,61,3.84,9.6313,0.16,1990
Kuwait,2000,47.15,Other,382.4,59,3.44,7.8701,0.17,2000
Kuwait,2001,50.8,Other,433.2,58,3.65,7.7413,0.18,2000
Kuwait,2002,53.37,Other,486.57,56,2.57,5.0591,0.19,2000
Kuwait,2003,55.61,Other,542.18,57,2.24,4.1971,0.19,2000
Kuwait,2004,59.47,Other,601.65,53,3.86,6.9412,0.19,2000
Kuwait,2005,67.23,Other,668.88,49,7.76,13.0486,0.21,2000
Kuwait,2006,69.65,Other,738.53,48,2.42,3.5996,0.21,2000
Kuwait,2007,68.71,Other,807.24,48,-0.94,-1.3496,0.21,2000
Kuwait,2008,72.89,Other,880.13,48,4.18,6.0835,0.22,2000
Kuwait,2009,75.01,Other,955.14,47,2.12,2.9085,0.23,2000
Kuwait,2010,78.22,Other,1033.36,46,3.21,4.2794,0.22,2010
Kuwait,2011,81.15,Other,1114.51,46,2.93,3.7458,0.24,2010
Kuwait,2012,83.58,Other,1198.09,45,2.43,2.9945,0.24,2010
Kuwait,2013,85.25,Other,1283.34,45,1.67,1.9981,0.24,2010
Kuwait,2014,83.57,Other,1366.91,46,-1.68,-1.9707,0.24,2010
Kuwait,2015,88.03,Other,1454.94,46,4.46,5.3368,0.25,2010
Kuwait,2016,89.87,Other,1544.81,47,1.84,2.0902,0.25,2010
Kuwait,2017,89.71,Other,1634.52,47,-0.16,-0.178,0.24,2010
Kuwait,2018,89.45,Other,1723.97,49,-0.26,-0.2898,0.24,2010
Kyrgyzstan,1990,21.74,Other,21.74,85,,,0.09,1990
Kyrgyzstan,1991,19.4,Other,41.14,88,-2.34,-10.7636,0.08,1990
Kyrgyzstan,1992,12.78,Other,53.92,103,-6.62,-34.1237,0.05,1990
Kyrgyzstan,1993,9.09,Other,63.01,115,-3.69,-28.8732,0.04,1990
Kyrgyzstan,1994,5.52,Other,68.53,133,-3.57,-39.2739,0.02,1990
Kyrgyzstan,1995,3.58,Other,72.11,141,-1.94,-35.1449,0.01,1990
Kyrgyzstan,1996,4.75,Other,76.86,137,1.17,32.6816,0.02,1990
Kyrgyzstan,1997,4.67,Other,81.53,137,-0.08,-1.6842,0.02,1990
Kyrgyzstan,1998,5.01,Other,86.54,137,0.34,7.2805,0.02,1990
Kyrgyzstan,1999,3.77,Other,90.31,139,-1.24,-24.7505,0.01,1990
Kyrgyzstan,2000,3.65,Other,93.96,142,-0.12,-3.183,0.01,2000
Kyrgyzstan,2001,3.96,Other,97.92,136,0.31,8.4932,0.01,2000
Kyrgyzstan,2002,4.96,Other,102.88,135,1.0,25.2525,0.02,2000
Kyrgyzstan,2003,5.58,Other,108.46,134,0.62,12.5,0.02,2000
Kyrgyzstan,2004,5.55,Other,114.01,134,-0.03,-0.5376,0.02,2000
Kyrgyzstan,2005,5.29,Other,119.3,136,-0.26,-4.6847,0.02,2000
Kyrgyzstan,2006,5.31,Other,124.61,136,0.02,0.3781,0.02,2000
Kyrgyzstan,2007,6.46,Other,131.07,135,1.15,21.6573,0.02,2000
Kyrgyzstan,2008,7.5,Other,138.57,130,1.04,16.0991,0.02,2000
Kyrgyzstan,2009,6.75,Other,145.32,132,-0.75,-10.0,0.02,2000
Kyrgyzstan,2010,6.34,Other,151.66,135,-0.41,-6.0741,0.02,2010
Kyrgyzstan,2011,6.88,Other,158.54,134,0.54,8.5174,0.02,2010
Kyrgyzstan,2012,9.32,Other,167.86,124,2.44,35.4651,0.03,2010
Kyrgyzstan,2013,8.64,Other,176.5,126,-0.68,-7.2961,0.02,2010
Kyrgyzstan,2014,8.97,Other,185.47,125,0.33,3.8194,0.03,2010
Kyrgyzstan,2015,9.53,Other,195.0,121,0.56,6.243,0.03,2010
Kyrgyzstan,2016,6.43,Other,201.43,139,-3.1,-32.5289,0.02,2010
Kyrgyzstan,2017,6.08,Other,207.51,140,-0.35,-5.4432,0.02,2010
Kyrgyzstan,2018,7.73,Other,215.24,134,1.65,27.1382,0.02,2010
Laos,1990,11.02,Other,11.02,110,,,0.04,1990
Laos,1991,11.05,Other,22.07,111,0.03,0.2722,0.04,1990
Laos,1992,11.1,Other,33.17,111,0.05,0.4525,0.04,1990
Laos,1993,11.11,Other,44.28,109,0.01,0.0901,0.04,1990
Laos,1994,11.14,Other,55.42,109,0.03,0.27,0.04,1990
Laos,1995,11.17,Other,66.59,110,0.03,0.2693,0.04,1990
Laos,1996,11.25,Other,77.84,110,0.08,0.7162,0.04,1990
Laos,1997,11.29,Other,89.13,111,0.04,0.3556,0.04,1990
Laos,1998,11.32,Other,100.45,113,0.03,0.2657,0.04,1990
Laos,1999,11.35,Other,111.8,112,0.03,0.265,0.04,1990
Laos,2000,11.41,Other,123.21,111,0.06,0.5286,0.04,2000
Laos,2001,13.17,Other,136.38,107,1.76,15.4251,0.05,2000
Laos,2002,13.28,Other,149.66,109,0.11,0.8352,0.05,2000
Laos,2003,13.33,Other,162.99,111,0.05,0.3765,0.05,2000
Laos,2004,13.39,Other,176.38,111,0.06,0.4501,0.04,2000
Laos,2005,13.43,Other,189.81,113,0.04,0.2987,0.04,2000
Laos,2006,13.82,Other,203.63,113,0.39,2.9039,0.04,2000
Laos,2007,13.91,Other,217.54,114,0.09,0.6512,0.04,2000
Laos,2008,14.22,Other,231.76,112,0.31,2.2286,0.04,2000
Laos,2009,14.71,Other,246.47,107,0.49,3.4459,0.04,2000
Laos,2010,15.05,Other,261.52,109,0.34,2.3114,0.04,2010
Laos,2011,11.71,Other,273.23,121,-3.34,-22.1927,0.03,2010
Laos,2012,11.94,Other,285.17,118,0.23,1.9641,0.03,2010
Laos,2013,12.58,Other,297.75,117,0.64,5.3601,0.04,2010
Laos,2014,13.09,Other,310.84,115,0.51,4.0541,0.04,2010
Laos,2015,17.32,Other,328.16,99,4.23,32.3147,0.05,2010
Laos,2016,24.03,Other,352.19,94,6.71,38.7413,0.07,2010
Laos,2017,27.18,Other,379.37,88,3.15,13.1086,0.07,2010
Laos,2018,27.46,Other,406.83,88,0.28,1.0302,0.07,2010
Latvia,1990,5.84,Other,5.84,130,,,0.02,1990
Latvia,1991,4.27,Other,10.11,138,-1.57,-26.8836,0.02,1990
Latvia,1992,1.01,Other,11.12,155,-3.26,-76.3466,0.0,1990
Latvia,1993,-1.2,Other,9.92,188,-2.21,-218.8119,-0.0,1990
Latvia,1994,-2.74,Other,7.18,190,-1.54,128.3333,-0.01,1990
Latvia,1995,-3.89,Other,3.29,190,-1.15,41.9708,-0.01,1990
Latvia,1996,-3.87,Other,-0.58,190,0.02,-0.5141,-0.01,1990
Latvia,1997,-4.34,Other,-4.92,190,-0.47,12.1447,-0.02,1990
Latvia,1998,-4.72,Other,-9.64,190,-0.38,8.7558,-0.02,1990
Latvia,1999,-5.24,Other,-14.88,190,-0.52,11.0169,-0.02,1990
Latvia,2000,-5.77,Other,-20.65,190,-0.53,10.1145,-0.02,2000
Latvia,2001,-6.54,Other,-27.19,194,-0.77,13.3449,-0.02,2000
Latvia,2002,-6.54,Other,-33.73,194,0.0,0.0,-0.02,2000
Latvia,2003,-6.29,Other,-40.02,194,0.25,-3.8226,-0.02,2000
Latvia,2004,-6.24,Other,-46.26,193,0.05,-0.7949,-0.02,2000
Latvia,2005,-6.14,Other,-52.4,193,0.1,-1.6026,-0.02,2000
Latvia,2006,-5.65,Other,-58.05,193,0.49,-7.9805,-0.02,2000
Latvia,2007,-5.3,Other,-63.35,193,0.35,-6.1947,-0.02,2000
Latvia,2008,-5.71,Other,-69.06,193,-0.41,7.7358,-0.02,2000
Latvia,2009,-6.45,Other,-75.51,194,-0.74,12.9597,-0.02,2000
Latvia,2010,-5.28,Other,-80.79,193,1.17,-18.1395,-0.02,2010
Latvia,2011,5.24,Other,-75.55,138,10.52,-199.2424,0.02,2010
Latvia,2012,4.92,Other,-70.63,139,-0.32,-6.1069,0.01,2010
Latvia,2013,4.8,Other,-65.83,139,-0.12,-2.439,0.01,2010
Latvia,2014,4.6,Other,-61.23,139,-0.2,-4.1667,0.01,2010
Latvia,2015,4.64,Other,-56.59,139,0.04,0.8696,0.01,2010
Latvia,2016,4.37,Other,-52.22,146,-0.27,-5.819,0.01,2010
Latvia,2017,4.33,Other,-47.89,145,-0.04,-0.9153,0.01,2010
Latvia,2018,4.85,Other,-43.04,145,0.52,12.0092,0.01,2010
Lebanon,1990,5.63,Other,5.63,131,,,0.02,1990
Lebanon,1991,7.05,Other,12.68,127,1.42,25.222,0.03,1990
Lebanon,1992,7.03,Other,19.71,127,-0.02,-0.2837,0.03,1990
Lebanon,1993,10.34,Other,30.05,111,3.31,47.0839,0.04,1990
Lebanon,1994,11.29,Other,41.34,108,0.95,9.1876,0.04,1990
Lebanon,1995,13.32,Other,54.66,102,2.03,17.9805,0.05,1990
Lebanon,1996,14.14,Other,68.8,98,0.82,6.1562,0.05,1990
Lebanon,1997,16.14,Other,84.94,95,2.0,14.1443,0.06,1990
Lebanon,1998,16.27,Other,101.21,94,0.13,0.8055,0.06,1990
Lebanon,1999,17.05,Other,118.26,93,0.78,4.7941,0.06,1990
Lebanon,2000,15.69,Other,133.95,98,-1.36,-7.9765,0.06,2000
Lebanon,2001,16.9,Other,150.85,97,1.21,7.7119,0.06,2000
Lebanon,2002,16.84,Other,167.69,98,-0.06,-0.355,0.06,2000
Lebanon,2003,17.42,Other,185.11,97,0.58,3.4442,0.06,2000
Lebanon,2004,17.89,Other,203.0,97,0.47,2.698,0.06,2000
Lebanon,2005,17.29,Other,220.29,100,-0.6,-3.3538,0.05,2000
Lebanon,2006,16.24,Other,236.53,104,-1.05,-6.0729,0.05,2000
Lebanon,2007,15.06,Other,251.59,109,-1.18,-7.266,0.05,2000
Lebanon,2008,18.67,Other,270.26,97,3.61,23.9708,0.06,2000
Lebanon,2009,21.92,Other,292.18,90,3.25,17.4076,0.07,2000
Lebanon,2010,20.89,Other,313.07,93,-1.03,-4.6989,0.06,2010
Lebanon,2011,21.1,Other,334.17,91,0.21,1.0053,0.06,2010
Lebanon,2012,23.41,Other,357.58,88,2.31,10.9479,0.07,2010
Lebanon,2013,23.17,Other,380.75,89,-0.24,-1.0252,0.07,2010
Lebanon,2014,24.86,Other,405.61,87,1.69,7.2939,0.07,2010
Lebanon,2015,26.97,Other,432.58,83,2.11,8.4875,0.08,2010
Lebanon,2016,27.73,Other,460.31,86,0.76,2.8179,0.08,2010
Lebanon,2017,29.2,Other,489.51,84,1.47,5.3011,0.08,2010
Lebanon,2018,27.63,Other,517.14,87,-1.57,-5.3767,0.07,2010
Lesotho,1990,1.39,Other,1.39,150,,,0.01,1990
Lesotho,1991,1.45,Other,2.84,151,0.06,4.3165,0.01,1990
Lesotho,1992,1.5,Other,4.34,151,0.05,3.4483,0.01,1990
Lesotho,1993,1.54,Other,5.88,149,0.04,2.6667,0.01,1990
Lesotho,1994,1.58,Other,7.46,149,0.04,2.5974,0.01,1990
Lesotho,1995,1.61,Other,9.07,150,0.03,1.8987,0.01,1990
Lesotho,1996,1.64,Other,10.71,150,0.03,1.8634,0.01,1990
Lesotho,1997,1.67,Other,12.38,150,0.03,1.8293,0.01,1990
Lesotho,1998,1.71,Other,14.09,150,0.04,2.3952,0.01,1990
Lesotho,1999,1.72,Other,15.81,152,0.01,0.5848,0.01,1990
Lesotho,2000,1.75,Other,17.56,152,0.03,1.7442,0.01,2000
Lesotho,2001,1.77,Other,19.33,152,0.02,1.1429,0.01,2000
Lesotho,2002,1.8,Other,21.13,152,0.03,1.6949,0.01,2000
Lesotho,2003,1.82,Other,22.95,152,0.02,1.1111,0.01,2000
Lesotho,2004,1.87,Other,24.82,152,0.05,2.7473,0.01,2000
Lesotho,2005,1.9,Other,26.72,152,0.03,1.6043,0.01,2000
Lesotho,2006,1.92,Other,28.64,153,0.02,1.0526,0.01,2000
Lesotho,2007,1.96,Other,30.6,157,0.04,2.0833,0.01,2000
Lesotho,2008,2.01,Other,32.61,155,0.05,2.551,0.01,2000
Lesotho,2009,2.1,Other,34.71,154,0.09,4.4776,0.01,2000
Lesotho,2010,2.16,Other,36.87,152,0.06,2.8571,0.01,2010
Lesotho,2011,2.21,Other,39.08,152,0.05,2.3148,0.01,2010
Lesotho,2012,2.28,Other,41.36,153,0.07,3.1674,0.01,2010
Lesotho,2013,2.29,Other,43.65,153,0.01,0.4386,0.01,2010
Lesotho,2014,2.31,Other,45.96,152,0.02,0.8734,0.01,2010
Lesotho,2015,2.23,Other,48.19,152,-0.08,-3.4632,0.01,2010
Lesotho,2016,2.27,Other,50.46,154,0.04,1.7937,0.01,2010
Lesotho,2017,2.44,Other,52.9,155,0.17,7.489,0.01,2010
Lesotho,2018,2.57,Other,55.47,155,0.13,5.3279,0.01,2010
Liberia,1990,13.85,Other,13.85,101,,,0.05,1990
Liberia,1991,13.77,Other,27.62,100,-0.08,-0.5776,0.05,1990
Liberia,1992,13.8,Other,41.42,100,0.03,0.2179,0.05,1990
Liberia,1993,13.82,Other,55.24,100,0.02,0.1449,0.05,1990
Liberia,1994,13.82,Other,69.06,98,0.0,0.0,0.05,1990
Liberia,1995,13.82,Other,82.88,98,0.0,0.0,0.05,1990
Liberia,1996,13.84,Other,96.72,102,0.02,0.1447,0.05,1990
Liberia,1997,13.86,Other,110.58,102,0.02,0.1445,0.05,1990
Liberia,1998,13.9,Other,124.48,104,0.04,0.2886,0.05,1990
Liberia,1999,13.81,Other,138.29,102,-0.09,-0.6475,0.05,1990
Liberia,2000,13.85,Other,152.14,104,0.04,0.2896,0.05,2000
Liberia,2001,13.89,Other,166.03,104,0.04,0.2888,0.05,2000
Liberia,2002,13.88,Other,179.91,106,-0.01,-0.072,0.05,2000
Liberia,2003,13.92,Other,193.83,108,0.04,0.2882,0.05,2000
Liberia,2004,14.0,Other,207.83,109,0.08,0.5747,0.05,2000
Liberia,2005,14.11,Other,221.94,109,0.11,0.7857,0.04,2000
Liberia,2006,14.13,Other,236.07,111,0.02,0.1417,0.04,2000
Liberia,2007,14.08,Other,250.15,112,-0.05,-0.3539,0.04,2000
Liberia,2008,13.98,Other,264.13,114,-0.1,-0.7102,0.04,2000
Liberia,2009,13.98,Other,278.11,111,0.0,0.0,0.04,2000
Liberia,2010,14.17,Other,292.28,111,0.19,1.3591,0.04,2010
Liberia,2011,14.29,Other,306.57,108,0.12,0.8469,0.04,2010
Liberia,2012,14.4,Other,320.97,109,0.11,0.7698,0.04,2010
Liberia,2013,14.36,Other,335.33,110,-0.04,-0.2778,0.04,2010
Liberia,2014,14.66,Other,349.99,108,0.3,2.0891,0.04,2010
Liberia,2015,14.7,Other,364.69,110,0.04,0.2729,0.04,2010
Liberia,2016,14.85,Other,379.54,113,0.15,1.0204,0.04,2010
Liberia,2017,14.7,Other,394.24,111,-0.15,-1.0101,0.04,2010
Liberia,2018,14.76,Other,409.0,113,0.06,0.4082,0.04,2010
Libya,1990,36.09,Other,36.09,67,,,0.14,1990
Libya,1991,33.32,Other,69.41,71,-2.77,-7.6753,0.13,1990
Libya,1992,30.3,Other,99.71,71,-3.02,-9.0636,0.12,1990
Libya,1993,30.84,Other,130.55,70,0.54,1.7822,0.12,1990
Libya,1994,35.91,Other,166.46,66,5.07,16.4397,0.14,1990
Libya,1995,37.49,Other,203.95,66,1.58,4.3999,0.14,1990
Libya,1996,39.4,Other,243.35,65,1.91,5.0947,0.15,1990
Libya,1997,38.94,Other,282.29,65,-0.46,-1.1675,0.14,1990
Libya,1998,39.9,Other,322.19,64,0.96,2.4653,0.15,1990
Libya,1999,38.06,Other,360.25,66,-1.84,-4.6115,0.14,1990
Libya,2000,39.87,Other,400.12,67,1.81,4.7556,0.14,2000
Libya,2001,41.43,Other,441.55,68,1.56,3.9127,0.15,2000
Libya,2002,43.6,Other,485.15,65,2.17,5.2378,0.15,2000
Libya,2003,44.28,Other,529.43,65,0.68,1.5596,0.15,2000
Libya,2004,45.49,Other,574.92,65,1.21,2.7326,0.15,2000
Libya,2005,49.13,Other,624.05,63,3.64,8.0018,0.16,2000
Libya,2006,49.37,Other,673.42,65,0.24,0.4885,0.15,2000
Libya,2007,46.29,Other,719.71,67,-3.08,-6.2386,0.14,2000
Libya,2008,51.47,Other,771.18,63,5.18,11.1903,0.15,2000
Libya,2009,53.81,Other,824.99,61,2.34,4.5463,0.16,2000
Libya,2010,57.23,Other,882.22,58,3.42,6.3557,0.16,2010
Libya,2011,38.05,Other,920.27,75,-19.18,-33.5139,0.11,2010
Libya,2012,52.3,Other,972.57,60,14.25,37.4507,0.15,2010
Libya,2013,54.99,Other,1027.56,60,2.69,5.1434,0.16,2010
Libya,2014,59.7,Other,1087.26,58,4.71,8.5652,0.17,2010
Libya,2015,53.84,Other,1141.1,60,-5.86,-9.8157,0.15,2010
Libya,2016,51.18,Other,1192.28,62,-2.66,-4.9406,0.14,2010
Libya,2017,56.81,Other,1249.09,60,5.63,11.0004,0.16,2010
Libya,2018,58.94,Other,1308.03,59,2.13,3.7493,0.16,2010
Liechtenstein,1990,0.22,Other,0.22,164,,,0.0,1990
Liechtenstein,1991,0.23,Other,0.45,165,0.01,4.5455,0.0,1990
Liechtenstein,1992,0.23,Other,0.68,165,0.0,0.0,0.0,1990
Liechtenstein,1993,0.24,Other,0.92,163,0.01,4.3478,0.0,1990
Liechtenstein,1994,0.22,Other,1.14,164,-0.02,-8.3333,0.0,1990
Liechtenstein,1995,0.23,Other,1.37,165,0.01,4.5455,0.0,1990
Liechtenstein,1996,0.23,Other,1.6,167,0.0,0.0,0.0,1990
Liechtenstein,1997,0.24,Other,1.84,167,0.01,4.3478,0.0,1990
Liechtenstein,1998,0.25,Other,2.09,167,0.01,4.1667,0.0,1990
Liechtenstein,1999,0.25,Other,2.34,167,0.0,0.0,0.0,1990
Liechtenstein,2000,0.24,Other,2.58,168,-0.01,-4.0,0.0,2000
Liechtenstein,2001,0.24,Other,2.82,170,0.0,0.0,0.0,2000
Liechtenstein,2002,0.25,Other,3.07,170,0.01,4.1667,0.0,2000
Liechtenstein,2003,0.26,Other,3.33,170,0.01,4.0,0.0,2000
Liechtenstein,2004,0.26,Other,3.59,171,0.0,0.0,0.0,2000
Liechtenstein,2005,0.26,Other,3.85,171,0.0,0.0,0.0,2000
Liechtenstein,2006,0.26,Other,4.11,172,0.0,0.0,0.0,2000
Liechtenstein,2007,0.23,Other,4.34,175,-0.03,-11.5385,0.0,2000
Liechtenstein,2008,0.25,Other,4.59,172,0.02,8.6957,0.0,2000
Liechtenstein,2009,0.23,Other,4.82,176,-0.02,-8.0,0.0,2000
Liechtenstein,2010,0.22,Other,5.04,176,-0.01,-4.3478,0.0,2010
Liechtenstein,2011,0.18,Other,5.22,177,-0.04,-18.1818,0.0,2010
Liechtenstein,2012,0.19,Other,5.41,177,0.01,5.5556,0.0,2010
Liechtenstein,2013,0.19,Other,5.6,177,0.0,0.0,0.0,2010
Liechtenstein,2014,0.16,Other,5.76,177,-0.03,-15.7895,0.0,2010
Liechtenstein,2015,0.16,Other,5.92,178,0.0,0.0,0.0,2010
Liechtenstein,2016,0.15,Other,6.07,184,-0.01,-6.25,0.0,2010
Liechtenstein,2017,0.16,Other,6.23,184,0.01,6.6667,0.0,2010
Liechtenstein,2018,0.14,Other,6.37,186,-0.02,-12.5,0.0,2010
Lithuania,1990,32.89,Other,32.89,71,,,0.13,1990
Lithuania,1991,34.96,Other,67.85,68,2.07,6.2937,0.14,1990
Lithuania,1992,20.67,Other,88.52,83,-14.29,-40.8753,0.08,1990
Lithuania,1993,16.42,Other,104.94,91,-4.25,-20.5612,0.06,1990
Lithuania,1994,15.5,Other,120.44,92,-0.92,-5.6029,0.06,1990
Lithuania,1995,14.42,Other,134.86,96,-1.08,-6.9677,0.06,1990
Lithuania,1996,14.89,Other,149.75,94,0.47,3.2594,0.06,1990
Lithuania,1997,14.57,Other,164.32,97,-0.32,-2.1491,0.05,1990
Lithuania,1998,15.35,Other,179.67,98,0.78,5.3535,0.06,1990
Lithuania,1999,12.86,Other,192.53,107,-2.49,-16.2215,0.05,1990
Lithuania,2000,11.12,Other,203.65,114,-1.74,-13.5303,0.04,2000
Lithuania,2001,11.25,Other,214.9,115,0.13,1.1691,0.04,2000
Lithuania,2002,11.31,Other,226.21,117,0.06,0.5333,0.04,2000
Lithuania,2003,11.32,Other,237.53,117,0.01,0.0884,0.04,2000
Lithuania,2004,11.98,Other,249.51,116,0.66,5.8304,0.04,2000
Lithuania,2005,12.88,Other,262.39,116,0.9,7.5125,0.04,2000
Lithuania,2006,13.07,Other,275.46,116,0.19,1.4752,0.04,2000
Lithuania,2007,13.26,Other,288.72,115,0.19,1.4537,0.04,2000
Lithuania,2008,13.11,Other,301.83,116,-0.15,-1.1312,0.04,2000
Lithuania,2009,11.72,Other,313.55,119,-1.39,-10.6026,0.04,2000
Lithuania,2010,12.64,Other,326.19,119,0.92,7.8498,0.04,2010
Lithuania,2011,5.78,Other,331.97,137,-6.86,-54.2722,0.02,2010
Lithuania,2012,5.86,Other,337.83,137,0.08,1.3841,0.02,2010
Lithuania,2013,5.27,Other,343.1,138,-0.59,-10.0683,0.01,2010
Lithuania,2014,4.78,Other,347.88,138,-0.49,-9.2979,0.01,2010
Lithuania,2015,4.98,Other,352.86,138,0.2,4.1841,0.01,2010
Lithuania,2016,10.59,Other,363.45,126,5.61,112.6506,0.03,2010
Lithuania,2017,10.6,Other,374.05,124,0.01,0.0944,0.03,2010
Lithuania,2018,10.95,Other,385.0,123,0.35,3.3019,0.03,2010
Luxembourg,1990,10.68,Other,10.68,112,,,0.04,1990
Luxembourg,1991,11.14,Other,21.82,110,0.46,4.3071,0.04,1990
Luxembourg,1992,10.83,Other,32.65,113,-0.31,-2.7828,0.04,1990
Luxembourg,1993,11.03,Other,43.68,110,0.2,1.8467,0.04,1990
Luxembourg,1994,10.2,Other,53.88,112,-0.83,-7.5249,0.04,1990
Luxembourg,1995,8.04,Other,61.92,121,-2.16,-21.1765,0.03,1990
Luxembourg,1996,8.12,Other,70.04,120,0.08,0.995,0.03,1990
Luxembourg,1997,7.63,Other,77.67,123,-0.49,-6.0345,0.03,1990
Luxembourg,1998,6.95,Other,84.62,128,-0.68,-8.9122,0.03,1990
Luxembourg,1999,7.31,Other,91.93,124,0.36,5.1799,0.03,1990
Luxembourg,2000,8.03,Other,99.96,123,0.72,9.8495,0.03,2000
Luxembourg,2001,8.63,Other,108.59,124,0.6,7.472,0.03,2000
Luxembourg,2002,9.33,Other,117.92,121,0.7,8.1112,0.03,2000
Luxembourg,2003,9.75,Other,127.67,122,0.42,4.5016,0.03,2000
Luxembourg,2004,11.17,Other,138.84,119,1.42,14.5641,0.04,2000
Luxembourg,2005,11.42,Other,150.26,122,0.25,2.2381,0.04,2000
Luxembourg,2006,11.22,Other,161.48,122,-0.2,-1.7513,0.03,2000
Luxembourg,2007,10.62,Other,172.1,122,-0.6,-5.3476,0.03,2000
Luxembourg,2008,10.53,Other,182.63,123,-0.09,-0.8475,0.03,2000
Luxembourg,2009,9.95,Other,192.58,122,-0.58,-5.5081,0.03,2000
Luxembourg,2010,10.54,Other,203.12,122,0.59,5.9296,0.03,2010
Luxembourg,2011,10.69,Other,213.81,122,0.15,1.4231,0.03,2010
Luxembourg,2012,10.45,Other,224.26,122,-0.24,-2.2451,0.03,2010
Luxembourg,2013,9.91,Other,234.17,122,-0.54,-5.1675,0.03,2010
Luxembourg,2014,9.41,Other,243.58,123,-0.5,-5.0454,0.03,2010
Luxembourg,2015,8.89,Other,252.47,127,-0.52,-5.526,0.03,2010
Luxembourg,2016,8.58,Other,261.05,130,-0.31,-3.4871,0.02,2010
Luxembourg,2017,8.72,Other,269.77,131,0.14,1.6317,0.02,2010
Luxembourg,2018,9.04,Other,278.81,130,0.32,3.6697,0.02,2010
Macedonia,1990,8.59,Other,8.59,117,,,0.03,1990
Macedonia,1991,8.38,Other,16.97,119,-0.21,-2.4447,0.03,1990
Macedonia,1992,8.59,Other,25.56,118,0.21,2.506,0.03,1990
Macedonia,1993,8.89,Other,34.45,117,0.3,3.4924,0.04,1990
Macedonia,1994,8.59,Other,43.04,117,-0.3,-3.3746,0.03,1990
Macedonia,1995,8.57,Other,51.61,118,-0.02,-0.2328,0.03,1990
Macedonia,1996,10.11,Other,61.72,112,1.54,17.9697,0.04,1990
Macedonia,1997,9.04,Other,70.76,119,-1.07,-10.5836,0.03,1990
Macedonia,1998,9.88,Other,80.64,116,0.84,9.292,0.04,1990
Macedonia,1999,9.14,Other,89.78,118,-0.74,-7.4899,0.03,1990
Macedonia,2000,8.82,Other,98.6,120,-0.32,-3.5011,0.03,2000
Macedonia,2001,8.99,Other,107.59,122,0.17,1.9274,0.03,2000
Macedonia,2002,8.43,Other,116.02,124,-0.56,-6.2291,0.03,2000
Macedonia,2003,9.21,Other,125.23,123,0.78,9.2527,0.03,2000
Macedonia,2004,8.92,Other,134.15,125,-0.29,-3.1488,0.03,2000
Macedonia,2005,9.36,Other,143.51,124,0.44,4.9327,0.03,2000
Macedonia,2006,9.37,Other,152.88,125,0.01,0.1068,0.03,2000
Macedonia,2007,9.81,Other,162.69,124,0.44,4.6958,0.03,2000
Macedonia,2008,9.58,Other,172.27,124,-0.23,-2.3445,0.03,2000
Macedonia,2009,8.96,Other,181.23,124,-0.62,-6.4718,0.03,2000
Macedonia,2010,8.73,Other,189.96,125,-0.23,-2.567,0.03,2010
Macedonia,2011,9.64,Other,199.6,124,0.91,10.4238,0.03,2010
Macedonia,2012,9.13,Other,208.73,126,-0.51,-5.2905,0.03,2010
Macedonia,2013,8.24,Other,216.97,128,-0.89,-9.7481,0.02,2010
Macedonia,2014,7.78,Other,224.75,129,-0.46,-5.5825,0.02,2010
Macedonia,2015,7.48,Other,232.23,133,-0.3,-3.856,0.02,2010
Macedonia,2016,7.39,Other,239.62,136,-0.09,-1.2032,0.02,2010
Macedonia,2017,7.86,Other,247.48,133,0.47,6.3599,0.02,2010
Macedonia,2018,7.37,Other,254.85,137,-0.49,-6.2341,0.02,2010
Madagascar,1990,29.65,Other,29.65,75,,,0.12,1990
Madagascar,1991,29.71,Other,59.36,75,0.06,0.2024,0.12,1990
Madagascar,1992,29.72,Other,89.08,72,0.01,0.0337,0.12,1990
Madagascar,1993,29.75,Other,118.83,72,0.03,0.1009,0.12,1990
Madagascar,1994,29.97,Other,148.8,75,0.22,0.7395,0.12,1990
Madagascar,1995,30.18,Other,178.98,74,0.21,0.7007,0.12,1990
Madagascar,1996,30.12,Other,209.1,74,-0.06,-0.1988,0.11,1990
Madagascar,1997,30.24,Other,239.34,74,0.12,0.3984,0.11,1990
Madagascar,1998,30.46,Other,269.8,74,0.22,0.7275,0.11,1990
Madagascar,1999,30.58,Other,300.38,74,0.12,0.394,0.11,1990
Madagascar,2000,30.57,Other,330.95,73,-0.01,-0.0327,0.11,2000
Madagascar,2001,23.69,Other,354.64,83,-6.88,-22.5057,0.09,2000
Madagascar,2002,23.14,Other,377.78,85,-0.55,-2.3217,0.08,2000
Madagascar,2003,23.57,Other,401.35,85,0.43,1.8583,0.08,2000
Madagascar,2004,23.67,Other,425.02,84,0.1,0.4243,0.08,2000
Madagascar,2005,23.73,Other,448.75,85,0.06,0.2535,0.08,2000
Madagascar,2006,23.67,Other,472.42,86,-0.06,-0.2528,0.07,2000
Madagascar,2007,23.76,Other,496.18,87,0.09,0.3802,0.07,2000
Madagascar,2008,23.82,Other,520.0,88,0.06,0.2525,0.07,2000
Madagascar,2009,23.72,Other,543.72,88,-0.1,-0.4198,0.07,2000
Madagascar,2010,23.91,Other,567.63,88,0.19,0.801,0.07,2010
Madagascar,2011,12.3,Other,579.93,116,-11.61,-48.5571,0.04,2010
Madagascar,2012,12.85,Other,592.78,115,0.55,4.4715,0.04,2010
Madagascar,2013,13.03,Other,605.81,116,0.18,1.4008,0.04,2010
Madagascar,2014,13.15,Other,618.96,114,0.12,0.921,0.04,2010
Madagascar,2015,13.43,Other,632.39,115,0.28,2.1293,0.04,2010
Madagascar,2016,13.33,Other,645.72,118,-0.1,-0.7446,0.04,2010
Madagascar,2017,13.61,Other,659.33,119,0.28,2.1005,0.04,2010
Madagascar,2018,13.49,Other,672.82,119,-0.12,-0.8817,0.04,2010
Malawi,1990,8.86,Other,8.86,115,,,0.04,1990
Malawi,1991,8.93,Other,17.79,116,0.07,0.7901,0.04,1990
Malawi,1992,8.93,Other,26.72,117,0.0,0.0,0.04,1990
Malawi,1993,9.02,Other,35.74,116,0.09,1.0078,0.04,1990
Malawi,1994,9.04,Other,44.78,114,0.02,0.2217,0.04,1990
Malawi,1995,9.05,Other,53.83,115,0.01,0.1106,0.03,1990
Malawi,1996,9.05,Other,62.88,118,0.0,0.0,0.03,1990
Malawi,1997,9.1,Other,71.98,118,0.05,0.5525,0.03,1990
Malawi,1998,9.08,Other,81.06,119,-0.02,-0.2198,0.03,1990
Malawi,1999,9.13,Other,90.19,119,0.05,0.5507,0.03,1990
Malawi,2000,9.06,Other,99.25,118,-0.07,-0.7667,0.03,2000
Malawi,2001,9.06,Other,108.31,121,0.0,0.0,0.03,2000
Malawi,2002,9.05,Other,117.36,122,-0.01,-0.1104,0.03,2000
Malawi,2003,9.06,Other,126.42,124,0.01,0.1105,0.03,2000
Malawi,2004,9.09,Other,135.51,124,0.03,0.3311,0.03,2000
Malawi,2005,9.1,Other,144.61,125,0.01,0.11,0.03,2000
Malawi,2006,9.11,Other,153.72,126,0.01,0.1099,0.03,2000
Malawi,2007,9.16,Other,162.88,126,0.05,0.5488,0.03,2000
Malawi,2008,9.29,Other,172.17,125,0.13,1.4192,0.03,2000
Malawi,2009,9.3,Other,181.47,123,0.01,0.1076,0.03,2000
Malawi,2010,9.22,Other,190.69,123,-0.08,-0.8602,0.03,2010
Malawi,2011,9.32,Other,200.01,125,0.1,1.0846,0.03,2010
Malawi,2012,9.3,Other,209.31,125,-0.02,-0.2146,0.03,2010
Malawi,2013,9.39,Other,218.7,123,0.09,0.9677,0.03,2010
Malawi,2014,9.24,Other,227.94,124,-0.15,-1.5974,0.03,2010
Malawi,2015,9.34,Other,237.28,123,0.1,1.0823,0.03,2010
Malawi,2016,9.5,Other,246.78,128,0.16,1.7131,0.03,2010
Malawi,2017,9.65,Other,256.43,128,0.15,1.5789,0.03,2010
Malawi,2018,9.71,Other,266.14,127,0.06,0.6218,0.03,2010
Malaysia,1990,170.4,Other,170.4,25,,,0.67,1990
Malaysia,1991,177.54,Other,347.94,26,7.14,4.1901,0.7,1990
Malaysia,1992,183.09,Other,531.03,26,5.55,3.1261,0.72,1990
Malaysia,1993,185.4,Other,716.43,25,2.31,1.2617,0.73,1990
Malaysia,1994,191.2,Other,907.63,25,5.8,3.1284,0.75,1990
Malaysia,1995,197.88,Other,1105.51,24,6.68,3.4937,0.76,1990
Malaysia,1996,206.21,Other,1311.72,24,8.33,4.2096,0.78,1990
Malaysia,1997,214.34,Other,1526.06,24,8.13,3.9426,0.78,1990
Malaysia,1998,233.95,Other,1760.01,23,19.61,9.149,0.87,1990
Malaysia,1999,222.59,Other,1982.6,25,-11.36,-4.8557,0.83,1990
Malaysia,2000,233.1,Other,2215.7,25,10.51,4.7217,0.85,2000
Malaysia,2001,224.83,Other,2440.53,23,-8.27,-3.5478,0.81,2000
Malaysia,2002,240.01,Other,2680.54,23,15.18,6.7518,0.84,2000
Malaysia,2003,247.43,Other,2927.97,23,7.42,3.0915,0.84,2000
Malaysia,2004,268.09,Other,3196.06,23,20.66,8.3498,0.87,2000
Malaysia,2005,279.59,Other,3475.65,22,11.5,4.2896,0.89,2000
Malaysia,2006,277.26,Other,3752.91,23,-2.33,-0.8334,0.85,2000
Malaysia,2007,298.83,Other,4051.74,21,21.57,7.7797,0.9,2000
Malaysia,2008,309.7,Other,4361.44,20,10.87,3.6375,0.92,2000
Malaysia,2009,303.97,Other,4665.41,20,-5.73,-1.8502,0.91,2000
Malaysia,2010,316.2,Other,4981.61,20,12.23,4.0234,0.91,2010
Malaysia,2011,92.13,Other,5073.74,43,-224.07,-70.8634,0.27,2010
Malaysia,2012,91.92,Other,5165.66,43,-0.21,-0.2279,0.26,2010
Malaysia,2013,109.59,Other,5275.25,41,17.67,19.2232,0.31,2010
Malaysia,2014,135.37,Other,5410.62,39,25.78,23.524,0.38,2010
Malaysia,2015,124.54,Other,5535.16,40,-10.83,-8.0003,0.35,2010
Malaysia,2016,310.17,Other,5845.33,21,185.63,149.0525,0.86,2010
Malaysia,2017,298.1,Other,6143.43,21,-12.07,-3.8914,0.81,2010
Malaysia,2018,319.59,Other,6463.02,20,21.49,7.209,0.85,2010
Maldives,1990,0.16,Other,0.16,167,,,0.0,1990
Maldives,1991,0.16,Other,0.32,169,0.0,0.0,0.0,1990
Maldives,1992,0.23,Other,0.55,165,0.07,43.75,0.0,1990
Maldives,1993,0.2,Other,0.75,165,-0.03,-13.0435,0.0,1990
Maldives,1994,0.2,Other,0.95,166,0.0,0.0,0.0,1990
Maldives,1995,0.26,Other,1.21,164,0.06,30.0,0.0,1990
Maldives,1996,0.28,Other,1.49,163,0.02,7.6923,0.0,1990
Maldives,1997,0.34,Other,1.83,165,0.06,21.4286,0.0,1990
Maldives,1998,0.31,Other,2.14,166,-0.03,-8.8235,0.0,1990
Maldives,1999,0.43,Other,2.57,164,0.12,38.7097,0.0,1990
Maldives,2000,0.46,Other,3.03,163,0.03,6.9767,0.0,2000
Maldives,2001,0.48,Other,3.51,164,0.02,4.3478,0.0,2000
Maldives,2002,0.61,Other,4.12,163,0.13,27.0833,0.0,2000
Maldives,2003,0.53,Other,4.65,164,-0.08,-13.1148,0.0,2000
Maldives,2004,0.74,Other,5.39,163,0.21,39.6226,0.0,2000
Maldives,2005,0.71,Other,6.1,163,-0.03,-4.0541,0.0,2000
Maldives,2006,0.87,Other,6.97,163,0.16,22.5352,0.0,2000
Maldives,2007,0.87,Other,7.84,163,0.0,0.0,0.0,2000
Maldives,2008,0.87,Other,8.71,163,0.0,0.0,0.0,2000
Maldives,2009,0.91,Other,9.62,166,0.04,4.5977,0.0,2000
Maldives,2010,0.96,Other,10.58,161,0.05,5.4945,0.0,2010
Maldives,2011,1.01,Other,11.59,157,0.05,5.2083,0.0,2010
Maldives,2012,1.14,Other,12.73,158,0.13,12.8713,0.0,2010
Maldives,2013,1.13,Other,13.86,159,-0.01,-0.8772,0.0,2010
Maldives,2014,1.36,Other,15.22,156,0.23,20.354,0.0,2010
Maldives,2015,1.35,Other,16.57,156,-0.01,-0.7353,0.0,2010
Maldives,2016,1.75,Other,18.32,159,0.4,29.6296,0.0,2010
Maldives,2017,1.82,Other,20.14,159,0.07,4.0,0.0,2010
Maldives,2018,1.91,Other,22.05,159,0.09,4.9451,0.01,2010
Mali,1990,0.42,Other,0.42,161,,,0.0,1990
Mali,1991,0.43,Other,0.85,160,0.01,2.381,0.0,1990
Mali,1992,0.45,Other,1.3,161,0.02,4.6512,0.0,1990
Mali,1993,0.46,Other,1.76,158,0.01,2.2222,0.0,1990
Mali,1994,0.47,Other,2.23,157,0.01,2.1739,0.0,1990
Mali,1995,0.47,Other,2.7,158,0.0,0.0,0.0,1990
Mali,1996,0.49,Other,3.19,158,0.02,4.2553,0.0,1990
Mali,1997,0.53,Other,3.72,160,0.04,8.1633,0.0,1990
Mali,1998,0.77,Other,4.49,158,0.24,45.283,0.0,1990
Mali,1999,0.8,Other,5.29,159,0.03,3.8961,0.0,1990
Mali,2000,1.41,Other,6.7,156,0.61,76.25,0.01,2000
Mali,2001,1.61,Other,8.31,155,0.2,14.1844,0.01,2000
Mali,2002,1.4,Other,9.71,156,-0.21,-13.0435,0.0,2000
Mali,2003,1.4,Other,11.11,157,0.0,0.0,0.0,2000
Mali,2004,1.48,Other,12.59,156,0.08,5.7143,0.0,2000
Mali,2005,1.65,Other,14.24,157,0.17,11.4865,0.01,2000
Mali,2006,1.89,Other,16.13,154,0.24,14.5455,0.01,2000
Mali,2007,2.07,Other,18.2,153,0.18,9.5238,0.01,2000
Mali,2008,2.09,Other,20.29,154,0.02,0.9662,0.01,2000
Mali,2009,2.51,Other,22.8,149,0.42,20.0957,0.01,2000
Mali,2010,2.78,Other,25.58,147,0.27,10.757,0.01,2010
Mali,2011,3.12,Other,28.7,145,0.34,12.2302,0.01,2010
Mali,2012,3.11,Other,31.81,147,-0.01,-0.3205,0.01,2010
Mali,2013,3.05,Other,34.86,145,-0.06,-1.9293,0.01,2010
Mali,2014,3.12,Other,37.98,146,0.07,2.2951,0.01,2010
Mali,2015,3.41,Other,41.39,145,0.29,9.2949,0.01,2010
Mali,2016,4.42,Other,45.81,145,1.01,29.6188,0.01,2010
Mali,2017,5.05,Other,50.86,144,0.63,14.2534,0.01,2010
Mali,2018,5.62,Other,56.48,142,0.57,11.2871,0.02,2010
Malta,1990,2.31,Other,2.31,145,,,0.01,1990
Malta,1991,2.21,Other,4.52,146,-0.1,-4.329,0.01,1990
Malta,1992,2.17,Other,6.69,146,-0.04,-1.81,0.01,1990
Malta,1993,2.81,Other,9.5,143,0.64,29.4931,0.01,1990
Malta,1994,2.51,Other,12.01,144,-0.3,-10.6762,0.01,1990
Malta,1995,2.38,Other,14.39,144,-0.13,-5.1793,0.01,1990
Malta,1996,2.32,Other,16.71,144,-0.06,-2.521,0.01,1990
Malta,1997,2.47,Other,19.18,144,0.15,6.4655,0.01,1990
Malta,1998,2.37,Other,21.55,145,-0.1,-4.0486,0.01,1990
Malta,1999,2.41,Other,23.96,147,0.04,1.6878,0.01,1990
Malta,2000,2.13,Other,26.09,150,-0.28,-11.6183,0.01,2000
Malta,2001,2.49,Other,28.58,144,0.36,16.9014,0.01,2000
Malta,2002,2.32,Other,30.9,145,-0.17,-6.8273,0.01,2000
Malta,2003,2.61,Other,33.51,146,0.29,12.5,0.01,2000
Malta,2004,2.6,Other,36.11,146,-0.01,-0.3831,0.01,2000
Malta,2005,2.62,Other,38.73,146,0.02,0.7692,0.01,2000
Malta,2006,2.65,Other,41.38,145,0.03,1.145,0.01,2000
Malta,2007,2.71,Other,44.09,146,0.06,2.2642,0.01,2000
Malta,2008,2.72,Other,46.81,146,0.01,0.369,0.01,2000
Malta,2009,2.5,Other,49.31,150,-0.22,-8.0882,0.01,2000
Malta,2010,2.58,Other,51.89,149,0.08,3.2,0.01,2010
Malta,2011,2.57,Other,54.46,148,-0.01,-0.3876,0.01,2010
Malta,2012,2.71,Other,57.17,149,0.14,5.4475,0.01,2010
Malta,2013,2.37,Other,59.54,151,-0.34,-12.5461,0.01,2010
Malta,2014,2.35,Other,61.89,151,-0.02,-0.8439,0.01,2010
Malta,2015,1.65,Other,63.54,155,-0.7,-29.7872,0.0,2010
Malta,2016,1.34,Other,64.88,161,-0.31,-18.7879,0.0,2010
Malta,2017,1.51,Other,66.39,161,0.17,12.6866,0.0,2010
Malta,2018,1.54,Other,67.93,161,0.03,1.9868,0.0,2010
Marshall Islands,1990,0.0,Other,0.0,182,,,0.0,1990
Marshall Islands,1991,0.0,Other,0.0,183,0.0,,0.0,1990
Marshall Islands,1992,0.08,Other,0.08,176,0.08,inf,0.0,1990
Marshall Islands,1993,0.09,Other,0.17,174,0.01,12.5,0.0,1990
Marshall Islands,1994,0.09,Other,0.26,175,0.0,0.0,0.0,1990
Marshall Islands,1995,0.09,Other,0.35,177,0.0,0.0,0.0,1990
Marshall Islands,1996,0.09,Other,0.44,176,0.0,0.0,0.0,1990
Marshall Islands,1997,0.09,Other,0.53,178,0.0,0.0,0.0,1990
Marshall Islands,1998,0.1,Other,0.63,176,0.01,11.1111,0.0,1990
Marshall Islands,1999,0.1,Other,0.73,177,0.0,0.0,0.0,1990
Marshall Islands,2000,0.1,Other,0.83,176,0.0,0.0,0.0,2000
Marshall Islands,2001,0.11,Other,0.94,179,0.01,10.0,0.0,2000
Marshall Islands,2002,0.12,Other,1.06,177,0.01,9.0909,0.0,2000
Marshall Islands,2003,0.11,Other,1.17,180,-0.01,-8.3333,0.0,2000
Marshall Islands,2004,0.13,Other,1.3,178,0.02,18.1818,0.0,2000
Marshall Islands,2005,0.14,Other,1.44,179,0.01,7.6923,0.0,2000
Marshall Islands,2006,0.14,Other,1.58,180,0.0,0.0,0.0,2000
Marshall Islands,2007,0.14,Other,1.72,179,0.0,0.0,0.0,2000
Marshall Islands,2008,0.13,Other,1.85,179,-0.01,-7.1429,0.0,2000
Marshall Islands,2009,0.14,Other,1.99,179,0.01,7.6923,0.0,2000
Marshall Islands,2010,0.14,Other,2.13,180,0.0,0.0,0.0,2010
Marshall Islands,2011,0.14,Other,2.27,180,0.0,0.0,0.0,2010
Marshall Islands,2012,0.14,Other,2.41,179,0.0,0.0,0.0,2010
Marshall Islands,2013,0.14,Other,2.55,180,0.0,0.0,0.0,2010
Marshall Islands,2014,0.15,Other,2.7,179,0.01,7.1429,0.0,2010
Marshall Islands,2015,0.15,Other,2.85,179,0.0,0.0,0.0,2010
Marshall Islands,2016,0.18,Other,3.03,181,0.03,20.0,0.0,2010
Marshall Islands,2017,0.18,Other,3.21,181,0.0,0.0,0.0,2010
Marshall Islands,2018,0.19,Other,3.4,181,0.01,5.5556,0.0,2010
Mauritania,1990,1.24,Other,1.24,151,,,0.0,1990
Mauritania,1991,1.26,Other,2.5,152,0.02,1.6129,0.0,1990
Mauritania,1992,1.29,Other,3.79,153,0.03,2.381,0.01,1990
Mauritania,1993,1.31,Other,5.1,152,0.02,1.5504,0.01,1990
Mauritania,1994,1.34,Other,6.44,152,0.03,2.2901,0.01,1990
Mauritania,1995,1.4,Other,7.84,152,0.06,4.4776,0.01,1990
Mauritania,1996,1.46,Other,9.3,152,0.06,4.2857,0.01,1990
Mauritania,1997,1.45,Other,10.75,153,-0.01,-0.6849,0.01,1990
Mauritania,1998,1.39,Other,12.14,153,-0.06,-4.1379,0.01,1990
Mauritania,1999,1.51,Other,13.65,154,0.12,8.6331,0.01,1990
Mauritania,2000,1.51,Other,15.16,155,0.0,0.0,0.01,2000
Mauritania,2001,1.57,Other,16.73,156,0.06,3.9735,0.01,2000
Mauritania,2002,1.66,Other,18.39,154,0.09,5.7325,0.01,2000
Mauritania,2003,1.7,Other,20.09,154,0.04,2.4096,0.01,2000
Mauritania,2004,1.81,Other,21.9,153,0.11,6.4706,0.01,2000
Mauritania,2005,1.84,Other,23.74,153,0.03,1.6575,0.01,2000
Mauritania,2006,1.85,Other,25.59,155,0.01,0.5435,0.01,2000
Mauritania,2007,2.11,Other,27.7,150,0.26,14.0541,0.01,2000
Mauritania,2008,2.19,Other,29.89,149,0.08,3.7915,0.01,2000
Mauritania,2009,2.39,Other,32.28,151,0.2,9.1324,0.01,2000
Mauritania,2010,2.47,Other,34.75,151,0.08,3.3473,0.01,2010
Mauritania,2011,2.59,Other,37.34,147,0.12,4.8583,0.01,2010
Mauritania,2012,2.79,Other,40.13,148,0.2,7.722,0.01,2010
Mauritania,2013,2.59,Other,42.72,149,-0.2,-7.1685,0.01,2010
Mauritania,2014,2.91,Other,45.63,147,0.32,12.3552,0.01,2010
Mauritania,2015,3.34,Other,48.97,146,0.43,14.7766,0.01,2010
Mauritania,2016,1.73,Other,50.7,160,-1.61,-48.2036,0.0,2010
Mauritania,2017,2.72,Other,53.42,153,0.99,57.2254,0.01,2010
Mauritania,2018,2.92,Other,56.34,153,0.2,7.3529,0.01,2010
Mauritius,1990,1.14,Other,1.14,152,,,0.0,1990
Mauritius,1991,1.23,Other,2.37,153,0.09,7.8947,0.0,1990
Mauritius,1992,1.3,Other,3.67,152,0.07,5.6911,0.01,1990
Mauritius,1993,1.45,Other,5.12,151,0.15,11.5385,0.01,1990
Mauritius,1994,1.49,Other,6.61,151,0.04,2.7586,0.01,1990
Mauritius,1995,1.53,Other,8.14,151,0.04,2.6846,0.01,1990
Mauritius,1996,1.59,Other,9.73,151,0.06,3.9216,0.01,1990
Mauritius,1997,1.6,Other,11.33,152,0.01,0.6289,0.01,1990
Mauritius,1998,1.77,Other,13.1,149,0.17,10.625,0.01,1990
Mauritius,1999,2.18,Other,15.28,149,0.41,23.1638,0.01,1990
Mauritius,2000,2.41,Other,17.69,146,0.23,10.5505,0.01,2000
Mauritius,2001,2.65,Other,20.34,143,0.24,9.9585,0.01,2000
Mauritius,2002,2.7,Other,23.04,143,0.05,1.8868,0.01,2000
Mauritius,2003,2.83,Other,25.87,144,0.13,4.8148,0.01,2000
Mauritius,2004,2.85,Other,28.72,144,0.02,0.7067,0.01,2000
Mauritius,2005,3.05,Other,31.77,143,0.2,7.0175,0.01,2000
Mauritius,2006,3.39,Other,35.16,142,0.34,11.1475,0.01,2000
Mauritius,2007,3.48,Other,38.64,142,0.09,2.6549,0.01,2000
Mauritius,2008,3.55,Other,42.19,143,0.07,2.0115,0.01,2000
Mauritius,2009,3.51,Other,45.7,146,-0.04,-1.1268,0.01,2000
Mauritius,2010,3.75,Other,49.45,143,0.24,6.8376,0.01,2010
Mauritius,2011,3.64,Other,53.09,142,-0.11,-2.9333,0.01,2010
Mauritius,2012,3.73,Other,56.82,142,0.09,2.4725,0.01,2010
Mauritius,2013,3.82,Other,60.64,142,0.09,2.4129,0.01,2010
Mauritius,2014,3.96,Other,64.6,143,0.14,3.6649,0.01,2010
Mauritius,2015,3.97,Other,68.57,143,0.01,0.2525,0.01,2010
Mauritius,2016,4.01,Other,72.58,149,0.04,1.0076,0.01,2010
Mauritius,2017,4.15,Other,76.73,148,0.14,3.4913,0.01,2010
Mauritius,2018,4.11,Other,80.84,148,-0.04,-0.9639,0.01,2010
Mexico,1990,290.01,North America,290.01,18,,,1.15,1990
Mexico,1991,308.41,North America,598.42,18,18.4,6.3446,1.21,1990
Mexico,1992,312.07,North America,910.49,18,3.66,1.1867,1.24,1990
Mexico,1993,323.14,North America,1233.63,17,11.07,3.5473,1.28,1990
Mexico,1994,348.29,North America,1581.92,15,25.15,7.783,1.37,1990
Mexico,1995,328.84,North America,1910.76,17,-19.45,-5.5844,1.26,1990
Mexico,1996,348.39,North America,2259.15,16,19.55,5.9451,1.32,1990
Mexico,1997,371.54,North America,2630.69,14,23.15,6.6449,1.35,1990
Mexico,1998,395.43,North America,3026.12,12,23.89,6.43,1.47,1990
Mexico,1999,382.78,North America,3408.9,14,-12.65,-3.199,1.42,1990
Mexico,2000,406.79,North America,3815.69,13,24.01,6.2725,1.47,2000
Mexico,2001,316.03,North America,4131.72,17,-90.76,-22.3113,1.14,2000
Mexico,2002,322.01,North America,4453.73,18,5.98,1.8922,1.13,2000
Mexico,2003,340.27,North America,4794.0,18,18.26,5.6706,1.16,2000
Mexico,2004,347.46,North America,5141.46,18,7.19,2.113,1.13,2000
Mexico,2005,365.66,North America,5507.12,18,18.2,5.238,1.16,2000
Mexico,2006,382.98,North America,5890.1,17,17.32,4.7366,1.17,2000
Mexico,2007,395.67,North America,6285.77,17,12.69,3.3135,1.19,2000
Mexico,2008,410.68,North America,6696.45,16,15.01,3.7936,1.23,2000
Mexico,2009,395.03,North America,7091.48,17,-15.65,-3.8108,1.19,2000
Mexico,2010,402.21,North America,7493.69,17,7.18,1.8176,1.16,2010
Mexico,2011,494.81,North America,7988.5,14,92.6,23.0228,1.44,2010
Mexico,2012,494.56,North America,8483.06,14,-0.25,-0.0505,1.43,2010
Mexico,2013,483.71,North America,8966.77,15,-10.85,-2.1939,1.37,2010
Mexico,2014,472.17,North America,9438.94,15,-11.54,-2.3857,1.34,2010
Mexico,2015,486.44,North America,9925.38,15,14.27,3.0222,1.38,2010
Mexico,2016,493.7,North America,10419.08,15,7.26,1.4925,1.36,2010
Mexico,2017,486.25,North America,10905.33,15,-7.45,-1.509,1.33,2010
Mexico,2018,486.58,North America,11391.91,15,0.33,0.0679,1.3,2010
Micronesia,1990,0.0,Other,0.0,182,,,0.0,1990
Micronesia,1991,-0.03,Other,-0.03,186,-0.03,-inf,-0.0,1990
Micronesia,1992,0.08,Other,0.05,176,0.11,-366.6667,0.0,1990
Micronesia,1993,0.08,Other,0.13,176,0.0,0.0,0.0,1990
Micronesia,1994,0.08,Other,0.21,178,0.0,0.0,0.0,1990
Micronesia,1995,0.09,Other,0.3,177,0.01,12.5,0.0,1990
Micronesia,1996,0.09,Other,0.39,176,0.0,0.0,0.0,1990
Micronesia,1997,0.1,Other,0.49,176,0.01,11.1111,0.0,1990
Micronesia,1998,0.1,Other,0.59,176,0.0,0.0,0.0,1990
Micronesia,1999,0.1,Other,0.69,177,0.0,0.0,0.0,1990
Micronesia,2000,0.1,Other,0.79,176,0.0,0.0,0.0,2000
Micronesia,2001,0.12,Other,0.91,178,0.02,20.0,0.0,2000
Micronesia,2002,0.11,Other,1.02,178,-0.01,-8.3333,0.0,2000
Micronesia,2003,0.13,Other,1.15,177,0.02,18.1818,0.0,2000
Micronesia,2004,0.13,Other,1.28,178,0.0,0.0,0.0,2000
Micronesia,2005,0.13,Other,1.41,180,0.0,0.0,0.0,2000
Micronesia,2006,0.11,Other,1.52,181,-0.02,-15.3846,0.0,2000
Micronesia,2007,0.11,Other,1.63,181,0.0,0.0,0.0,2000
Micronesia,2008,0.09,Other,1.72,183,-0.02,-18.1818,0.0,2000
Micronesia,2009,0.1,Other,1.82,182,0.01,11.1111,0.0,2000
Micronesia,2010,0.08,Other,1.9,184,-0.02,-20.0,0.0,2010
Micronesia,2011,0.09,Other,1.99,183,0.01,12.5,0.0,2010
Micronesia,2012,0.1,Other,2.09,182,0.01,11.1111,0.0,2010
Micronesia,2013,0.11,Other,2.2,182,0.01,10.0,0.0,2010
Micronesia,2014,0.11,Other,2.31,180,0.0,0.0,0.0,2010
Micronesia,2015,0.12,Other,2.43,181,0.01,9.0909,0.0,2010
Micronesia,2016,0.14,Other,2.57,186,0.02,16.6667,0.0,2010
Micronesia,2017,0.14,Other,2.71,186,0.0,0.0,0.0,2010
Micronesia,2018,0.15,Other,2.86,185,0.01,7.1429,0.0,2010
Moldova,1990,30.23,Other,30.23,73,,,0.12,1990
Moldova,1991,24.3,Other,54.53,82,-5.93,-19.6163,0.1,1990
Moldova,1992,20.02,Other,74.55,86,-4.28,-17.6132,0.08,1990
Moldova,1993,17.11,Other,91.66,86,-2.91,-14.5355,0.07,1990
Moldova,1994,13.83,Other,105.49,97,-3.28,-19.1701,0.05,1990
Moldova,1995,11.84,Other,117.33,109,-1.99,-14.389,0.05,1990
Moldova,1996,10.1,Other,127.43,113,-1.74,-14.6959,0.04,1990
Moldova,1997,9.28,Other,136.71,117,-0.82,-8.1188,0.03,1990
Moldova,1998,8.35,Other,145.06,123,-0.93,-10.0216,0.03,1990
Moldova,1999,7.05,Other,152.11,126,-1.3,-15.5689,0.03,1990
Moldova,2000,6.4,Other,158.51,129,-0.65,-9.2199,0.02,2000
Moldova,2001,6.02,Other,164.53,131,-0.38,-5.9375,0.02,2000
Moldova,2002,6.18,Other,170.71,131,0.16,2.6578,0.02,2000
Moldova,2003,6.76,Other,177.47,131,0.58,9.3851,0.02,2000
Moldova,2004,6.77,Other,184.24,131,0.01,0.1479,0.02,2000
Moldova,2005,7.17,Other,191.41,130,0.4,5.9084,0.02,2000
Moldova,2006,6.97,Other,198.38,132,-0.2,-2.7894,0.02,2000
Moldova,2007,7.13,Other,205.51,134,0.16,2.2956,0.02,2000
Moldova,2008,7.14,Other,212.65,134,0.01,0.1403,0.02,2000
Moldova,2009,6.63,Other,219.28,134,-0.51,-7.1429,0.02,2000
Moldova,2010,7.29,Other,226.57,132,0.66,9.9548,0.02,2010
Moldova,2011,7.9,Other,234.47,128,0.61,8.3676,0.02,2010
Moldova,2012,7.69,Other,242.16,131,-0.21,-2.6582,0.02,2010
Moldova,2013,6.73,Other,248.89,134,-0.96,-12.4837,0.02,2010
Moldova,2014,7.27,Other,256.16,134,0.54,8.0238,0.02,2010
Moldova,2015,7.57,Other,263.73,131,0.3,4.1265,0.02,2010
Moldova,2016,8.25,Other,271.98,131,0.68,8.9828,0.02,2010
Moldova,2017,8.26,Other,280.24,132,0.01,0.1212,0.02,2010
Moldova,2018,8.7,Other,288.94,131,0.44,5.3269,0.02,2010
Mongolia,1990,17.14,Other,17.14,92,,,0.07,1990
Mongolia,1991,18.93,Other,36.07,89,1.79,10.4434,0.07,1990
Mongolia,1992,17.03,Other,53.1,89,-1.9,-10.037,0.07,1990
Mongolia,1993,16.02,Other,69.12,92,-1.01,-5.9307,0.06,1990
Mongolia,1994,14.5,Other,83.62,94,-1.52,-9.4881,0.06,1990
Mongolia,1995,14.45,Other,98.07,95,-0.05,-0.3448,0.06,1990
Mongolia,1996,12.87,Other,110.94,106,-1.58,-10.9343,0.05,1990
Mongolia,1997,12.71,Other,123.65,106,-0.16,-1.2432,0.05,1990
Mongolia,1998,12.75,Other,136.4,107,0.04,0.3147,0.05,1990
Mongolia,1999,12.81,Other,149.21,108,0.06,0.4706,0.05,1990
Mongolia,2000,13.21,Other,162.42,107,0.4,3.1226,0.05,2000
Mongolia,2001,13.06,Other,175.48,108,-0.15,-1.1355,0.05,2000
Mongolia,2002,13.69,Other,189.17,107,0.63,4.8239,0.05,2000
Mongolia,2003,13.39,Other,202.56,110,-0.3,-2.1914,0.05,2000
Mongolia,2004,13.66,Other,216.22,110,0.27,2.0164,0.04,2000
Mongolia,2005,15.17,Other,231.39,107,1.51,11.0542,0.05,2000
Mongolia,2006,16.53,Other,247.92,103,1.36,8.9651,0.05,2000
Mongolia,2007,17.13,Other,265.05,103,0.6,3.6298,0.05,2000
Mongolia,2008,17.07,Other,282.12,103,-0.06,-0.3503,0.05,2000
Mongolia,2009,17.75,Other,299.87,101,0.68,3.9836,0.05,2000
Mongolia,2010,18.42,Other,318.29,103,0.67,3.7746,0.05,2010
Mongolia,2011,18.9,Other,337.19,98,0.48,2.6059,0.06,2010
Mongolia,2012,20.31,Other,357.5,92,1.41,7.4603,0.06,2010
Mongolia,2013,21.55,Other,379.05,92,1.24,6.1054,0.06,2010
Mongolia,2014,21.3,Other,400.35,93,-0.25,-1.1601,0.06,2010
Mongolia,2015,20.48,Other,420.83,95,-0.82,-3.8498,0.06,2010
Mongolia,2016,21.28,Other,442.11,99,0.8,3.9062,0.06,2010
Mongolia,2017,22.56,Other,464.67,96,1.28,6.015,0.06,2010
Mongolia,2018,24.42,Other,489.09,92,1.86,8.2447,0.07,2010
Montenegro,1990,-0.34,Other,-0.34,186,,,-0.0,1990
Montenegro,1991,-0.34,Other,-0.68,187,0.0,0.0,-0.0,1990
Montenegro,1992,-0.34,Other,-1.02,186,0.0,0.0,-0.0,1990
Montenegro,1993,-0.34,Other,-1.36,184,0.0,0.0,-0.0,1990
Montenegro,1994,-0.34,Other,-1.7,185,0.0,0.0,-0.0,1990
Montenegro,1995,-0.34,Other,-2.04,185,0.0,0.0,-0.0,1990
Montenegro,1996,-0.34,Other,-2.38,185,0.0,0.0,-0.0,1990
Montenegro,1997,-0.34,Other,-2.72,186,0.0,0.0,-0.0,1990
Montenegro,1998,-0.34,Other,-3.06,186,0.0,0.0,-0.0,1990
Montenegro,1999,-0.34,Other,-3.4,187,0.0,0.0,-0.0,1990
Montenegro,2000,-0.34,Other,-3.74,187,0.0,0.0,-0.0,2000
Montenegro,2001,-4.13,Other,-7.87,191,-3.79,1114.7059,-0.01,2000
Montenegro,2002,-4.13,Other,-12.0,191,0.0,0.0,-0.01,2000
Montenegro,2003,-4.13,Other,-16.13,191,0.0,0.0,-0.01,2000
Montenegro,2004,-4.13,Other,-20.26,191,0.0,0.0,-0.01,2000
Montenegro,2005,-2.12,Other,-22.38,191,2.01,-48.6683,-0.01,2000
Montenegro,2006,-1.95,Other,-24.33,191,0.17,-8.0189,-0.01,2000
Montenegro,2007,-2.03,Other,-26.36,191,-0.08,4.1026,-0.01,2000
Montenegro,2008,-1.44,Other,-27.8,190,0.59,-29.064,-0.0,2000
Montenegro,2009,-2.38,Other,-30.18,192,-0.94,65.2778,-0.01,2000
Montenegro,2010,-1.55,Other,-31.73,191,0.83,-34.8739,-0.0,2010
Montenegro,2011,2.56,Other,-29.17,149,4.11,-265.1613,0.01,2010
Montenegro,2012,2.36,Other,-26.81,152,-0.2,-7.8125,0.01,2010
Montenegro,2013,2.3,Other,-24.51,152,-0.06,-2.5424,0.01,2010
Montenegro,2014,2.25,Other,-22.26,153,-0.05,-2.1739,0.01,2010
Montenegro,2015,2.39,Other,-19.87,150,0.14,6.2222,0.01,2010
Montenegro,2016,2.14,Other,-17.73,156,-0.25,-10.4603,0.01,2010
Montenegro,2017,2.25,Other,-15.48,156,0.11,5.1402,0.01,2010
Montenegro,2018,2.55,Other,-12.93,156,0.3,13.3333,0.01,2010
Morocco,1990,16.83,Other,16.83,93,,,0.07,1990
Morocco,1991,18.56,Other,35.39,90,1.73,10.2793,0.07,1990
Morocco,1992,20.37,Other,55.76,84,1.81,9.7522,0.08,1990
Morocco,1993,21.08,Other,76.84,82,0.71,3.4855,0.08,1990
Morocco,1994,23.24,Other,100.08,80,2.16,10.2467,0.09,1990
Morocco,1995,24.3,Other,124.38,80,1.06,4.5611,0.09,1990
Morocco,1996,23.99,Other,148.37,81,-0.31,-1.2757,0.09,1990
Morocco,1997,25.43,Other,173.8,80,1.44,6.0025,0.09,1990
Morocco,1998,26.15,Other,199.95,78,0.72,2.8313,0.1,1990
Morocco,1999,27.7,Other,227.65,76,1.55,5.9273,0.1,1990
Morocco,2000,28.39,Other,256.04,76,0.69,2.491,0.1,2000
Morocco,2001,32.4,Other,288.44,76,4.01,14.1247,0.12,2000
Morocco,2002,33.75,Other,322.19,75,1.35,4.1667,0.12,2000
Morocco,2003,33.69,Other,355.88,74,-0.06,-0.1778,0.11,2000
Morocco,2004,37.64,Other,393.52,73,3.95,11.7245,0.12,2000
Morocco,2005,39.96,Other,433.48,71,2.32,6.1637,0.13,2000
Morocco,2006,41.66,Other,475.14,71,1.7,4.2543,0.13,2000
Morocco,2007,43.21,Other,518.35,70,1.55,3.7206,0.13,2000
Morocco,2008,45.66,Other,564.01,68,2.45,5.67,0.14,2000
Morocco,2009,46.02,Other,610.03,67,0.36,0.7884,0.14,2000
Morocco,2010,49.14,Other,659.17,66,3.12,6.7797,0.14,2010
Morocco,2011,56.35,Other,715.52,57,7.21,14.6724,0.16,2010
Morocco,2012,58.71,Other,774.23,56,2.36,4.1881,0.17,2010
Morocco,2013,58.28,Other,832.51,58,-0.43,-0.7324,0.17,2010
Morocco,2014,59.72,Other,892.23,57,1.44,2.4708,0.17,2010
Morocco,2015,61.71,Other,953.94,57,1.99,3.3322,0.17,2010
Morocco,2016,61.14,Other,1015.08,57,-0.57,-0.9237,0.17,2010
Morocco,2017,63.99,Other,1079.07,56,2.85,4.6614,0.17,2010
Morocco,2018,64.74,Other,1143.81,55,0.75,1.1721,0.17,2010
Mozambique,1990,49.47,Other,49.47,58,,,0.2,1990
Mozambique,1991,49.29,Other,98.76,55,-0.18,-0.3639,0.19,1990
Mozambique,1992,49.45,Other,148.21,55,0.16,0.3246,0.2,1990
Mozambique,1993,49.65,Other,197.86,56,0.2,0.4044,0.2,1990
Mozambique,1994,49.45,Other,247.31,55,-0.2,-0.4028,0.19,1990
Mozambique,1995,49.53,Other,296.84,56,0.08,0.1618,0.19,1990
Mozambique,1996,49.52,Other,346.36,58,-0.01,-0.0202,0.19,1990
Mozambique,1997,49.64,Other,396.0,59,0.12,0.2423,0.18,1990
Mozambique,1998,49.6,Other,445.6,59,-0.04,-0.0806,0.18,1990
Mozambique,1999,49.59,Other,495.19,57,-0.01,-0.0202,0.18,1990
Mozambique,2000,49.78,Other,544.97,58,0.19,0.3831,0.18,2000
Mozambique,2001,50.34,Other,595.31,59,0.56,1.1249,0.18,2000
Mozambique,2002,50.5,Other,645.81,59,0.16,0.3178,0.18,2000
Mozambique,2003,50.83,Other,696.64,62,0.33,0.6535,0.17,2000
Mozambique,2004,50.84,Other,747.48,62,0.01,0.0197,0.17,2000
Mozambique,2005,50.64,Other,798.12,61,-0.2,-0.3934,0.16,2000
Mozambique,2006,50.79,Other,848.91,63,0.15,0.2962,0.16,2000
Mozambique,2007,51.16,Other,900.07,63,0.37,0.7285,0.15,2000
Mozambique,2008,51.17,Other,951.24,64,0.01,0.0195,0.15,2000
Mozambique,2009,51.44,Other,1002.68,62,0.27,0.5277,0.15,2000
Mozambique,2010,51.64,Other,1054.32,62,0.2,0.3888,0.15,2010
Mozambique,2011,48.78,Other,1103.1,62,-2.86,-5.5383,0.14,2010
Mozambique,2012,48.66,Other,1151.76,61,-0.12,-0.246,0.14,2010
Mozambique,2013,49.04,Other,1200.8,61,0.38,0.7809,0.14,2010
Mozambique,2014,50.05,Other,1250.85,61,1.01,2.0595,0.14,2010
Mozambique,2015,51.22,Other,1302.07,61,1.17,2.3377,0.15,2010
Mozambique,2016,58.61,Other,1360.68,58,7.39,14.428,0.16,2010
Mozambique,2017,58.85,Other,1419.53,58,0.24,0.4095,0.16,2010
Mozambique,2018,59.47,Other,1479.0,58,0.62,1.0535,0.16,2010
Myanmar,1990,146.17,Other,146.17,29,,,0.58,1990
Myanmar,1991,146.1,Other,292.27,29,-0.07,-0.0479,0.57,1990
Myanmar,1992,146.26,Other,438.53,29,0.16,0.1095,0.58,1990
Myanmar,1993,146.79,Other,585.32,30,0.53,0.3624,0.58,1990
Myanmar,1994,147.62,Other,732.94,31,0.83,0.5654,0.58,1990
Myanmar,1995,148.94,Other,881.88,32,1.32,0.8942,0.57,1990
Myanmar,1996,148.08,Other,1029.96,32,-0.86,-0.5774,0.56,1990
Myanmar,1997,147.66,Other,1177.62,31,-0.42,-0.2836,0.54,1990
Myanmar,1998,149.01,Other,1326.63,31,1.35,0.9143,0.55,1990
Myanmar,1999,150.15,Other,1476.78,30,1.14,0.765,0.56,1990
Myanmar,2000,150.72,Other,1627.5,31,0.57,0.3796,0.55,2000
Myanmar,2001,131.84,Other,1759.34,31,-18.88,-12.5265,0.48,2000
Myanmar,2002,131.21,Other,1890.55,32,-0.63,-0.4779,0.46,2000
Myanmar,2003,134.72,Other,2025.27,32,3.51,2.6751,0.46,2000
Myanmar,2004,136.38,Other,2161.65,33,1.66,1.2322,0.44,2000
Myanmar,2005,134.24,Other,2295.89,34,-2.14,-1.5691,0.43,2000
Myanmar,2006,135.2,Other,2431.09,35,0.96,0.7151,0.41,2000
Myanmar,2007,135.08,Other,2566.17,35,-0.12,-0.0888,0.41,2000
Myanmar,2008,130.98,Other,2697.15,37,-4.1,-3.0352,0.39,2000
Myanmar,2009,132.1,Other,2829.25,36,1.12,0.8551,0.4,2000
Myanmar,2010,134.15,Other,2963.4,37,2.05,1.5519,0.39,2010
Myanmar,2011,114.79,Other,3078.19,40,-19.36,-14.4316,0.33,2010
Myanmar,2012,118.38,Other,3196.57,39,3.59,3.1275,0.34,2010
Myanmar,2013,121.56,Other,3318.13,39,3.18,2.6863,0.35,2010
Myanmar,2014,124.63,Other,3442.76,40,3.07,2.5255,0.35,2010
Myanmar,2015,128.25,Other,3571.01,39,3.62,2.9046,0.36,2010
Myanmar,2016,125.78,Other,3696.79,41,-2.47,-1.9259,0.35,2010
Myanmar,2017,133.48,Other,3830.27,41,7.7,6.1218,0.36,2010
Myanmar,2018,136.92,Other,3967.19,41,3.44,2.5772,0.37,2010
Namibia,1990,,Other,,-1,,,,1990
Namibia,1991,11.68,Other,11.68,109,,,0.05,1990
Namibia,1992,11.78,Other,23.46,109,0.1,0.8562,0.05,1990
Namibia,1993,11.98,Other,35.44,107,0.2,1.6978,0.05,1990
Namibia,1994,12.2,Other,47.64,106,0.22,1.8364,0.05,1990
Namibia,1995,12.33,Other,59.97,105,0.13,1.0656,0.05,1990
Namibia,1996,12.48,Other,72.45,107,0.15,1.2165,0.05,1990
Namibia,1997,12.53,Other,84.98,108,0.05,0.4006,0.05,1990
Namibia,1998,12.58,Other,97.56,108,0.05,0.399,0.05,1990
Namibia,1999,12.54,Other,110.1,109,-0.04,-0.318,0.05,1990
Namibia,2000,12.5,Other,122.6,108,-0.04,-0.319,0.05,2000
Namibia,2001,13.02,Other,135.62,109,0.52,4.16,0.05,2000
Namibia,2002,12.69,Other,148.31,112,-0.33,-2.5346,0.04,2000
Namibia,2003,12.83,Other,161.14,113,0.14,1.1032,0.04,2000
Namibia,2004,12.94,Other,174.08,114,0.11,0.8574,0.04,2000
Namibia,2005,13.09,Other,187.17,114,0.15,1.1592,0.04,2000
Namibia,2006,13.1,Other,200.27,115,0.01,0.0764,0.04,2000
Namibia,2007,13.18,Other,213.45,116,0.08,0.6107,0.04,2000
Namibia,2008,13.52,Other,226.97,115,0.34,2.5797,0.04,2000
Namibia,2009,13.59,Other,240.56,113,0.07,0.5178,0.04,2000
Namibia,2010,13.69,Other,254.25,113,0.1,0.7358,0.04,2010
Namibia,2011,13.88,Other,268.13,111,0.19,1.3879,0.04,2010
Namibia,2012,14.1,Other,282.23,112,0.22,1.585,0.04,2010
Namibia,2013,14.38,Other,296.61,109,0.28,1.9858,0.04,2010
Namibia,2014,14.56,Other,311.17,109,0.18,1.2517,0.04,2010
Namibia,2015,14.83,Other,326.0,108,0.27,1.8544,0.04,2010
Namibia,2016,14.92,Other,340.92,111,0.09,0.6069,0.04,2010
Namibia,2017,14.89,Other,355.81,110,-0.03,-0.2011,0.04,2010
Namibia,2018,14.81,Other,370.62,112,-0.08,-0.5373,0.04,2010
Nauru,1990,0.13,Other,0.13,169,,,0.0,1990
Nauru,1991,0.13,Other,0.26,170,0.0,0.0,0.0,1990
Nauru,1992,0.12,Other,0.38,175,-0.01,-7.6923,0.0,1990
Nauru,1993,0.11,Other,0.49,173,-0.01,-8.3333,0.0,1990
Nauru,1994,0.11,Other,0.6,174,0.0,0.0,0.0,1990
Nauru,1995,0.11,Other,0.71,174,0.0,0.0,0.0,1990
Nauru,1996,0.1,Other,0.81,174,-0.01,-9.0909,0.0,1990
Nauru,1997,0.1,Other,0.91,176,0.0,0.0,0.0,1990
Nauru,1998,0.1,Other,1.01,176,0.0,0.0,0.0,1990
Nauru,1999,0.09,Other,1.1,179,-0.01,-10.0,0.0,1990
Nauru,2000,0.09,Other,1.19,179,0.0,0.0,0.0,2000
Nauru,2001,0.08,Other,1.27,182,-0.01,-11.1111,0.0,2000
Nauru,2002,0.08,Other,1.35,181,0.0,0.0,0.0,2000
Nauru,2003,0.07,Other,1.42,183,-0.01,-12.5,0.0,2000
Nauru,2004,0.07,Other,1.49,182,0.0,0.0,0.0,2000
Nauru,2005,0.07,Other,1.56,183,0.0,0.0,0.0,2000
Nauru,2006,0.05,Other,1.61,186,-0.02,-28.5714,0.0,2000
Nauru,2007,0.04,Other,1.65,186,-0.01,-20.0,0.0,2000
Nauru,2008,0.04,Other,1.69,186,0.0,0.0,0.0,2000
Nauru,2009,0.04,Other,1.73,186,0.0,0.0,0.0,2000
Nauru,2010,0.04,Other,1.77,187,0.0,0.0,0.0,2010
Nauru,2011,0.04,Other,1.81,186,0.0,0.0,0.0,2010
Nauru,2012,0.04,Other,1.85,185,0.0,0.0,0.0,2010
Nauru,2013,0.05,Other,1.9,186,0.01,25.0,0.0,2010
Nauru,2014,0.05,Other,1.95,184,0.0,0.0,0.0,2010
Nauru,2015,0.05,Other,2.0,185,0.0,0.0,0.0,2010
Nauru,2016,0.06,Other,2.06,189,0.01,20.0,0.0,2010
Nauru,2017,0.07,Other,2.13,189,0.01,16.6667,0.0,2010
Nauru,2018,0.07,Other,2.2,189,0.0,0.0,0.0,2010
Nepal,1990,-0.83,Other,-0.83,188,,,-0.0,1990
Nepal,1991,-0.59,Other,-1.42,189,0.24,-28.9157,-0.0,1990
Nepal,1992,-0.54,Other,-1.96,188,0.05,-8.4746,-0.0,1990
Nepal,1993,-0.36,Other,-2.32,185,0.18,-33.3333,-0.0,1990
Nepal,1994,0.18,Other,-2.14,168,0.54,-150.0,0.0,1990
Nepal,1995,0.29,Other,-1.85,162,0.11,61.1111,0.0,1990
Nepal,1996,0.35,Other,-1.5,161,0.06,20.6897,0.0,1990
Nepal,1997,0.59,Other,-0.91,159,0.24,68.5714,0.0,1990
Nepal,1998,0.73,Other,-0.18,160,0.14,23.7288,0.0,1990
Nepal,1999,1.81,Other,1.63,151,1.08,147.9452,0.01,1990
Nepal,2000,1.93,Other,3.56,151,0.12,6.6298,0.01,2000
Nepal,2001,-0.67,Other,2.89,189,-2.6,-134.715,-0.0,2000
Nepal,2002,-1.35,Other,1.54,189,-0.68,101.4925,-0.0,2000
Nepal,2003,-1.12,Other,0.42,189,0.23,-17.037,-0.0,2000
Nepal,2004,-1.33,Other,-0.91,190,-0.21,18.75,-0.0,2000
Nepal,2005,-0.96,Other,-1.87,189,0.37,-27.8195,-0.0,2000
Nepal,2006,-1.53,Other,-3.4,190,-0.57,59.375,-0.0,2000
Nepal,2007,-1.46,Other,-4.86,190,0.07,-4.5752,-0.0,2000
Nepal,2008,-1.16,Other,-6.02,189,0.3,-20.5479,-0.0,2000
Nepal,2009,-0.28,Other,-6.3,189,0.88,-75.8621,-0.0,2000
Nepal,2010,0.48,Other,-5.82,168,0.76,-271.4286,0.0,2010
Nepal,2011,8.21,Other,2.39,126,7.73,1610.4167,0.02,2010
Nepal,2012,9.01,Other,11.4,127,0.8,9.7442,0.03,2010
Nepal,2013,9.1,Other,20.5,124,0.09,0.9989,0.03,2010
Nepal,2014,10.15,Other,30.65,122,1.05,11.5385,0.03,2010
Nepal,2015,9.48,Other,40.13,122,-0.67,-6.601,0.03,2010
Nepal,2016,12.3,Other,52.43,120,2.82,29.7468,0.03,2010
Nepal,2017,13.98,Other,66.41,116,1.68,13.6585,0.04,2010
Nepal,2018,14.97,Other,81.38,111,0.99,7.0815,0.04,2010
Netherlands,1990,149.83,Other,149.83,28,,,0.59,1990
Netherlands,1991,155.95,Other,305.78,27,6.12,4.0846,0.61,1990
Netherlands,1992,154.74,Other,460.52,27,-1.21,-0.7759,0.61,1990
Netherlands,1993,159.74,Other,620.26,27,5.0,3.2312,0.63,1990
Netherlands,1994,158.9,Other,779.16,27,-0.84,-0.5259,0.62,1990
Netherlands,1995,165.81,Other,944.97,28,6.91,4.3486,0.64,1990
Netherlands,1996,175.38,Other,1120.35,27,9.57,5.7717,0.66,1990
Netherlands,1997,167.94,Other,1288.29,29,-7.44,-4.2422,0.61,1990
Netherlands,1998,168.37,Other,1456.66,28,0.43,0.256,0.62,1990
Netherlands,1999,163.09,Other,1619.75,29,-5.28,-3.136,0.61,1990
Netherlands,2000,163.75,Other,1783.5,29,0.66,0.4047,0.59,2000
Netherlands,2001,168.59,Other,1952.09,27,4.84,2.9557,0.61,2000
Netherlands,2002,168.66,Other,2120.75,27,0.07,0.0415,0.59,2000
Netherlands,2003,171.59,Other,2292.34,28,2.93,1.7372,0.59,2000
Netherlands,2004,173.27,Other,2465.61,29,1.68,0.9791,0.56,2000
Netherlands,2005,169.08,Other,2634.69,29,-4.19,-2.4182,0.54,2000
Netherlands,2006,164.82,Other,2799.51,31,-4.26,-2.5195,0.5,2000
Netherlands,2007,165.74,Other,2965.25,31,0.92,0.5582,0.5,2000
Netherlands,2008,166.5,Other,3131.75,31,0.76,0.4585,0.5,2000
Netherlands,2009,161.66,Other,3293.41,31,-4.84,-2.9069,0.49,2000
Netherlands,2010,172.28,Other,3465.69,31,10.62,6.5693,0.5,2010
Netherlands,2011,160.24,Other,3625.93,31,-12.04,-6.9886,0.47,2010
Netherlands,2012,158.89,Other,3784.82,31,-1.35,-0.8425,0.46,2010
Netherlands,2013,158.49,Other,3943.31,32,-0.4,-0.2517,0.45,2010
Netherlands,2014,151.26,Other,4094.57,34,-7.23,-4.5618,0.43,2010
Netherlands,2015,159.47,Other,4254.04,34,8.21,5.4277,0.45,2010
Netherlands,2016,159.64,Other,4413.68,36,0.17,0.1066,0.44,2010
Netherlands,2017,157.27,Other,4570.95,37,-2.37,-1.4846,0.43,2010
Netherlands,2018,152.52,Other,4723.47,37,-4.75,-3.0203,0.41,2010
New Zealand,1990,-3.58,Oceania,-3.58,190,,,-0.01,1990
New Zealand,1991,-3.27,Oceania,-6.85,191,0.31,-8.6592,-0.01,1990
New Zealand,1992,-1.49,Oceania,-8.34,190,1.78,-54.4343,-0.01,1990
New Zealand,1993,-1.98,Oceania,-10.32,190,-0.49,32.8859,-0.01,1990
New Zealand,1994,-1.61,Oceania,-11.93,188,0.37,-18.6869,-0.01,1990
New Zealand,1995,-1.5,Oceania,-13.43,188,0.11,-6.8323,-0.01,1990
New Zealand,1996,-0.39,Oceania,-13.82,187,1.11,-74.0,-0.0,1990
New Zealand,1997,1.93,Oceania,-11.89,147,2.32,-594.8718,0.01,1990
New Zealand,1998,1.45,Oceania,-10.44,152,-0.48,-24.8705,0.01,1990
New Zealand,1999,2.82,Oceania,-7.62,145,1.37,94.4828,0.01,1990
New Zealand,2000,3.6,Oceania,-4.02,143,0.78,27.6596,0.01,2000
New Zealand,2001,8.9,Oceania,4.88,123,5.3,147.2222,0.03,2000
New Zealand,2002,8.76,Oceania,13.64,123,-0.14,-1.573,0.03,2000
New Zealand,2003,10.62,Oceania,24.26,119,1.86,21.2329,0.04,2000
New Zealand,2004,10.04,Oceania,34.3,122,-0.58,-5.4614,0.03,2000
New Zealand,2005,11.43,Oceania,45.73,121,1.39,13.8446,0.04,2000
New Zealand,2006,11.48,Oceania,57.21,121,0.05,0.4374,0.04,2000
New Zealand,2007,10.57,Oceania,67.78,123,-0.91,-7.9268,0.03,2000
New Zealand,2008,11.54,Oceania,79.32,121,0.97,9.1769,0.03,2000
New Zealand,2009,8.49,Oceania,87.81,126,-3.05,-26.4298,0.03,2000
New Zealand,2010,8.3,Oceania,96.11,127,-0.19,-2.2379,0.02,2010
New Zealand,2011,13.64,Oceania,109.75,113,5.34,64.3373,0.04,2010
New Zealand,2012,15.3,Oceania,125.05,106,1.66,12.1701,0.04,2010
New Zealand,2013,15.03,Oceania,140.08,106,-0.27,-1.7647,0.04,2010
New Zealand,2014,15.07,Oceania,155.15,106,0.04,0.2661,0.04,2010
New Zealand,2015,15.47,Oceania,170.62,105,0.4,2.6543,0.04,2010
New Zealand,2016,20.57,Oceania,191.19,102,5.1,32.967,0.06,2010
New Zealand,2017,22.31,Oceania,213.5,97,1.74,8.4589,0.06,2010
New Zealand,2018,21.59,Oceania,235.09,98,-0.72,-3.2273,0.06,2010
Nicaragua,1990,21.47,Other,21.47,86,,,0.08,1990
Nicaragua,1991,21.46,Other,42.93,84,-0.01,-0.0466,0.08,1990
Nicaragua,1992,21.77,Other,64.7,80,0.31,1.4445,0.09,1990
Nicaragua,1993,21.74,Other,86.44,80,-0.03,-0.1378,0.09,1990
Nicaragua,1994,22.06,Other,108.5,81,0.32,1.4719,0.09,1990
Nicaragua,1995,22.19,Other,130.69,82,0.13,0.5893,0.09,1990
Nicaragua,1996,22.35,Other,153.04,82,0.16,0.721,0.08,1990
Nicaragua,1997,22.56,Other,175.6,83,0.21,0.9396,0.08,1990
Nicaragua,1998,23.05,Other,198.65,83,0.49,2.172,0.09,1990
Nicaragua,1999,23.08,Other,221.73,82,0.03,0.1302,0.09,1990
Nicaragua,2000,23.3,Other,245.03,81,0.22,0.9532,0.08,2000
Nicaragua,2001,27.56,Other,272.59,79,4.26,18.2833,0.1,2000
Nicaragua,2002,27.7,Other,300.29,79,0.14,0.508,0.1,2000
Nicaragua,2003,28.17,Other,328.46,80,0.47,1.6968,0.1,2000
Nicaragua,2004,28.14,Other,356.6,81,-0.03,-0.1065,0.09,2000
Nicaragua,2005,27.94,Other,384.54,81,-0.2,-0.7107,0.09,2000
Nicaragua,2006,28.15,Other,412.69,82,0.21,0.7516,0.09,2000
Nicaragua,2007,28.3,Other,440.99,83,0.15,0.5329,0.08,2000
Nicaragua,2008,28.1,Other,469.09,82,-0.2,-0.7067,0.08,2000
Nicaragua,2009,28.03,Other,497.12,81,-0.07,-0.2491,0.08,2000
Nicaragua,2010,28.15,Other,525.27,81,0.12,0.4281,0.08,2010
Nicaragua,2011,15.76,Other,541.03,104,-12.39,-44.0142,0.05,2010
Nicaragua,2012,15.67,Other,556.7,104,-0.09,-0.5711,0.05,2010
Nicaragua,2013,15.48,Other,572.18,103,-0.19,-1.2125,0.04,2010
Nicaragua,2014,15.74,Other,587.92,103,0.26,1.6796,0.04,2010
Nicaragua,2015,16.25,Other,604.17,102,0.51,3.2402,0.05,2010
Nicaragua,2016,24.89,Other,629.06,91,8.64,53.1692,0.07,2010
Nicaragua,2017,24.91,Other,653.97,93,0.02,0.0804,0.07,2010
Nicaragua,2018,24.72,Other,678.69,90,-0.19,-0.7627,0.07,2010
Niger,1990,6.27,Other,6.27,128,,,0.02,1990
Niger,1991,6.24,Other,12.51,130,-0.03,-0.4785,0.02,1990
Niger,1992,6.2,Other,18.71,130,-0.04,-0.641,0.02,1990
Niger,1993,6.27,Other,24.98,128,0.07,1.129,0.02,1990
Niger,1994,6.25,Other,31.23,127,-0.02,-0.319,0.02,1990
Niger,1995,6.23,Other,37.46,127,-0.02,-0.32,0.02,1990
Niger,1996,6.31,Other,43.77,127,0.08,1.2841,0.02,1990
Niger,1997,6.32,Other,50.09,130,0.01,0.1585,0.02,1990
Niger,1998,6.37,Other,56.46,131,0.05,0.7911,0.02,1990
Niger,1999,6.35,Other,62.81,130,-0.02,-0.314,0.02,1990
Niger,2000,6.34,Other,69.15,130,-0.01,-0.1575,0.02,2000
Niger,2001,1.9,Other,71.05,150,-4.44,-70.0315,0.01,2000
Niger,2002,1.93,Other,72.98,150,0.03,1.5789,0.01,2000
Niger,2003,1.99,Other,74.97,149,0.06,3.1088,0.01,2000
Niger,2004,2.02,Other,76.99,150,0.03,1.5075,0.01,2000
Niger,2005,1.99,Other,78.98,151,-0.03,-1.4851,0.01,2000
Niger,2006,1.98,Other,80.96,152,-0.01,-0.5025,0.01,2000
Niger,2007,2.05,Other,83.01,155,0.07,3.5354,0.01,2000
Niger,2008,2.1,Other,85.11,152,0.05,2.439,0.01,2000
Niger,2009,2.32,Other,87.43,152,0.22,10.4762,0.01,2000
Niger,2010,2.6,Other,90.03,148,0.28,12.069,0.01,2010
Niger,2011,2.64,Other,92.67,146,0.04,1.5385,0.01,2010
Niger,2012,3.12,Other,95.79,146,0.48,18.1818,0.01,2010
Niger,2013,3.02,Other,98.81,146,-0.1,-3.2051,0.01,2010
Niger,2014,3.21,Other,102.02,145,0.19,6.2914,0.01,2010
Niger,2015,3.2,Other,105.22,147,-0.01,-0.3115,0.01,2010
Niger,2016,3.22,Other,108.44,151,0.02,0.625,0.01,2010
Niger,2017,3.31,Other,111.75,151,0.09,2.795,0.01,2010
Niger,2018,3.53,Other,115.28,151,0.22,6.6465,0.01,2010
Nigeria,1990,113.84,Africa,113.84,36,,,0.45,1990
Nigeria,1991,121.56,Africa,235.4,35,7.72,6.7814,0.48,1990
Nigeria,1992,132.4,Africa,367.8,32,10.84,8.9174,0.52,1990
Nigeria,1993,130.4,Africa,498.2,33,-2.0,-1.5106,0.51,1990
Nigeria,1994,126.52,Africa,624.72,33,-3.88,-2.9755,0.5,1990
Nigeria,1995,127.53,Africa,752.25,33,1.01,0.7983,0.49,1990
Nigeria,1996,133.18,Africa,885.43,33,5.65,4.4303,0.5,1990
Nigeria,1997,129.54,Africa,1014.97,32,-3.64,-2.7331,0.47,1990
Nigeria,1998,122.63,Africa,1137.6,33,-6.91,-5.3343,0.45,1990
Nigeria,1999,120.65,Africa,1258.25,32,-1.98,-1.6146,0.45,1990
Nigeria,2000,122.06,Africa,1380.31,32,1.41,1.1687,0.44,2000
Nigeria,2001,131.14,Africa,1511.45,32,9.08,7.439,0.47,2000
Nigeria,2002,132.1,Africa,1643.55,31,0.96,0.732,0.46,2000
Nigeria,2003,134.68,Africa,1778.23,33,2.58,1.9531,0.46,2000
Nigeria,2004,134.63,Africa,1912.86,34,-0.05,-0.0371,0.44,2000
Nigeria,2005,144.43,Africa,2057.29,32,9.8,7.2792,0.46,2000
Nigeria,2006,138.2,Africa,2195.49,34,-6.23,-4.3135,0.42,2000
Nigeria,2007,136.12,Africa,2331.61,34,-2.08,-1.5051,0.41,2000
Nigeria,2008,137.52,Africa,2469.13,35,1.4,1.0285,0.41,2000
Nigeria,2009,120.23,Africa,2589.36,37,-17.29,-12.5727,0.36,2000
Nigeria,2010,136.73,Africa,2726.09,36,16.5,13.7237,0.39,2010
Nigeria,2011,148.08,Africa,2874.17,32,11.35,8.301,0.43,2010
Nigeria,2012,146.67,Africa,3020.84,34,-1.41,-0.9522,0.42,2010
Nigeria,2013,156.71,Africa,3177.55,33,10.04,6.8453,0.45,2010
Nigeria,2014,162.19,Africa,3339.74,32,5.48,3.4969,0.46,2010
Nigeria,2015,154.14,Africa,3493.88,35,-8.05,-4.9633,0.44,2010
Nigeria,2016,154.41,Africa,3648.29,37,0.27,0.1752,0.43,2010
Nigeria,2017,158.91,Africa,3807.2,36,4.5,2.9143,0.43,2010
Nigeria,2018,176.66,Africa,3983.86,34,17.75,11.1698,0.47,2010
Niue,1990,0.01,Other,0.01,181,,,0.0,1990
Niue,1991,0.01,Other,0.02,182,0.0,0.0,0.0,1990
Niue,1992,0.01,Other,0.03,184,0.0,0.0,0.0,1990
Niue,1993,0.01,Other,0.04,182,0.0,0.0,0.0,1990
Niue,1994,0.01,Other,0.05,183,0.0,0.0,0.0,1990
Niue,1995,0.01,Other,0.06,183,0.0,0.0,0.0,1990
Niue,1996,0.01,Other,0.07,183,0.0,0.0,0.0,1990
Niue,1997,0.01,Other,0.08,184,0.0,0.0,0.0,1990
Niue,1998,0.01,Other,0.09,184,0.0,0.0,0.0,1990
Niue,1999,0.01,Other,0.1,184,0.0,0.0,0.0,1990
Niue,2000,0.01,Other,0.11,184,0.0,0.0,0.0,2000
Niue,2001,0.01,Other,0.12,186,0.0,0.0,0.0,2000
Niue,2002,0.01,Other,0.13,186,0.0,0.0,0.0,2000
Niue,2003,0.01,Other,0.14,186,0.0,0.0,0.0,2000
Niue,2004,0.01,Other,0.15,186,0.0,0.0,0.0,2000
Niue,2005,0.01,Other,0.16,187,0.0,0.0,0.0,2000
Niue,2006,0.01,Other,0.17,187,0.0,0.0,0.0,2000
Niue,2007,0.01,Other,0.18,187,0.0,0.0,0.0,2000
Niue,2008,0.01,Other,0.19,187,0.0,0.0,0.0,2000
Niue,2009,0.01,Other,0.2,187,0.0,0.0,0.0,2000
Niue,2010,0.01,Other,0.21,188,0.0,0.0,0.0,2010
Niue,2011,0.0,Other,0.21,188,-0.01,-100.0,0.0,2010
Niue,2012,0.0,Other,0.21,187,0.0,,0.0,2010
Niue,2013,0.0,Other,0.21,188,0.0,,0.0,2010
Niue,2014,0.0,Other,0.21,186,0.0,,0.0,2010
Niue,2015,0.0,Other,0.21,187,0.0,,0.0,2010
Niue,2016,0.0,Other,0.21,191,0.0,,0.0,2010
Niue,2017,0.0,Other,0.21,192,0.0,,0.0,2010
Niue,2018,0.0,Other,0.21,192,0.0,,0.0,2010
North Korea,1990,129.72,Other,129.72,33,,,0.51,1990
North Korea,1991,123.71,Other,253.43,34,-6.01,-4.6331,0.49,1990
North Korea,1992,111.05,Other,364.48,37,-12.66,-10.2336,0.44,1990
North Korea,1993,103.07,Other,467.55,38,-7.98,-7.186,0.41,1990
North Korea,1994,95.11,Other,562.66,39,-7.96,-7.7229,0.37,1990
North Korea,1995,89.78,Other,652.44,41,-5.33,-5.604,0.34,1990
North Korea,1996,80.36,Other,732.8,44,-9.42,-10.4923,0.3,1990
North Korea,1997,73.88,Other,806.68,46,-6.48,-8.0637,0.27,1990
North Korea,1998,67.3,Other,873.98,47,-6.58,-8.9063,0.25,1990
North Korea,1999,72.93,Other,946.91,46,5.63,8.3655,0.27,1990
North Korea,2000,78.18,Other,1025.09,45,5.25,7.1987,0.28,2000
North Korea,2001,76.08,Other,1101.17,44,-2.1,-2.6861,0.27,2000
North Korea,2002,72.9,Other,1174.07,47,-3.18,-4.1798,0.26,2000
North Korea,2003,74.43,Other,1248.5,46,1.53,2.0988,0.25,2000
North Korea,2004,76.02,Other,1324.52,46,1.59,2.1362,0.25,2000
North Korea,2005,79.28,Other,1403.8,47,3.26,4.2883,0.25,2000
North Korea,2006,80.64,Other,1484.44,46,1.36,1.7154,0.25,2000
North Korea,2007,67.33,Other,1551.77,49,-13.31,-16.5055,0.2,2000
North Korea,2008,74.53,Other,1626.3,47,7.2,10.6936,0.22,2000
North Korea,2009,57.06,Other,1683.36,58,-17.47,-23.4402,0.17,2000
North Korea,2010,53.32,Other,1736.68,61,-3.74,-6.5545,0.15,2010
North Korea,2011,40.24,Other,1776.92,72,-13.08,-24.5311,0.12,2010
North Korea,2012,41.7,Other,1818.62,71,1.46,3.6282,0.12,2010
North Korea,2013,31.02,Other,1849.64,78,-10.68,-25.6115,0.09,2010
North Korea,2014,34.62,Other,1884.26,76,3.6,11.6054,0.1,2010
North Korea,2015,28.5,Other,1912.76,82,-6.12,-17.6776,0.08,2010
North Korea,2016,33.38,Other,1946.14,81,4.88,17.1228,0.09,2010
North Korea,2017,25.67,Other,1971.81,91,-7.71,-23.0977,0.07,2010
North Korea,2018,21.41,Other,1993.22,100,-4.26,-16.5952,0.06,2010
Norway,1990,14.15,Other,14.15,99,,,0.06,1990
Norway,1991,12.21,Other,26.36,106,-1.94,-13.7102,0.05,1990
Norway,1992,15.4,Other,41.76,92,3.19,26.1261,0.06,1990
Norway,1993,16.98,Other,58.74,87,1.58,10.2597,0.07,1990
Norway,1994,18.63,Other,77.37,84,1.65,9.7173,0.07,1990
Norway,1995,18.05,Other,95.42,86,-0.58,-3.1133,0.07,1990
Norway,1996,18.99,Other,114.41,86,0.94,5.2078,0.07,1990
Norway,1997,20.75,Other,135.16,85,1.76,9.268,0.08,1990
Norway,1998,22.47,Other,157.63,84,1.72,8.2892,0.08,1990
Norway,1999,24.3,Other,181.93,81,1.83,8.1442,0.09,1990
Norway,2000,19.02,Other,200.95,89,-5.28,-21.7284,0.07,2000
Norway,2001,11.91,Other,212.86,113,-7.11,-37.3817,0.04,2000
Norway,2002,11.6,Other,224.46,115,-0.31,-2.6029,0.04,2000
Norway,2003,14.25,Other,238.71,106,2.65,22.8448,0.05,2000
Norway,2004,14.6,Other,253.31,107,0.35,2.4561,0.05,2000
Norway,2005,13.52,Other,266.83,111,-1.08,-7.3973,0.04,2000
Norway,2006,14.51,Other,281.34,109,0.99,7.3225,0.04,2000
Norway,2007,15.16,Other,296.5,107,0.65,4.4797,0.05,2000
Norway,2008,14.23,Other,310.73,110,-0.93,-6.1346,0.04,2000
Norway,2009,14.63,Other,325.36,108,0.4,2.811,0.04,2000
Norway,2010,19.05,Other,344.41,99,4.42,30.2119,0.05,2010
Norway,2011,21.2,Other,365.61,90,2.15,11.2861,0.06,2010
Norway,2012,20.16,Other,385.77,93,-1.04,-4.9057,0.06,2010
Norway,2013,19.27,Other,405.04,96,-0.89,-4.4147,0.05,2010
Norway,2014,19.34,Other,424.38,96,0.07,0.3633,0.05,2010
Norway,2015,19.7,Other,444.08,96,0.36,1.8614,0.06,2010
Norway,2016,18.99,Other,463.07,103,-0.71,-3.6041,0.05,2010
Norway,2017,17.95,Other,481.02,107,-1.04,-5.4766,0.05,2010
Norway,2018,18.43,Other,499.45,104,0.48,2.6741,0.05,2010
Oman,1990,11.89,Other,11.89,107,,,0.05,1990
Oman,1991,16.1,Other,27.99,95,4.21,35.4079,0.06,1990
Oman,1992,14.9,Other,42.89,94,-1.2,-7.4534,0.06,1990
Oman,1993,14.08,Other,56.97,99,-0.82,-5.5034,0.06,1990
Oman,1994,13.81,Other,70.78,99,-0.27,-1.9176,0.05,1990
Oman,1995,15.6,Other,86.38,91,1.79,12.9616,0.06,1990
Oman,1996,15.82,Other,102.2,92,0.22,1.4103,0.06,1990
Oman,1997,17.24,Other,119.44,90,1.42,8.976,0.06,1990
Oman,1998,17.28,Other,136.72,91,0.04,0.232,0.06,1990
Oman,1999,20.43,Other,157.15,87,3.15,18.2292,0.08,1990
Oman,2000,22.54,Other,179.69,83,2.11,10.3279,0.08,2000
Oman,2001,25.28,Other,204.97,81,2.74,12.1562,0.09,2000
Oman,2002,26.94,Other,231.91,82,1.66,6.5665,0.09,2000
Oman,2003,27.67,Other,259.58,82,0.73,2.7097,0.09,2000
Oman,2004,27.52,Other,287.1,82,-0.15,-0.5421,0.09,2000
Oman,2005,27.87,Other,314.97,82,0.35,1.2718,0.09,2000
Oman,2006,37.52,Other,352.49,74,9.65,34.625,0.11,2000
Oman,2007,41.03,Other,393.52,72,3.51,9.355,0.12,2000
Oman,2008,40.08,Other,433.6,72,-0.95,-2.3154,0.12,2000
Oman,2009,42.73,Other,476.33,69,2.65,6.6118,0.13,2000
Oman,2010,46.47,Other,522.8,69,3.74,8.7526,0.13,2010
Oman,2011,52.38,Other,575.18,60,5.91,12.7179,0.15,2010
Oman,2012,58.65,Other,633.83,57,6.27,11.9702,0.17,2010
Oman,2013,60.99,Other,694.82,56,2.34,3.9898,0.17,2010
Oman,2014,64.47,Other,759.29,55,3.48,5.7059,0.18,2010
Oman,2015,68.3,Other,827.59,54,3.83,5.9407,0.19,2010
Oman,2016,69.56,Other,897.15,53,1.26,1.8448,0.19,2010
Oman,2017,69.92,Other,967.07,52,0.36,0.5175,0.19,2010
Oman,2018,73.39,Other,1040.46,51,3.47,4.9628,0.2,2010
Pakistan,1990,69.1,Other,69.1,43,,,0.27,1990
Pakistan,1991,68.35,Other,137.45,43,-0.75,-1.0854,0.27,1990
Pakistan,1992,74.97,Other,212.42,43,6.62,9.6854,0.3,1990
Pakistan,1993,81.79,Other,294.21,42,6.82,9.097,0.32,1990
Pakistan,1994,84.29,Other,378.5,42,2.5,3.0566,0.33,1990
Pakistan,1995,90.78,Other,469.28,40,6.49,7.6996,0.35,1990
Pakistan,1996,93.87,Other,563.15,40,3.09,3.4038,0.35,1990
Pakistan,1997,97.36,Other,660.51,40,3.49,3.7179,0.35,1990
Pakistan,1998,98.21,Other,758.72,39,0.85,0.873,0.36,1990
Pakistan,1999,106.8,Other,865.52,37,8.59,8.7466,0.4,1990
Pakistan,2000,106.42,Other,971.94,38,-0.38,-0.3558,0.39,2000
Pakistan,2001,106.88,Other,1078.82,38,0.46,0.4322,0.39,2000
Pakistan,2002,109.37,Other,1188.19,37,2.49,2.3297,0.38,2000
Pakistan,2003,112.73,Other,1300.92,36,3.36,3.0721,0.38,2000
Pakistan,2004,125.72,Other,1426.64,35,12.99,11.5231,0.41,2000
Pakistan,2005,128.74,Other,1555.38,35,3.02,2.4022,0.41,2000
Pakistan,2006,139.55,Other,1694.93,32,10.81,8.3968,0.43,2000
Pakistan,2007,153.32,Other,1848.25,32,13.77,9.8674,0.46,2000
Pakistan,2008,149.23,Other,1997.48,33,-4.09,-2.6676,0.45,2000
Pakistan,2009,152.2,Other,2149.68,33,2.97,1.9902,0.46,2000
Pakistan,2010,147.68,Other,2297.36,34,-4.52,-2.9698,0.42,2010
Pakistan,2011,147.09,Other,2444.45,33,-0.59,-0.3995,0.43,2010
Pakistan,2012,149.2,Other,2593.65,33,2.11,1.4345,0.43,2010
Pakistan,2013,150.55,Other,2744.2,34,1.35,0.9048,0.43,2010
Pakistan,2014,159.12,Other,2903.32,33,8.57,5.6925,0.45,2010
Pakistan,2015,169.04,Other,3072.36,32,9.92,6.2343,0.48,2010
Pakistan,2016,187.57,Other,3259.93,33,18.53,10.9619,0.52,2010
Pakistan,2017,204.7,Other,3464.63,31,17.13,9.1326,0.56,2010
Pakistan,2018,215.37,Other,3680.0,29,10.67,5.2125,0.58,2010
Palau,1990,0.0,Other,0.0,182,,,0.0,1990
Palau,1991,0.0,Other,0.0,183,0.0,,0.0,1990
Palau,1992,0.2,Other,0.2,168,0.2,inf,0.0,1990
Palau,1993,0.2,Other,0.4,165,0.0,0.0,0.0,1990
Palau,1994,0.2,Other,0.6,166,0.0,0.0,0.0,1990
Palau,1995,0.2,Other,0.8,167,0.0,0.0,0.0,1990
Palau,1996,0.2,Other,1.0,168,0.0,0.0,0.0,1990
Palau,1997,0.2,Other,1.2,169,0.0,0.0,0.0,1990
Palau,1998,0.2,Other,1.4,171,0.0,0.0,0.0,1990
Palau,1999,0.2,Other,1.6,171,0.0,0.0,0.0,1990
Palau,2000,0.21,Other,1.81,170,0.01,5.0,0.0,2000
Palau,2001,0.22,Other,2.03,172,0.01,4.7619,0.0,2000
Palau,2002,0.22,Other,2.25,174,0.0,0.0,0.0,2000
Palau,2003,0.22,Other,2.47,175,0.0,0.0,0.0,2000
Palau,2004,0.23,Other,2.7,174,0.01,4.5455,0.0,2000
Palau,2005,0.26,Other,2.96,171,0.03,13.0435,0.0,2000
Palau,2006,0.25,Other,3.21,174,-0.01,-3.8462,0.0,2000
Palau,2007,0.24,Other,3.45,174,-0.01,-4.0,0.0,2000
Palau,2008,0.21,Other,3.66,175,-0.03,-12.5,0.0,2000
Palau,2009,0.2,Other,3.86,177,-0.01,-4.7619,0.0,2000
Palau,2010,0.21,Other,4.07,178,0.01,5.0,0.0,2010
Palau,2011,0.22,Other,4.29,175,0.01,4.7619,0.0,2010
Palau,2012,0.21,Other,4.5,175,-0.01,-4.5455,0.0,2010
Palau,2013,0.22,Other,4.72,175,0.01,4.7619,0.0,2010
Palau,2014,0.22,Other,4.94,173,0.0,0.0,0.0,2010
Palau,2015,0.22,Other,5.16,175,0.0,0.0,0.0,2010
Palau,2016,0.26,Other,5.42,177,0.04,18.1818,0.0,2010
Palau,2017,0.27,Other,5.69,177,0.01,3.8462,0.0,2010
Palau,2018,0.29,Other,5.98,177,0.02,7.4074,0.0,2010
Panama,1990,8.68,Other,8.68,116,,,0.03,1990
Panama,1991,9.12,Other,17.8,115,0.44,5.0691,0.04,1990
Panama,1992,9.63,Other,27.43,115,0.51,5.5921,0.04,1990
Panama,1993,9.79,Other,37.22,112,0.16,1.6615,0.04,1990
Panama,1994,10.03,Other,47.25,113,0.24,2.4515,0.04,1990
Panama,1995,10.35,Other,57.6,112,0.32,3.1904,0.04,1990
Panama,1996,10.4,Other,68.0,111,0.05,0.4831,0.04,1990
Panama,1997,10.63,Other,78.63,113,0.23,2.2115,0.04,1990
Panama,1998,11.71,Other,90.34,112,1.08,10.1599,0.04,1990
Panama,1999,11.0,Other,101.34,113,-0.71,-6.0632,0.04,1990
Panama,2000,11.27,Other,112.61,113,0.27,2.4545,0.04,2000
Panama,2001,10.62,Other,123.23,118,-0.65,-5.7675,0.04,2000
Panama,2002,9.81,Other,133.04,120,-0.81,-7.6271,0.03,2000
Panama,2003,9.93,Other,142.97,121,0.12,1.2232,0.03,2000
Panama,2004,10.01,Other,152.98,123,0.08,0.8056,0.03,2000
Panama,2005,11.52,Other,164.5,120,1.51,15.0849,0.04,2000
Panama,2006,11.89,Other,176.39,120,0.37,3.2118,0.04,2000
Panama,2007,11.88,Other,188.27,119,-0.01,-0.0841,0.04,2000
Panama,2008,11.7,Other,199.97,120,-0.18,-1.5152,0.03,2000
Panama,2009,13.09,Other,213.06,117,1.39,11.8803,0.04,2000
Panama,2010,13.58,Other,226.64,114,0.49,3.7433,0.04,2010
Panama,2011,14.39,Other,241.03,107,0.81,5.9647,0.04,2010
Panama,2012,14.86,Other,255.89,108,0.47,3.2662,0.04,2010
Panama,2013,15.0,Other,270.89,107,0.14,0.9421,0.04,2010
Panama,2014,15.68,Other,286.57,104,0.68,4.5333,0.04,2010
Panama,2015,15.1,Other,301.67,107,-0.58,-3.699,0.04,2010
Panama,2016,15.17,Other,316.84,109,0.07,0.4636,0.04,2010
Panama,2017,14.65,Other,331.49,112,-0.52,-3.4278,0.04,2010
Panama,2018,14.53,Other,346.02,114,-0.12,-0.8191,0.04,2010
Papua New Guinea,1990,31.35,Other,31.35,72,,,0.12,1990
Papua New Guinea,1991,31.35,Other,62.7,73,0.0,0.0,0.12,1990
Papua New Guinea,1992,31.36,Other,94.06,69,0.01,0.0319,0.12,1990
Papua New Guinea,1993,31.39,Other,125.45,69,0.03,0.0957,0.12,1990
Papua New Guinea,1994,31.23,Other,156.68,72,-0.16,-0.5097,0.12,1990
Papua New Guinea,1995,33.49,Other,190.17,68,2.26,7.2366,0.13,1990
Papua New Guinea,1996,33.56,Other,223.73,68,0.07,0.209,0.13,1990
Papua New Guinea,1997,33.89,Other,257.62,69,0.33,0.9833,0.12,1990
Papua New Guinea,1998,34.75,Other,292.37,70,0.86,2.5376,0.13,1990
Papua New Guinea,1999,36.0,Other,328.37,71,1.25,3.5971,0.13,1990
Papua New Guinea,2000,37.59,Other,365.96,70,1.59,4.4167,0.14,2000
Papua New Guinea,2001,37.87,Other,403.83,72,0.28,0.7449,0.14,2000
Papua New Guinea,2002,38.4,Other,442.23,72,0.53,1.3995,0.14,2000
Papua New Guinea,2003,38.72,Other,480.95,71,0.32,0.8333,0.13,2000
Papua New Guinea,2004,39.71,Other,520.66,71,0.99,2.5568,0.13,2000
Papua New Guinea,2005,39.43,Other,560.09,72,-0.28,-0.7051,0.13,2000
Papua New Guinea,2006,39.01,Other,599.1,72,-0.42,-1.0652,0.12,2000
Papua New Guinea,2007,39.11,Other,638.21,73,0.1,0.2563,0.12,2000
Papua New Guinea,2008,38.23,Other,676.44,74,-0.88,-2.2501,0.11,2000
Papua New Guinea,2009,38.26,Other,714.7,74,0.03,0.0785,0.12,2000
Papua New Guinea,2010,38.24,Other,752.94,74,-0.02,-0.0523,0.11,2010
Papua New Guinea,2011,45.47,Other,798.41,65,7.23,18.9069,0.13,2010
Papua New Guinea,2012,45.2,Other,843.61,65,-0.27,-0.5938,0.13,2010
Papua New Guinea,2013,45.44,Other,889.05,64,0.24,0.531,0.13,2010
Papua New Guinea,2014,45.98,Other,935.03,63,0.54,1.1884,0.13,2010
Papua New Guinea,2015,46.54,Other,981.57,64,0.56,1.2179,0.13,2010
Papua New Guinea,2016,48.47,Other,1030.04,64,1.93,4.147,0.13,2010
Papua New Guinea,2017,48.52,Other,1078.56,66,0.05,0.1032,0.13,2010
Papua New Guinea,2018,48.46,Other,1127.02,66,-0.06,-0.1237,0.13,2010
Paraguay,1990,44.1,Other,44.1,62,,,0.17,1990
Paraguay,1991,44.05,Other,88.15,61,-0.05,-0.1134,0.17,1990
Paraguay,1992,44.51,Other,132.66,60,0.46,1.0443,0.18,1990
Paraguay,1993,44.85,Other,177.51,58,0.34,0.7639,0.18,1990
Paraguay,1994,45.37,Other,222.88,58,0.52,1.1594,0.18,1990
Paraguay,1995,45.81,Other,268.69,59,0.44,0.9698,0.18,1990
Paraguay,1996,45.75,Other,314.44,60,-0.06,-0.131,0.17,1990
Paraguay,1997,46.14,Other,360.58,60,0.39,0.8525,0.17,1990
Paraguay,1998,46.3,Other,406.88,60,0.16,0.3468,0.17,1990
Paraguay,1999,46.3,Other,453.18,59,0.0,0.0,0.17,1990
Paraguay,2000,45.56,Other,498.74,60,-0.74,-1.5983,0.17,2000
Paraguay,2001,59.92,Other,558.66,51,14.36,31.5189,0.22,2000
Paraguay,2002,60.08,Other,618.74,52,0.16,0.267,0.21,2000
Paraguay,2003,60.24,Other,678.98,53,0.16,0.2663,0.21,2000
Paraguay,2004,60.28,Other,739.26,52,0.04,0.0664,0.2,2000
Paraguay,2005,60.0,Other,799.26,53,-0.28,-0.4645,0.19,2000
Paraguay,2006,60.13,Other,859.39,53,0.13,0.2167,0.18,2000
Paraguay,2007,60.25,Other,919.64,54,0.12,0.1996,0.18,2000
Paraguay,2008,60.48,Other,980.12,55,0.23,0.3817,0.18,2000
Paraguay,2009,60.68,Other,1040.8,53,0.2,0.3307,0.18,2000
Paraguay,2010,61.35,Other,1102.15,55,0.67,1.1042,0.18,2010
Paraguay,2011,73.39,Other,1175.54,49,12.04,19.6251,0.21,2010
Paraguay,2012,73.35,Other,1248.89,50,-0.04,-0.0545,0.21,2010
Paraguay,2013,73.47,Other,1322.36,50,0.12,0.1636,0.21,2010
Paraguay,2014,73.8,Other,1396.16,49,0.33,0.4492,0.21,2010
Paraguay,2015,74.5,Other,1470.66,49,0.7,0.9485,0.21,2010
Paraguay,2016,53.1,Other,1523.76,60,-21.4,-28.7248,0.15,2010
Paraguay,2017,54.0,Other,1577.76,61,0.9,1.6949,0.15,2010
Paraguay,2018,54.4,Other,1632.16,61,0.4,0.7407,0.15,2010
Peru,1990,80.38,Other,80.38,41,,,0.32,1990
Peru,1991,79.5,Other,159.88,41,-0.88,-1.0948,0.31,1990
Peru,1992,80.43,Other,240.31,41,0.93,1.1698,0.32,1990
Peru,1993,81.29,Other,321.6,43,0.86,1.0693,0.32,1990
Peru,1994,82.11,Other,403.71,43,0.82,1.0087,0.32,1990
Peru,1995,85.15,Other,488.86,42,3.04,3.7024,0.33,1990
Peru,1996,87.49,Other,576.35,41,2.34,2.7481,0.33,1990
Peru,1997,87.7,Other,664.05,41,0.21,0.24,0.32,1990
Peru,1998,86.4,Other,750.45,40,-1.3,-1.4823,0.32,1990
Peru,1999,88.59,Other,839.04,39,2.19,2.5347,0.33,1990
Peru,2000,88.18,Other,927.22,41,-0.41,-0.4628,0.32,2000
Peru,2001,91.18,Other,1018.4,42,3.0,3.4021,0.33,2000
Peru,2002,92.36,Other,1110.76,41,1.18,1.2941,0.32,2000
Peru,2003,91.76,Other,1202.52,42,-0.6,-0.6496,0.31,2000
Peru,2004,96.19,Other,1298.71,42,4.43,4.8278,0.31,2000
Peru,2005,96.24,Other,1394.95,42,0.05,0.052,0.31,2000
Peru,2006,95.96,Other,1490.91,43,-0.28,-0.2909,0.29,2000
Peru,2007,98.99,Other,1589.9,42,3.03,3.1576,0.3,2000
Peru,2008,103.44,Other,1693.34,41,4.45,4.4954,0.31,2000
Peru,2009,106.56,Other,1799.9,40,3.12,3.0162,0.32,2000
Peru,2010,110.45,Other,1910.35,41,3.89,3.6505,0.32,2010
Peru,2011,137.45,Other,2047.8,34,27.0,24.4455,0.4,2010
Peru,2012,137.24,Other,2185.04,35,-0.21,-0.1528,0.4,2010
Peru,2013,138.39,Other,2323.43,35,1.15,0.8379,0.39,2010
Peru,2014,141.68,Other,2465.11,36,3.29,2.3773,0.4,2010
Peru,2015,142.68,Other,2607.79,37,1.0,0.7058,0.4,2010
Peru,2016,146.32,Other,2754.11,38,3.64,2.5512,0.4,2010
Peru,2017,143.78,Other,2897.89,39,-2.54,-1.7359,0.39,2010
Peru,2018,144.07,Other,3041.96,40,0.29,0.2017,0.39,2010
Philippines,1990,43.25,Other,43.25,64,,,0.17,1990
Philippines,1991,42.77,Other,86.02,63,-0.48,-1.1098,0.17,1990
Philippines,1992,46.14,Other,132.16,57,3.37,7.8794,0.18,1990
Philippines,1993,49.87,Other,182.03,55,3.73,8.0841,0.2,1990
Philippines,1994,53.9,Other,235.93,53,4.03,8.081,0.21,1990
Philippines,1995,64.21,Other,300.14,47,10.31,19.128,0.25,1990
Philippines,1996,69.9,Other,370.04,48,5.69,8.8615,0.26,1990
Philippines,1997,77.73,Other,447.77,45,7.83,11.2017,0.28,1990
Philippines,1998,77.33,Other,525.1,45,-0.4,-0.5146,0.29,1990
Philippines,1999,74.84,Other,599.94,45,-2.49,-3.22,0.28,1990
Philippines,2000,75.59,Other,675.53,46,0.75,1.0021,0.27,2000
Philippines,2001,74.05,Other,749.58,45,-1.54,-2.0373,0.27,2000
Philippines,2002,75.33,Other,824.91,46,1.28,1.7286,0.27,2000
Philippines,2003,77.15,Other,902.06,45,1.82,2.416,0.26,2000
Philippines,2004,78.71,Other,980.77,45,1.56,2.022,0.26,2000
Philippines,2005,80.49,Other,1061.26,46,1.78,2.2615,0.26,2000
Philippines,2006,73.19,Other,1134.45,47,-7.3,-9.0694,0.22,2000
Philippines,2007,76.94,Other,1211.39,46,3.75,5.1237,0.23,2000
Philippines,2008,79.11,Other,1290.5,46,2.17,2.8204,0.24,2000
Philippines,2009,79.91,Other,1370.41,45,0.8,1.0113,0.24,2000
Philippines,2010,85.95,Other,1456.36,45,6.04,7.5585,0.25,2010
Philippines,2011,86.9,Other,1543.26,44,0.95,1.1053,0.25,2010
Philippines,2012,90.49,Other,1633.75,44,3.59,4.1312,0.26,2010
Philippines,2013,100.23,Other,1733.98,42,9.74,10.7636,0.28,2010
Philippines,2014,106.84,Other,1840.82,41,6.61,6.5948,0.3,2010
Philippines,2015,116.1,Other,1956.92,41,9.26,8.6672,0.33,2010
Philippines,2016,127.38,Other,2084.3,40,11.28,9.7158,0.35,2010
Philippines,2017,139.05,Other,2223.35,40,11.67,9.1616,0.38,2010
Philippines,2018,144.7,Other,2368.05,39,5.65,4.0633,0.39,2010
Poland,1990,337.06,Europe,337.06,15,,,1.33,1990
Poland,1991,338.47,Europe,675.53,16,1.41,0.4183,1.33,1990
Poland,1992,330.22,Europe,1005.75,16,-8.25,-2.4374,1.31,1990
Poland,1993,330.86,Europe,1336.61,15,0.64,0.1938,1.31,1990
Poland,1994,326.6,Europe,1663.21,17,-4.26,-1.2876,1.28,1990
Poland,1995,326.79,Europe,1990.0,19,0.19,0.0582,1.25,1990
Poland,1996,342.0,Europe,2332.0,18,15.21,4.6544,1.29,1990
Poland,1997,331.29,Europe,2663.29,18,-10.71,-3.1316,1.21,1990
Poland,1998,305.04,Europe,2968.33,18,-26.25,-7.9236,1.13,1990
Poland,1999,295.56,Europe,3263.89,19,-9.48,-3.1078,1.1,1990
Poland,2000,282.27,Europe,3546.16,20,-13.29,-4.4965,1.02,2000
Poland,2001,222.2,Europe,3768.36,25,-60.07,-21.281,0.8,2000
Poland,2002,215.84,Europe,3984.2,25,-6.36,-2.8623,0.76,2000
Poland,2003,226.19,Europe,4210.39,24,10.35,4.7952,0.77,2000
Poland,2004,230.24,Europe,4440.63,25,4.05,1.7905,0.75,2000
Poland,2005,229.77,Europe,4670.4,26,-0.47,-0.2041,0.73,2000
Poland,2006,242.51,Europe,4912.91,25,12.74,5.5447,0.74,2000
Poland,2007,241.79,Europe,5154.7,26,-0.72,-0.2969,0.73,2000
Poland,2008,236.73,Europe,5391.43,27,-5.06,-2.0927,0.71,2000
Poland,2009,225.64,Europe,5617.07,27,-11.09,-4.6847,0.68,2000
Poland,2010,242.12,Europe,5859.19,27,16.48,7.3037,0.7,2010
Poland,2011,283.51,Europe,6142.7,20,41.39,17.0948,0.83,2010
Poland,2012,276.27,Europe,6418.97,21,-7.24,-2.5537,0.8,2010
Poland,2013,271.24,Europe,6690.21,22,-5.03,-1.8207,0.77,2010
Poland,2014,258.63,Europe,6948.84,23,-12.61,-4.649,0.73,2010
Poland,2015,261.94,Europe,7210.78,23,3.31,1.2798,0.74,2010
Poland,2016,266.86,Europe,7477.64,23,4.92,1.8783,0.74,2010
Poland,2017,279.92,Europe,7757.56,22,13.06,4.894,0.76,2010
Poland,2018,279.83,Europe,8037.39,22,-0.09,-0.0322,0.75,2010
Portugal,1990,42.53,Other,42.53,65,,,0.17,1990
Portugal,1991,44.23,Other,86.76,59,1.7,3.9972,0.17,1990
Portugal,1992,48.24,Other,135.0,56,4.01,9.0662,0.19,1990
Portugal,1993,47.26,Other,182.26,57,-0.98,-2.0315,0.19,1990
Portugal,1994,48.77,Other,231.03,56,1.51,3.1951,0.19,1990
Portugal,1995,52.16,Other,283.19,55,3.39,6.951,0.2,1990
Portugal,1996,50.2,Other,333.39,56,-1.96,-3.7577,0.19,1990
Portugal,1997,52.39,Other,385.78,56,2.19,4.3625,0.19,1990
Portugal,1998,57.06,Other,442.84,54,4.67,8.9139,0.21,1990
Portugal,1999,63.66,Other,506.5,49,6.6,11.5668,0.24,1990
Portugal,2000,63.11,Other,569.61,49,-0.55,-0.864,0.23,2000
Portugal,2001,61.97,Other,631.58,49,-1.14,-1.8064,0.22,2000
Portugal,2002,66.19,Other,697.77,48,4.22,6.8097,0.23,2000
Portugal,2003,61.11,Other,758.88,51,-5.08,-7.6749,0.21,2000
Portugal,2004,62.72,Other,821.6,51,1.61,2.6346,0.2,2000
Portugal,2005,66.07,Other,887.67,51,3.35,5.3412,0.21,2000
Portugal,2006,61.04,Other,948.71,52,-5.03,-7.6131,0.19,2000
Portugal,2007,59.39,Other,1008.1,55,-1.65,-2.7031,0.18,2000
Portugal,2008,57.43,Other,1065.53,58,-1.96,-3.3002,0.17,2000
Portugal,2009,56.89,Other,1122.42,59,-0.54,-0.9403,0.17,2000
Portugal,2010,51.53,Other,1173.95,63,-5.36,-9.4217,0.15,2010
Portugal,2011,49.06,Other,1223.01,61,-2.47,-4.7933,0.14,2010
Portugal,2012,47.42,Other,1270.43,62,-1.64,-3.3428,0.14,2010
Portugal,2013,45.75,Other,1316.18,63,-1.67,-3.5217,0.13,2010
Portugal,2014,45.12,Other,1361.3,64,-0.63,-1.377,0.13,2010
Portugal,2015,49.04,Other,1410.34,62,3.92,8.6879,0.14,2010
Portugal,2016,49.06,Other,1459.4,63,0.02,0.0408,0.14,2010
Portugal,2017,53.63,Other,1513.03,62,4.57,9.3151,0.15,2010
Portugal,2018,50.07,Other,1563.1,64,-3.56,-6.6381,0.13,2010
Qatar,1990,12.54,Other,12.54,106,,,0.05,1990
Qatar,1991,14.61,Other,27.15,97,2.07,16.5072,0.06,1990
Qatar,1992,14.68,Other,41.83,95,0.07,0.4791,0.06,1990
Qatar,1993,15.49,Other,57.32,94,0.81,5.5177,0.06,1990
Qatar,1994,16.25,Other,73.57,89,0.76,4.9064,0.06,1990
Qatar,1995,17.02,Other,90.59,88,0.77,4.7385,0.07,1990
Qatar,1996,17.91,Other,108.5,88,0.89,5.2291,0.07,1990
Qatar,1997,19.45,Other,127.95,87,1.54,8.5985,0.07,1990
Qatar,1998,20.81,Other,148.76,86,1.36,6.9923,0.08,1990
Qatar,1999,22.95,Other,171.71,83,2.14,10.2835,0.09,1990
Qatar,2000,21.73,Other,193.44,84,-1.22,-5.3159,0.08,2000
Qatar,2001,23.49,Other,216.93,85,1.76,8.0994,0.08,2000
Qatar,2002,27.6,Other,244.53,80,4.11,17.4968,0.1,2000
Qatar,2003,28.91,Other,273.44,79,1.31,4.7464,0.1,2000
Qatar,2004,31.91,Other,305.35,77,3.0,10.377,0.1,2000
Qatar,2005,41.28,Other,346.63,69,9.37,29.3638,0.13,2000
Qatar,2006,44.98,Other,391.61,69,3.7,8.9632,0.14,2000
Qatar,2007,51.05,Other,442.66,64,6.07,13.4949,0.15,2000
Qatar,2008,55.23,Other,497.89,61,4.18,8.1881,0.16,2000
Qatar,2009,57.17,Other,555.06,57,1.94,3.5126,0.17,2000
Qatar,2010,62.27,Other,617.33,54,5.1,8.9208,0.18,2010
Qatar,2011,65.77,Other,683.1,52,3.5,5.6207,0.19,2010
Qatar,2012,73.29,Other,756.39,51,7.52,11.4338,0.21,2010
Qatar,2013,74.6,Other,830.99,48,1.31,1.7874,0.21,2010
Qatar,2014,80.4,Other,911.39,47,5.8,7.7748,0.23,2010
Qatar,2015,83.31,Other,994.7,47,2.91,3.6194,0.24,2010
Qatar,2016,85.28,Other,1079.98,49,1.97,2.3647,0.24,2010
Qatar,2017,87.68,Other,1167.66,49,2.4,2.8143,0.24,2010
Qatar,2018,90.17,Other,1257.83,47,2.49,2.8399,0.24,2010
Republic of Congo,1990,10.27,Other,10.27,113,,,0.04,1990
Republic of Congo,1991,12.51,Other,22.78,104,2.24,21.8111,0.05,1990
Republic of Congo,1992,12.45,Other,35.23,104,-0.06,-0.4796,0.05,1990
Republic of Congo,1993,12.43,Other,47.66,105,-0.02,-0.1606,0.05,1990
Republic of Congo,1994,12.21,Other,59.87,105,-0.22,-1.7699,0.05,1990
Republic of Congo,1995,12.33,Other,72.2,105,0.12,0.9828,0.05,1990
Republic of Congo,1996,12.14,Other,84.34,108,-0.19,-1.541,0.05,1990
Republic of Congo,1997,12.64,Other,96.98,107,0.5,4.1186,0.05,1990
Republic of Congo,1998,12.54,Other,109.52,109,-0.1,-0.7911,0.05,1990
Republic of Congo,1999,12.28,Other,121.8,110,-0.26,-2.0734,0.05,1990
Republic of Congo,2000,12.04,Other,133.84,110,-0.24,-1.9544,0.04,2000
Republic of Congo,2001,11.98,Other,145.82,112,-0.06,-0.4983,0.04,2000
Republic of Congo,2002,11.79,Other,157.61,114,-0.19,-1.586,0.04,2000
Republic of Congo,2003,11.9,Other,169.51,116,0.11,0.933,0.04,2000
Republic of Congo,2004,11.81,Other,181.32,117,-0.09,-0.7563,0.04,2000
Republic of Congo,2005,13.79,Other,195.11,110,1.98,16.7655,0.04,2000
Republic of Congo,2006,13.94,Other,209.05,112,0.15,1.0877,0.04,2000
Republic of Congo,2007,14.09,Other,223.14,111,0.15,1.076,0.04,2000
Republic of Congo,2008,14.42,Other,237.56,109,0.33,2.3421,0.04,2000
Republic of Congo,2009,14.45,Other,252.01,109,0.03,0.208,0.04,2000
Republic of Congo,2010,14.02,Other,266.03,112,-0.43,-2.9758,0.04,2010
Republic of Congo,2011,13.99,Other,280.02,110,-0.03,-0.214,0.04,2010
Republic of Congo,2012,14.11,Other,294.13,111,0.12,0.8578,0.04,2010
Republic of Congo,2013,13.41,Other,307.54,112,-0.7,-4.961,0.04,2010
Republic of Congo,2014,13.55,Other,321.09,112,0.14,1.044,0.04,2010
Republic of Congo,2015,12.91,Other,334.0,116,-0.64,-4.7232,0.04,2010
Republic of Congo,2016,13.76,Other,347.76,117,0.85,6.584,0.04,2010
Republic of Congo,2017,13.66,Other,361.42,118,-0.1,-0.7267,0.04,2010
Republic of Congo,2018,13.69,Other,375.11,118,0.03,0.2196,0.04,2010
Romania,1990,173.34,Other,173.34,23,,,0.69,1990
Romania,1991,143.08,Other,316.42,30,-30.26,-17.457,0.56,1990
Romania,1992,126.69,Other,443.11,33,-16.39,-11.4551,0.5,1990
Romania,1993,118.34,Other,561.45,35,-8.35,-6.5909,0.47,1990
Romania,1994,115.79,Other,677.24,34,-2.55,-2.1548,0.46,1990
Romania,1995,121.43,Other,798.67,34,5.64,4.8709,0.47,1990
Romania,1996,124.65,Other,923.32,34,3.22,2.6517,0.47,1990
Romania,1997,114.12,Other,1037.44,36,-10.53,-8.4477,0.42,1990
Romania,1998,100.09,Other,1137.53,38,-14.03,-12.2941,0.37,1990
Romania,1999,86.2,Other,1223.73,41,-13.89,-13.8775,0.32,1990
Romania,2000,89.58,Other,1313.31,40,3.38,3.9211,0.32,2000
Romania,2001,91.42,Other,1404.73,41,1.84,2.054,0.33,2000
Romania,2002,90.9,Other,1495.63,42,-0.52,-0.5688,0.32,2000
Romania,2003,96.93,Other,1592.56,41,6.03,6.6337,0.33,2000
Romania,2004,94.04,Other,1686.6,43,-2.89,-2.9815,0.31,2000
Romania,2005,93.11,Other,1779.71,43,-0.93,-0.9889,0.3,2000
Romania,2006,96.25,Other,1875.96,42,3.14,3.3724,0.29,2000
Romania,2007,93.74,Other,1969.7,44,-2.51,-2.6078,0.28,2000
Romania,2008,92.52,Other,2062.22,44,-1.22,-1.3015,0.28,2000
Romania,2009,77.83,Other,2140.05,46,-14.69,-15.8776,0.23,2000
Romania,2010,74.81,Other,2214.86,47,-3.02,-3.8803,0.22,2010
Romania,2011,-201.17,Other,2013.69,194,-275.98,-368.9079,-0.59,2010
Romania,2012,-203.39,Other,1810.3,194,-2.22,1.1035,-0.59,2010
Romania,2013,-213.11,Other,1597.19,194,-9.72,4.779,-0.61,2010
Romania,2014,-213.71,Other,1383.48,194,-0.6,0.2815,-0.6,2010
Romania,2015,-212.22,Other,1171.26,194,1.49,-0.6972,-0.6,2010
Romania,2016,48.26,Other,1219.52,66,260.48,-122.7406,0.13,2010
Romania,2017,51.22,Other,1270.74,63,2.96,6.1334,0.14,2010
Romania,2018,52.0,Other,1322.74,62,0.78,1.5228,0.14,2010
Russia,1990,1790.34,Europe,1790.34,4,,,7.09,1990
Russia,1991,1766.89,Europe,3557.23,4,-23.45,-1.3098,6.95,1990
Russia,1992,1630.98,Europe,5188.21,4,-135.91,-7.692,6.46,1990
Russia,1993,1447.33,Europe,6635.54,4,-183.65,-11.2601,5.71,1990
Russia,1994,1238.41,Europe,7873.95,5,-208.92,-14.4349,4.87,1990
Russia,1995,1190.39,Europe,9064.34,5,-48.02,-3.8776,4.57,1990
Russia,1996,1159.83,Europe,10224.17,5,-30.56,-2.5672,4.38,1990
Russia,1997,1052.5,Europe,11276.67,7,-107.33,-9.2539,3.84,1990
Russia,1998,1043.96,Europe,12320.63,6,-8.54,-0.8114,3.87,1990
Russia,1999,1081.87,Europe,13402.5,6,37.91,3.6314,4.02,1990
Russia,2000,1115.29,Europe,14517.79,5,33.42,3.0891,4.04,2000
Russia,2001,721.85,Europe,15239.64,9,-393.44,-35.2769,2.6,2000
Russia,2002,723.05,Europe,15962.69,10,1.2,0.1662,2.54,2000
Russia,2003,753.44,Europe,16716.13,10,30.39,4.203,2.57,2000
Russia,2004,765.36,Europe,17481.49,10,11.92,1.5821,2.49,2000
Russia,2005,762.04,Europe,18243.53,10,-3.32,-0.4338,2.42,2000
Russia,2006,821.2,Europe,19064.73,9,59.16,7.7634,2.51,2000
Russia,2007,822.52,Europe,19887.25,8,1.32,0.1607,2.47,2000
Russia,2008,844.09,Europe,20731.34,8,21.57,2.6224,2.52,2000
Russia,2009,726.06,Europe,21457.4,9,-118.03,-13.9831,2.18,2000
Russia,2010,814.11,Europe,22271.51,8,88.05,12.1271,2.34,2010
Russia,2011,974.12,Europe,23245.63,7,160.01,19.6546,2.84,2010
Russia,2012,979.37,Europe,24225.0,7,5.25,0.5389,2.82,2010
Russia,2013,936.52,Europe,25161.52,7,-42.85,-4.3753,2.66,2010
Russia,2014,919.33,Europe,26080.85,7,-17.19,-1.8355,2.6,2010
Russia,2015,870.02,Europe,26950.87,7,-49.31,-5.3637,2.46,2010
Russia,2016,971.87,Europe,27922.74,7,101.85,11.7066,2.68,2010
Russia,2017,998.24,Europe,28920.98,7,26.37,2.7133,2.72,2010
Russia,2018,1049.05,Europe,29970.03,7,50.81,5.09,2.8,2010
Rwanda,1990,3.43,Other,3.43,144,,,0.01,1990
Rwanda,1991,3.38,Other,6.81,144,-0.05,-1.4577,0.01,1990
Rwanda,1992,3.38,Other,10.19,142,0.0,0.0,0.01,1990
Rwanda,1993,3.38,Other,13.57,141,0.0,0.0,0.01,1990
Rwanda,1994,3.36,Other,16.93,141,-0.02,-0.5917,0.01,1990
Rwanda,1995,3.37,Other,20.3,142,0.01,0.2976,0.01,1990
Rwanda,1996,3.37,Other,23.67,141,0.0,0.0,0.01,1990
Rwanda,1997,3.39,Other,27.06,142,0.02,0.5935,0.01,1990
Rwanda,1998,3.39,Other,30.45,142,0.0,0.0,0.01,1990
Rwanda,1999,3.41,Other,33.86,141,0.02,0.59,0.01,1990
Rwanda,2000,3.43,Other,37.29,144,0.02,0.5865,0.01,2000
Rwanda,2001,3.2,Other,40.49,142,-0.23,-6.7055,0.01,2000
Rwanda,2002,3.19,Other,43.68,142,-0.01,-0.3125,0.01,2000
Rwanda,2003,3.18,Other,46.86,142,-0.01,-0.3135,0.01,2000
Rwanda,2004,3.18,Other,50.04,142,0.0,0.0,0.01,2000
Rwanda,2005,3.18,Other,53.22,142,0.0,0.0,0.01,2000
Rwanda,2006,3.18,Other,56.4,143,0.0,0.0,0.01,2000
Rwanda,2007,3.21,Other,59.61,143,0.03,0.9434,0.01,2000
Rwanda,2008,3.2,Other,62.81,144,-0.01,-0.3115,0.01,2000
Rwanda,2009,3.23,Other,66.04,147,0.03,0.9375,0.01,2000
Rwanda,2010,3.24,Other,69.28,146,0.01,0.3096,0.01,2010
Rwanda,2011,2.42,Other,71.7,150,-0.82,-25.3086,0.01,2010
Rwanda,2012,2.5,Other,74.2,151,0.08,3.3058,0.01,2010
Rwanda,2013,2.56,Other,76.76,150,0.06,2.4,0.01,2010
Rwanda,2014,2.59,Other,79.35,149,0.03,1.1719,0.01,2010
Rwanda,2015,2.7,Other,82.05,149,0.11,4.2471,0.01,2010
Rwanda,2016,2.73,Other,84.78,153,0.03,1.1111,0.01,2010
Rwanda,2017,2.72,Other,87.5,153,-0.01,-0.3663,0.01,2010
Rwanda,2018,2.73,Other,90.23,154,0.01,0.3676,0.01,2010
Saint Kitts and Nevis,1990,0.11,Other,0.11,172,,,0.0,1990
Saint Kitts and Nevis,1991,0.11,Other,0.22,174,0.0,0.0,0.0,1990
Saint Kitts and Nevis,1992,0.15,Other,0.37,171,0.04,36.3636,0.0,1990
Saint Kitts and Nevis,1993,0.14,Other,0.51,169,-0.01,-6.6667,0.0,1990
Saint Kitts and Nevis,1994,0.15,Other,0.66,170,0.01,7.1429,0.0,1990
Saint Kitts and Nevis,1995,0.15,Other,0.81,171,0.0,0.0,0.0,1990
Saint Kitts and Nevis,1996,0.15,Other,0.96,171,0.0,0.0,0.0,1990
Saint Kitts and Nevis,1997,0.16,Other,1.12,172,0.01,6.6667,0.0,1990
Saint Kitts and Nevis,1998,0.18,Other,1.3,172,0.02,12.5,0.0,1990
Saint Kitts and Nevis,1999,0.18,Other,1.48,172,0.0,0.0,0.0,1990
Saint Kitts and Nevis,2000,0.19,Other,1.67,172,0.01,5.5556,0.0,2000
Saint Kitts and Nevis,2001,0.21,Other,1.88,173,0.02,10.5263,0.0,2000
Saint Kitts and Nevis,2002,0.23,Other,2.11,172,0.02,9.5238,0.0,2000
Saint Kitts and Nevis,2003,0.23,Other,2.34,173,0.0,0.0,0.0,2000
Saint Kitts and Nevis,2004,0.24,Other,2.58,173,0.01,4.3478,0.0,2000
Saint Kitts and Nevis,2005,0.22,Other,2.8,176,-0.02,-8.3333,0.0,2000
Saint Kitts and Nevis,2006,0.23,Other,3.03,176,0.01,4.5455,0.0,2000
Saint Kitts and Nevis,2007,0.25,Other,3.28,173,0.02,8.6957,0.0,2000
Saint Kitts and Nevis,2008,0.25,Other,3.53,172,0.0,0.0,0.0,2000
Saint Kitts and Nevis,2009,0.7,Other,4.23,168,0.45,180.0,0.0,2000
Saint Kitts and Nevis,2010,0.24,Other,4.47,175,-0.46,-65.7143,0.0,2010
Saint Kitts and Nevis,2011,0.26,Other,4.73,172,0.02,8.3333,0.0,2010
Saint Kitts and Nevis,2012,0.35,Other,5.08,171,0.09,34.6154,0.0,2010
Saint Kitts and Nevis,2013,0.23,Other,5.31,174,-0.12,-34.2857,0.0,2010
Saint Kitts and Nevis,2014,0.23,Other,5.54,172,0.0,0.0,0.0,2010
Saint Kitts and Nevis,2015,0.24,Other,5.78,172,0.01,4.3478,0.0,2010
Saint Kitts and Nevis,2016,0.25,Other,6.03,179,0.01,4.1667,0.0,2010
Saint Kitts and Nevis,2017,0.24,Other,6.27,179,-0.01,-4.0,0.0,2010
Saint Kitts and Nevis,2018,0.26,Other,6.53,179,0.02,8.3333,0.0,2010
Saint Lucia,1990,0.03,Other,0.03,177,,,0.0,1990
Saint Lucia,1991,0.04,Other,0.07,178,0.01,33.3333,0.0,1990
Saint Lucia,1992,0.13,Other,0.2,173,0.09,225.0,0.0,1990
Saint Lucia,1993,0.13,Other,0.33,170,0.0,0.0,0.0,1990
Saint Lucia,1994,0.14,Other,0.47,171,0.01,7.6923,0.0,1990
Saint Lucia,1995,0.17,Other,0.64,169,0.03,21.4286,0.0,1990
Saint Lucia,1996,0.18,Other,0.82,170,0.01,5.8824,0.0,1990
Saint Lucia,1997,0.18,Other,1.0,171,0.0,0.0,0.0,1990
Saint Lucia,1998,0.23,Other,1.23,169,0.05,27.7778,0.0,1990
Saint Lucia,1999,0.23,Other,1.46,169,0.0,0.0,0.0,1990
Saint Lucia,2000,0.22,Other,1.68,169,-0.01,-4.3478,0.0,2000
Saint Lucia,2001,0.29,Other,1.97,168,0.07,31.8182,0.0,2000
Saint Lucia,2002,0.26,Other,2.23,168,-0.03,-10.3448,0.0,2000
Saint Lucia,2003,0.3,Other,2.53,168,0.04,15.3846,0.0,2000
Saint Lucia,2004,0.3,Other,2.83,168,0.0,0.0,0.0,2000
Saint Lucia,2005,0.26,Other,3.09,171,-0.04,-13.3333,0.0,2000
Saint Lucia,2006,0.29,Other,3.38,171,0.03,11.5385,0.0,2000
Saint Lucia,2007,0.19,Other,3.57,176,-0.1,-34.4828,0.0,2000
Saint Lucia,2008,0.2,Other,3.77,176,0.01,5.2632,0.0,2000
Saint Lucia,2009,0.93,Other,4.7,164,0.73,365.0,0.0,2000
Saint Lucia,2010,0.28,Other,4.98,173,-0.65,-69.8925,0.0,2010
Saint Lucia,2011,0.24,Other,5.22,173,-0.04,-14.2857,0.0,2010
Saint Lucia,2012,0.38,Other,5.6,170,0.14,58.3333,0.0,2010
Saint Lucia,2013,0.17,Other,5.77,178,-0.21,-55.2632,0.0,2010
Saint Lucia,2014,0.21,Other,5.98,175,0.04,23.5294,0.0,2010
Saint Lucia,2015,0.23,Other,6.21,174,0.02,9.5238,0.0,2010
Saint Lucia,2016,0.2,Other,6.41,180,-0.03,-13.0435,0.0,2010
Saint Lucia,2017,0.22,Other,6.63,180,0.02,10.0,0.0,2010
Saint Lucia,2018,0.24,Other,6.87,180,0.02,9.0909,0.0,2010
Saint Vincent and the Grenadines,1990,0.03,Other,0.03,177,,,0.0,1990
Saint Vincent and the Grenadines,1991,0.04,Other,0.07,178,0.01,33.3333,0.0,1990
Saint Vincent and the Grenadines,1992,0.07,Other,0.14,179,0.03,75.0,0.0,1990
Saint Vincent and the Grenadines,1993,0.08,Other,0.22,176,0.01,14.2857,0.0,1990
Saint Vincent and the Grenadines,1994,0.09,Other,0.31,175,0.01,12.5,0.0,1990
Saint Vincent and the Grenadines,1995,0.1,Other,0.41,175,0.01,11.1111,0.0,1990
Saint Vincent and the Grenadines,1996,0.1,Other,0.51,174,0.0,0.0,0.0,1990
Saint Vincent and the Grenadines,1997,0.11,Other,0.62,175,0.01,10.0,0.0,1990
Saint Vincent and the Grenadines,1998,0.15,Other,0.77,174,0.04,36.3636,0.0,1990
Saint Vincent and the Grenadines,1999,0.14,Other,0.91,175,-0.01,-6.6667,0.0,1990
Saint Vincent and the Grenadines,2000,0.12,Other,1.03,175,-0.02,-14.2857,0.0,2000
Saint Vincent and the Grenadines,2001,0.21,Other,1.24,173,0.09,75.0,0.0,2000
Saint Vincent and the Grenadines,2002,0.23,Other,1.47,172,0.02,9.5238,0.0,2000
Saint Vincent and the Grenadines,2003,0.23,Other,1.7,173,0.0,0.0,0.0,2000
Saint Vincent and the Grenadines,2004,0.25,Other,1.95,172,0.02,8.6957,0.0,2000
Saint Vincent and the Grenadines,2005,0.25,Other,2.2,174,0.0,0.0,0.0,2000
Saint Vincent and the Grenadines,2006,0.25,Other,2.45,174,0.0,0.0,0.0,2000
Saint Vincent and the Grenadines,2007,0.3,Other,2.75,170,0.05,20.0,0.0,2000
Saint Vincent and the Grenadines,2008,0.22,Other,2.97,174,-0.08,-26.6667,0.0,2000
Saint Vincent and the Grenadines,2009,0.99,Other,3.96,162,0.77,350.0,0.0,2000
Saint Vincent and the Grenadines,2010,0.25,Other,4.21,174,-0.74,-74.7475,0.0,2010
Saint Vincent and the Grenadines,2011,0.23,Other,4.44,174,-0.02,-8.0,0.0,2010
Saint Vincent and the Grenadines,2012,0.4,Other,4.84,169,0.17,73.913,0.0,2010
Saint Vincent and the Grenadines,2013,0.22,Other,5.06,175,-0.18,-45.0,0.0,2010
Saint Vincent and the Grenadines,2014,0.29,Other,5.35,170,0.07,31.8182,0.0,2010
Saint Vincent and the Grenadines,2015,0.22,Other,5.57,175,-0.07,-24.1379,0.0,2010
Saint Vincent and the Grenadines,2016,0.27,Other,5.84,176,0.05,22.7273,0.0,2010
Saint Vincent and the Grenadines,2017,0.27,Other,6.11,177,0.0,0.0,0.0,2010
Saint Vincent and the Grenadines,2018,0.28,Other,6.39,178,0.01,3.7037,0.0,2010
Samoa,1990,0.22,Other,0.22,164,,,0.0,1990
Samoa,1991,0.22,Other,0.44,166,0.0,0.0,0.0,1990
Samoa,1992,0.22,Other,0.66,167,0.0,0.0,0.0,1990
Samoa,1993,0.23,Other,0.89,164,0.01,4.5455,0.0,1990
Samoa,1994,0.23,Other,1.12,163,0.0,0.0,0.0,1990
Samoa,1995,0.23,Other,1.35,165,0.0,0.0,0.0,1990
Samoa,1996,0.24,Other,1.59,165,0.01,4.3478,0.0,1990
Samoa,1997,0.24,Other,1.83,167,0.0,0.0,0.0,1990
Samoa,1998,0.24,Other,2.07,168,0.0,0.0,0.0,1990
Samoa,1999,0.25,Other,2.32,167,0.01,4.1667,0.0,1990
Samoa,2000,0.25,Other,2.57,167,0.0,0.0,0.0,2000
Samoa,2001,0.26,Other,2.83,169,0.01,4.0,0.0,2000
Samoa,2002,0.26,Other,3.09,168,0.0,0.0,0.0,2000
Samoa,2003,0.27,Other,3.36,169,0.01,3.8462,0.0,2000
Samoa,2004,0.28,Other,3.64,169,0.01,3.7037,0.0,2000
Samoa,2005,0.29,Other,3.93,170,0.01,3.5714,0.0,2000
Samoa,2006,0.3,Other,4.23,170,0.01,3.4483,0.0,2000
Samoa,2007,0.3,Other,4.53,170,0.0,0.0,0.0,2000
Samoa,2008,0.29,Other,4.82,170,-0.01,-3.3333,0.0,2000
Samoa,2009,0.3,Other,5.12,175,0.01,3.4483,0.0,2000
Samoa,2010,0.3,Other,5.42,171,0.0,0.0,0.0,2010
Samoa,2011,0.3,Other,5.72,170,0.0,0.0,0.0,2010
Samoa,2012,0.31,Other,6.03,173,0.01,3.3333,0.0,2010
Samoa,2013,0.31,Other,6.34,172,0.0,0.0,0.0,2010
Samoa,2014,0.32,Other,6.66,169,0.01,3.2258,0.0,2010
Samoa,2015,0.35,Other,7.01,168,0.03,9.375,0.0,2010
Samoa,2016,0.4,Other,7.41,173,0.05,14.2857,0.0,2010
Samoa,2017,0.41,Other,7.82,173,0.01,2.5,0.0,2010
Samoa,2018,0.43,Other,8.25,173,0.02,4.878,0.0,2010
Sao Tome and Principe,1990,0.06,Other,0.06,176,,,0.0,1990
Sao Tome and Principe,1991,0.06,Other,0.12,177,0.0,0.0,0.0,1990
Sao Tome and Principe,1992,0.05,Other,0.17,181,-0.01,-16.6667,0.0,1990
Sao Tome and Principe,1993,0.05,Other,0.22,179,0.0,0.0,0.0,1990
Sao Tome and Principe,1994,0.06,Other,0.28,179,0.01,20.0,0.0,1990
Sao Tome and Principe,1995,0.06,Other,0.34,180,0.0,0.0,0.0,1990
Sao Tome and Principe,1996,0.06,Other,0.4,180,0.0,0.0,0.0,1990
Sao Tome and Principe,1997,0.06,Other,0.46,181,0.0,0.0,0.0,1990
Sao Tome and Principe,1998,0.06,Other,0.52,181,0.0,0.0,0.0,1990
Sao Tome and Principe,1999,0.06,Other,0.58,181,0.0,0.0,0.0,1990
Sao Tome and Principe,2000,0.06,Other,0.64,181,0.0,0.0,0.0,2000
Sao Tome and Principe,2001,0.06,Other,0.7,183,0.0,0.0,0.0,2000
Sao Tome and Principe,2002,0.07,Other,0.77,183,0.01,16.6667,0.0,2000
Sao Tome and Principe,2003,0.08,Other,0.85,182,0.01,14.2857,0.0,2000
Sao Tome and Principe,2004,0.08,Other,0.93,181,0.0,0.0,0.0,2000
Sao Tome and Principe,2005,0.09,Other,1.02,182,0.01,12.5,0.0,2000
Sao Tome and Principe,2006,0.09,Other,1.11,182,0.0,0.0,0.0,2000
Sao Tome and Principe,2007,0.09,Other,1.2,183,0.0,0.0,0.0,2000
Sao Tome and Principe,2008,0.1,Other,1.3,181,0.01,11.1111,0.0,2000
Sao Tome and Principe,2009,0.1,Other,1.4,182,0.0,0.0,0.0,2000
Sao Tome and Principe,2010,0.11,Other,1.51,183,0.01,10.0,0.0,2010
Sao Tome and Principe,2011,0.32,Other,1.83,169,0.21,190.9091,0.0,2010
Sao Tome and Principe,2012,0.33,Other,2.16,172,0.01,3.125,0.0,2010
Sao Tome and Principe,2013,0.34,Other,2.5,170,0.01,3.0303,0.0,2010
Sao Tome and Principe,2014,0.33,Other,2.83,168,-0.01,-2.9412,0.0,2010
Sao Tome and Principe,2015,0.34,Other,3.17,169,0.01,3.0303,0.0,2010
Sao Tome and Principe,2016,0.34,Other,3.51,174,0.0,0.0,0.0,2010
Sao Tome and Principe,2017,0.35,Other,3.86,174,0.01,2.9412,0.0,2010
Sao Tome and Principe,2018,0.35,Other,4.21,174,0.0,0.0,0.0,2010
Saudi Arabia,1990,166.39,Middle East,166.39,26,,,0.66,1990
Saudi Arabia,1991,186.61,Middle East,353.0,24,20.22,12.1522,0.73,1990
Saudi Arabia,1992,199.35,Middle East,552.35,24,12.74,6.8271,0.79,1990
Saudi Arabia,1993,206.21,Middle East,758.56,24,6.86,3.4412,0.81,1990
Saudi Arabia,1994,218.79,Middle East,977.35,23,12.58,6.1006,0.86,1990
Saudi Arabia,1995,222.4,Middle East,1199.75,23,3.61,1.65,0.85,1990
Saudi Arabia,1996,234.09,Middle East,1433.84,23,11.69,5.2563,0.88,1990
Saudi Arabia,1997,214.93,Middle East,1648.77,23,-19.16,-8.1849,0.78,1990
Saudi Arabia,1998,230.41,Middle East,1879.18,24,15.48,7.2023,0.85,1990
Saudi Arabia,1999,234.53,Middle East,2113.71,24,4.12,1.7881,0.87,1990
Saudi Arabia,2000,244.34,Middle East,2358.05,24,9.81,4.1828,0.89,2000
Saudi Arabia,2001,248.6,Middle East,2606.65,22,4.26,1.7435,0.9,2000
Saudi Arabia,2002,266.91,Middle East,2873.56,22,18.31,7.3652,0.94,2000
Saudi Arabia,2003,278.11,Middle East,3151.67,22,11.2,4.1962,0.95,2000
Saudi Arabia,2004,294.21,Middle East,3445.88,21,16.1,5.7891,0.96,2000
Saudi Arabia,2005,308.97,Middle East,3754.85,21,14.76,5.0168,0.98,2000
Saudi Arabia,2006,328.35,Middle East,4083.2,19,19.38,6.2725,1.0,2000
Saudi Arabia,2007,347.53,Middle East,4430.73,19,19.18,5.8413,1.04,2000
Saudi Arabia,2008,382.24,Middle East,4812.97,18,34.71,9.9876,1.14,2000
Saudi Arabia,2009,399.63,Middle East,5212.6,16,17.39,4.5495,1.2,2000
Saudi Arabia,2010,439.23,Middle East,5651.83,14,39.6,9.9092,1.26,2010
Saudi Arabia,2011,456.67,Middle East,6108.5,15,17.44,3.9706,1.33,2010
Saudi Arabia,2012,488.75,Middle East,6597.25,15,32.08,7.0248,1.41,2010
Saudi Arabia,2013,499.38,Middle East,7096.63,14,10.63,2.1749,1.42,2010
Saudi Arabia,2014,536.81,Middle East,7633.44,13,37.43,7.4953,1.52,2010
Saudi Arabia,2015,561.14,Middle East,8194.58,13,24.33,4.5323,1.59,2010
Saudi Arabia,2016,556.74,Middle East,8751.32,14,-4.4,-0.7841,1.54,2010
Saudi Arabia,2017,540.7,Middle East,9292.02,14,-16.04,-2.8811,1.48,2010
Saudi Arabia,2018,514.6,Middle East,9806.62,14,-26.1,-4.8271,1.38,2010
Senegal,1990,7.21,Other,7.21,124,,,0.03,1990
Senegal,1991,7.22,Other,14.43,126,0.01,0.1387,0.03,1990
Senegal,1992,7.46,Other,21.89,125,0.24,3.3241,0.03,1990
Senegal,1993,7.39,Other,29.28,124,-0.07,-0.9383,0.03,1990
Senegal,1994,7.49,Other,36.77,122,0.1,1.3532,0.03,1990
Senegal,1995,7.65,Other,44.42,122,0.16,2.1362,0.03,1990
Senegal,1996,7.81,Other,52.23,122,0.16,2.0915,0.03,1990
Senegal,1997,8.1,Other,60.33,121,0.29,3.7132,0.03,1990
Senegal,1998,8.48,Other,68.81,122,0.38,4.6914,0.03,1990
Senegal,1999,8.85,Other,77.66,120,0.37,4.3632,0.03,1990
Senegal,2000,8.95,Other,86.61,119,0.1,1.1299,0.03,2000
Senegal,2001,10.82,Other,97.43,117,1.87,20.8939,0.04,2000
Senegal,2002,10.95,Other,108.38,118,0.13,1.2015,0.04,2000
Senegal,2003,10.85,Other,119.23,118,-0.1,-0.9132,0.04,2000
Senegal,2004,11.76,Other,130.99,118,0.91,8.3871,0.04,2000
Senegal,2005,12.03,Other,143.02,118,0.27,2.2959,0.04,2000
Senegal,2006,11.94,Other,154.96,119,-0.09,-0.7481,0.04,2000
Senegal,2007,12.57,Other,167.53,118,0.63,5.2764,0.04,2000
Senegal,2008,12.77,Other,180.3,119,0.2,1.5911,0.04,2000
Senegal,2009,13.02,Other,193.32,118,0.25,1.9577,0.04,2000
Senegal,2010,13.39,Other,206.71,117,0.37,2.8418,0.04,2010
Senegal,2011,12.04,Other,218.75,118,-1.35,-10.0822,0.04,2010
Senegal,2012,11.93,Other,230.68,119,-0.11,-0.9136,0.03,2010
Senegal,2013,12.48,Other,243.16,118,0.55,4.6102,0.04,2010
Senegal,2014,13.04,Other,256.2,116,0.56,4.4872,0.04,2010
Senegal,2015,13.76,Other,269.96,113,0.72,5.5215,0.04,2010
Senegal,2016,14.25,Other,284.21,116,0.49,3.561,0.04,2010
Senegal,2017,13.9,Other,298.11,117,-0.35,-2.4561,0.04,2010
Senegal,2018,14.19,Other,312.3,117,0.29,2.0863,0.04,2010
Serbia,1990,58.99,Other,58.99,49,,,0.23,1990
Serbia,1991,49.29,Other,108.28,55,-9.7,-16.4435,0.19,1990
Serbia,1992,45.99,Other,154.27,58,-3.3,-6.6951,0.18,1990
Serbia,1993,40.3,Other,194.57,64,-5.69,-12.3723,0.16,1990
Serbia,1994,36.73,Other,231.3,64,-3.57,-8.8586,0.14,1990
Serbia,1995,42.42,Other,273.72,62,5.69,15.4914,0.16,1990
Serbia,1996,49.78,Other,323.5,57,7.36,17.3503,0.19,1990
Serbia,1997,54.36,Other,377.86,55,4.58,9.2005,0.2,1990
Serbia,1998,54.38,Other,432.24,56,0.02,0.0368,0.2,1990
Serbia,1999,37.87,Other,470.11,67,-16.51,-30.3604,0.14,1990
Serbia,2000,41.07,Other,511.18,65,3.2,8.45,0.15,2000
Serbia,2001,10.58,Other,521.76,119,-30.49,-74.2391,0.04,2000
Serbia,2002,14.12,Other,535.88,104,3.54,33.4594,0.05,2000
Serbia,2003,17.51,Other,553.39,94,3.39,24.0085,0.06,2000
Serbia,2004,21.96,Other,575.35,87,4.45,25.414,0.07,2000
Serbia,2005,15.92,Other,591.27,104,-6.04,-27.5046,0.05,2000
Serbia,2006,18.17,Other,609.44,99,2.25,14.1332,0.06,2000
Serbia,2007,16.99,Other,626.43,104,-1.18,-6.4942,0.05,2000
Serbia,2008,15.76,Other,642.19,106,-1.23,-7.2396,0.05,2000
Serbia,2009,11.48,Other,653.67,120,-4.28,-27.1574,0.03,2000
Serbia,2010,11.07,Other,664.74,120,-0.41,-3.5714,0.03,2010
Serbia,2011,47.97,Other,712.71,64,36.9,333.3333,0.14,2010
Serbia,2012,42.61,Other,755.32,70,-5.36,-11.1737,0.12,2010
Serbia,2013,43.3,Other,798.62,68,0.69,1.6193,0.12,2010
Serbia,2014,35.88,Other,834.5,74,-7.42,-17.1363,0.1,2010
Serbia,2015,42.32,Other,876.82,69,6.44,17.9487,0.12,2010
Serbia,2016,46.16,Other,922.98,70,3.84,9.0737,0.13,2010
Serbia,2017,46.81,Other,969.79,70,0.65,1.4081,0.13,2010
Serbia,2018,45.45,Other,1015.24,71,-1.36,-2.9054,0.12,2010
Seychelles,1990,0.15,Other,0.15,168,,,0.0,1990
Seychelles,1991,0.18,Other,0.33,168,0.03,20.0,0.0,1990
Seychelles,1992,0.18,Other,0.51,169,0.0,0.0,0.0,1990
Seychelles,1993,0.19,Other,0.7,167,0.01,5.5556,0.0,1990
Seychelles,1994,0.21,Other,0.91,165,0.02,10.5263,0.0,1990
Seychelles,1995,0.2,Other,1.11,167,-0.01,-4.7619,0.0,1990
Seychelles,1996,0.24,Other,1.35,165,0.04,20.0,0.0,1990
Seychelles,1997,0.35,Other,1.7,163,0.11,45.8333,0.0,1990
Seychelles,1998,0.44,Other,2.14,163,0.09,25.7143,0.0,1990
Seychelles,1999,0.52,Other,2.66,161,0.08,18.1818,0.0,1990
Seychelles,2000,0.58,Other,3.24,161,0.06,11.5385,0.0,2000
Seychelles,2001,0.64,Other,3.88,162,0.06,10.3448,0.0,2000
Seychelles,2002,0.54,Other,4.42,164,-0.1,-15.625,0.0,2000
Seychelles,2003,0.55,Other,4.97,163,0.01,1.8519,0.0,2000
Seychelles,2004,0.75,Other,5.72,162,0.2,36.3636,0.0,2000
Seychelles,2005,0.7,Other,6.42,164,-0.05,-6.6667,0.0,2000
Seychelles,2006,0.74,Other,7.16,164,0.04,5.7143,0.0,2000
Seychelles,2007,0.65,Other,7.81,165,-0.09,-12.1622,0.0,2000
Seychelles,2008,0.7,Other,8.51,164,0.05,7.6923,0.0,2000
Seychelles,2009,0.51,Other,9.02,171,-0.19,-27.1429,0.0,2000
Seychelles,2010,0.44,Other,9.46,170,-0.07,-13.7255,0.0,2010
Seychelles,2011,0.4,Other,9.86,168,-0.04,-9.0909,0.0,2010
Seychelles,2012,0.45,Other,10.31,167,0.05,12.5,0.0,2010
Seychelles,2013,0.41,Other,10.72,169,-0.04,-8.8889,0.0,2010
Seychelles,2014,0.46,Other,11.18,164,0.05,12.1951,0.0,2010
Seychelles,2015,0.5,Other,11.68,164,0.04,8.6957,0.0,2010
Seychelles,2016,0.54,Other,12.22,168,0.04,8.0,0.0,2010
Seychelles,2017,0.59,Other,12.81,168,0.05,9.2593,0.0,2010
Seychelles,2018,0.62,Other,13.43,168,0.03,5.0847,0.0,2010
Sierra Leone,1990,3.69,Other,3.69,141,,,0.01,1990
Sierra Leone,1991,3.7,Other,7.39,142,0.01,0.271,0.01,1990
Sierra Leone,1992,3.8,Other,11.19,139,0.1,2.7027,0.02,1990
Sierra Leone,1993,3.81,Other,15.0,140,0.01,0.2632,0.02,1990
Sierra Leone,1994,3.83,Other,18.83,139,0.02,0.5249,0.02,1990
Sierra Leone,1995,3.6,Other,22.43,140,-0.23,-6.0052,0.01,1990
Sierra Leone,1996,3.64,Other,26.07,140,0.04,1.1111,0.01,1990
Sierra Leone,1997,3.57,Other,29.64,139,-0.07,-1.9231,0.01,1990
Sierra Leone,1998,3.61,Other,33.25,140,0.04,1.1204,0.01,1990
Sierra Leone,1999,3.5,Other,36.75,140,-0.11,-3.0471,0.01,1990
Sierra Leone,2000,3.74,Other,40.49,140,0.24,6.8571,0.01,2000
Sierra Leone,2001,3.77,Other,44.26,138,0.03,0.8021,0.01,2000
Sierra Leone,2002,3.88,Other,48.14,138,0.11,2.9178,0.01,2000
Sierra Leone,2003,3.93,Other,52.07,137,0.05,1.2887,0.01,2000
Sierra Leone,2004,3.91,Other,55.98,138,-0.02,-0.5089,0.01,2000
Sierra Leone,2005,3.83,Other,59.81,139,-0.08,-2.046,0.01,2000
Sierra Leone,2006,3.97,Other,63.78,139,0.14,3.6554,0.01,2000
Sierra Leone,2007,3.88,Other,67.66,139,-0.09,-2.267,0.01,2000
Sierra Leone,2008,3.9,Other,71.56,140,0.02,0.5155,0.01,2000
Sierra Leone,2009,3.89,Other,75.45,143,-0.01,-0.2564,0.01,2000
Sierra Leone,2010,3.94,Other,79.39,140,0.05,1.2853,0.01,2010
Sierra Leone,2011,4.11,Other,83.5,141,0.17,4.3147,0.01,2010
Sierra Leone,2012,4.24,Other,87.74,140,0.13,3.163,0.01,2010
Sierra Leone,2013,4.41,Other,92.15,140,0.17,4.0094,0.01,2010
Sierra Leone,2014,4.52,Other,96.67,140,0.11,2.4943,0.01,2010
Sierra Leone,2015,4.28,Other,100.95,141,-0.24,-5.3097,0.01,2010
Sierra Leone,2016,4.31,Other,105.26,147,0.03,0.7009,0.01,2010
Sierra Leone,2017,4.31,Other,109.57,146,0.0,0.0,0.01,2010
Sierra Leone,2018,4.36,Other,113.93,147,0.05,1.1601,0.01,2010
Singapore,1990,29.67,Other,29.67,74,,,0.12,1990
Singapore,1991,31.24,Other,60.91,74,1.57,5.2915,0.12,1990
Singapore,1992,32.13,Other,93.04,68,0.89,2.8489,0.13,1990
Singapore,1993,37.32,Other,130.36,65,5.19,16.1531,0.15,1990
Singapore,1994,39.19,Other,169.55,63,1.87,5.0107,0.15,1990
Singapore,1995,38.83,Other,208.38,65,-0.36,-0.9186,0.15,1990
Singapore,1996,39.81,Other,248.19,63,0.98,2.5238,0.15,1990
Singapore,1997,39.45,Other,287.64,64,-0.36,-0.9043,0.14,1990
Singapore,1998,37.94,Other,325.58,67,-1.51,-3.8276,0.14,1990
Singapore,1999,38.42,Other,364.0,65,0.48,1.2652,0.14,1990
Singapore,2000,42.53,Other,406.53,63,4.11,10.6976,0.15,2000
Singapore,2001,42.22,Other,448.75,67,-0.31,-0.7289,0.15,2000
Singapore,2002,41.32,Other,490.07,68,-0.9,-2.1317,0.15,2000
Singapore,2003,38.16,Other,528.23,72,-3.16,-7.6476,0.13,2000
Singapore,2004,39.56,Other,567.79,72,1.4,3.6688,0.13,2000
Singapore,2005,36.85,Other,604.64,74,-2.71,-6.8504,0.12,2000
Singapore,2006,37.12,Other,641.76,75,0.27,0.7327,0.11,2000
Singapore,2007,38.23,Other,679.99,74,1.11,2.9903,0.11,2000
Singapore,2008,38.37,Other,718.36,73,0.14,0.3662,0.11,2000
Singapore,2009,38.78,Other,757.14,73,0.41,1.0685,0.12,2000
Singapore,2010,42.36,Other,799.5,72,3.58,9.2316,0.12,2010
Singapore,2011,44.72,Other,844.22,67,2.36,5.5713,0.13,2010
Singapore,2012,43.64,Other,887.86,67,-1.08,-2.415,0.13,2010
Singapore,2013,43.87,Other,931.73,66,0.23,0.527,0.12,2010
Singapore,2014,44.41,Other,976.14,65,0.54,1.2309,0.13,2010
Singapore,2015,45.45,Other,1021.59,65,1.04,2.3418,0.13,2010
Singapore,2016,46.19,Other,1067.78,69,0.74,1.6282,0.13,2010
Singapore,2017,47.46,Other,1115.24,68,1.27,2.7495,0.13,2010
Singapore,2018,47.39,Other,1162.63,69,-0.07,-0.1475,0.13,2010
Slovakia,1990,45.38,Other,45.38,59,,,0.18,1990
Slovakia,1991,38.5,Other,83.88,64,-6.88,-15.1609,0.15,1990
Slovakia,1992,36.66,Other,120.54,65,-1.84,-4.7792,0.15,1990
Slovakia,1993,34.89,Other,155.43,67,-1.77,-4.8282,0.14,1990
Slovakia,1994,32.27,Other,187.7,69,-2.62,-7.5093,0.13,1990
Slovakia,1995,32.94,Other,220.64,71,0.67,2.0762,0.13,1990
Slovakia,1996,32.74,Other,253.38,71,-0.2,-0.6072,0.12,1990
Slovakia,1997,32.84,Other,286.22,72,0.1,0.3054,0.12,1990
Slovakia,1998,31.97,Other,318.19,72,-0.87,-2.6492,0.12,1990
Slovakia,1999,31.22,Other,349.41,73,-0.75,-2.3459,0.12,1990
Slovakia,2000,28.64,Other,378.05,75,-2.58,-8.2639,0.1,2000
Slovakia,2001,30.18,Other,408.23,77,1.54,5.3771,0.11,2000
Slovakia,2002,29.68,Other,437.91,77,-0.5,-1.6567,0.1,2000
Slovakia,2003,29.94,Other,467.85,77,0.26,0.876,0.1,2000
Slovakia,2004,29.04,Other,496.89,80,-0.9,-3.006,0.09,2000
Slovakia,2005,30.12,Other,527.01,80,1.08,3.719,0.1,2000
Slovakia,2006,29.48,Other,556.49,81,-0.64,-2.1248,0.09,2000
Slovakia,2007,28.82,Other,585.31,81,-0.66,-2.2388,0.09,2000
Slovakia,2008,28.64,Other,613.95,81,-0.18,-0.6246,0.09,2000
Slovakia,2009,25.44,Other,639.39,85,-3.2,-11.1732,0.08,2000
Slovakia,2010,27.05,Other,666.44,83,1.61,6.3286,0.08,2010
Slovakia,2011,26.53,Other,692.97,83,-0.52,-1.9224,0.08,2010
Slovakia,2012,24.76,Other,717.73,85,-1.77,-6.6717,0.07,2010
Slovakia,2013,25.34,Other,743.07,86,0.58,2.3425,0.07,2010
Slovakia,2014,22.84,Other,765.91,90,-2.5,-9.8658,0.06,2010
Slovakia,2015,23.15,Other,789.06,90,0.31,1.3573,0.07,2010
Slovakia,2016,30.43,Other,819.49,83,7.28,31.4471,0.08,2010
Slovakia,2017,32.51,Other,852.0,81,2.08,6.8354,0.09,2010
Slovakia,2018,31.93,Other,883.93,81,-0.58,-1.7841,0.09,2010
Slovenia,1990,4.13,Other,4.13,138,,,0.02,1990
Slovenia,1991,3.34,Other,7.47,145,-0.79,-19.1283,0.01,1990
Slovenia,1992,3.42,Other,10.89,140,0.08,2.3952,0.01,1990
Slovenia,1993,4.16,Other,15.05,138,0.74,21.6374,0.02,1990
Slovenia,1994,4.2,Other,19.25,136,0.04,0.9615,0.02,1990
Slovenia,1995,5.07,Other,24.32,134,0.87,20.7143,0.02,1990
Slovenia,1996,5.89,Other,30.21,130,0.82,16.1736,0.02,1990
Slovenia,1997,6.32,Other,36.53,130,0.43,7.3005,0.02,1990
Slovenia,1998,6.1,Other,42.63,133,-0.22,-3.481,0.02,1990
Slovenia,1999,5.54,Other,48.17,135,-0.56,-9.1803,0.02,1990
Slovenia,2000,5.18,Other,53.35,135,-0.36,-6.4982,0.02,2000
Slovenia,2001,3.85,Other,57.2,137,-1.33,-25.6757,0.01,2000
Slovenia,2002,4.0,Other,61.2,137,0.15,3.8961,0.01,2000
Slovenia,2003,3.89,Other,65.09,138,-0.11,-2.75,0.01,2000
Slovenia,2004,4.18,Other,69.27,137,0.29,7.455,0.01,2000
Slovenia,2005,4.4,Other,73.67,138,0.22,5.2632,0.01,2000
Slovenia,2006,4.78,Other,78.45,137,0.38,8.6364,0.01,2000
Slovenia,2007,4.77,Other,83.22,138,-0.01,-0.2092,0.01,2000
Slovenia,2008,5.86,Other,89.08,136,1.09,22.8512,0.02,2000
Slovenia,2009,4.01,Other,93.09,142,-1.85,-31.57,0.01,2000
Slovenia,2010,4.28,Other,97.37,139,0.27,6.7332,0.01,2010
Slovenia,2011,13.1,Other,110.47,115,8.82,206.0748,0.04,2010
Slovenia,2012,12.54,Other,123.01,116,-0.56,-4.2748,0.04,2010
Slovenia,2013,11.97,Other,134.98,120,-0.57,-4.5455,0.03,2010
Slovenia,2014,10.55,Other,145.53,121,-1.42,-11.863,0.03,2010
Slovenia,2015,10.54,Other,156.07,120,-0.01,-0.0948,0.03,2010
Slovenia,2016,14.27,Other,170.34,115,3.73,35.389,0.04,2010
Slovenia,2017,14.49,Other,184.83,114,0.22,1.5417,0.04,2010
Slovenia,2018,14.39,Other,199.22,115,-0.1,-0.6901,0.04,2010
Solomon Islands,1990,4.07,Other,4.07,139,,,0.02,1990
Solomon Islands,1991,4.07,Other,8.14,140,0.0,0.0,0.02,1990
Solomon Islands,1992,4.08,Other,12.22,137,0.01,0.2457,0.02,1990
Solomon Islands,1993,4.09,Other,16.31,139,0.01,0.2451,0.02,1990
Solomon Islands,1994,4.1,Other,20.41,137,0.01,0.2445,0.02,1990
Solomon Islands,1995,4.11,Other,24.52,137,0.01,0.2439,0.02,1990
Solomon Islands,1996,4.12,Other,28.64,138,0.01,0.2433,0.02,1990
Solomon Islands,1997,4.13,Other,32.77,138,0.01,0.2427,0.02,1990
Solomon Islands,1998,4.13,Other,36.9,138,0.0,0.0,0.02,1990
Solomon Islands,1999,4.14,Other,41.04,138,0.01,0.2421,0.02,1990
Solomon Islands,2000,4.15,Other,45.19,137,0.01,0.2415,0.02,2000
Solomon Islands,2001,1.94,Other,47.13,149,-2.21,-53.253,0.01,2000
Solomon Islands,2002,1.95,Other,49.08,149,0.01,0.5155,0.01,2000
Solomon Islands,2003,1.96,Other,51.04,150,0.01,0.5128,0.01,2000
Solomon Islands,2004,2.0,Other,53.04,151,0.04,2.0408,0.01,2000
Solomon Islands,2005,2.03,Other,55.07,149,0.03,1.5,0.01,2000
Solomon Islands,2006,2.03,Other,57.1,150,0.0,0.0,0.01,2000
Solomon Islands,2007,2.03,Other,59.13,156,0.0,0.0,0.01,2000
Solomon Islands,2008,2.01,Other,61.14,155,-0.02,-0.9852,0.01,2000
Solomon Islands,2009,2.02,Other,63.16,158,0.01,0.4975,0.01,2000
Solomon Islands,2010,2.03,Other,65.19,155,0.01,0.495,0.01,2010
Solomon Islands,2011,-17.47,Other,47.72,193,-19.5,-960.5911,-0.05,2010
Solomon Islands,2012,-17.47,Other,30.25,193,0.0,0.0,-0.05,2010
Solomon Islands,2013,-17.44,Other,12.81,193,0.03,-0.1717,-0.05,2010
Solomon Islands,2014,-17.48,Other,-4.67,193,-0.04,0.2294,-0.05,2010
Solomon Islands,2015,-17.52,Other,-22.19,193,-0.04,0.2288,-0.05,2010
Solomon Islands,2016,45.77,Other,23.58,71,63.29,-361.2443,0.13,2010
Solomon Islands,2017,45.76,Other,69.34,71,-0.01,-0.0218,0.12,2010
Solomon Islands,2018,45.78,Other,115.12,70,0.02,0.0437,0.12,2010
Somalia,1990,18.08,Other,18.08,91,,,0.07,1990
Somalia,1991,18.06,Other,36.14,91,-0.02,-0.1106,0.07,1990
Somalia,1992,18.03,Other,54.17,88,-0.03,-0.1661,0.07,1990
Somalia,1993,17.99,Other,72.16,84,-0.04,-0.2219,0.07,1990
Somalia,1994,17.98,Other,90.14,86,-0.01,-0.0556,0.07,1990
Somalia,1995,17.95,Other,108.09,87,-0.03,-0.1669,0.07,1990
Somalia,1996,17.93,Other,126.02,87,-0.02,-0.1114,0.07,1990
Somalia,1997,17.9,Other,143.92,88,-0.03,-0.1673,0.07,1990
Somalia,1998,17.87,Other,161.79,89,-0.03,-0.1676,0.07,1990
Somalia,1999,17.85,Other,179.64,90,-0.02,-0.1119,0.07,1990
Somalia,2000,17.84,Other,197.48,90,-0.01,-0.056,0.06,2000
Somalia,2001,17.86,Other,215.34,91,0.02,0.1121,0.06,2000
Somalia,2002,17.92,Other,233.26,92,0.06,0.3359,0.06,2000
Somalia,2003,17.93,Other,251.19,92,0.01,0.0558,0.06,2000
Somalia,2004,17.93,Other,269.12,95,0.0,0.0,0.06,2000
Somalia,2005,17.93,Other,287.05,97,0.0,0.0,0.06,2000
Somalia,2006,17.93,Other,304.98,100,0.0,0.0,0.05,2000
Somalia,2007,17.98,Other,322.96,101,0.05,0.2789,0.05,2000
Somalia,2008,17.97,Other,340.93,101,-0.01,-0.0556,0.05,2000
Somalia,2009,17.97,Other,358.9,100,0.0,0.0,0.05,2000
Somalia,2010,17.98,Other,376.88,104,0.01,0.0556,0.05,2010
Somalia,2011,17.99,Other,394.87,100,0.01,0.0556,0.05,2010
Somalia,2012,17.98,Other,412.85,100,-0.01,-0.0556,0.05,2010
Somalia,2013,18.01,Other,430.86,100,0.03,0.1669,0.05,2010
Somalia,2014,18.0,Other,448.86,99,-0.01,-0.0555,0.05,2010
Somalia,2015,18.0,Other,466.86,98,0.0,0.0,0.05,2010
Somalia,2016,18.01,Other,484.87,105,0.01,0.0556,0.05,2010
Somalia,2017,18.01,Other,502.88,106,0.0,0.0,0.05,2010
Somalia,2018,18.04,Other,520.92,105,0.03,0.1666,0.05,2010
South Africa,1990,253.94,Africa,253.94,19,,,1.01,1990
South Africa,1991,248.61,Africa,502.55,19,-5.33,-2.0989,0.98,1990
South Africa,1992,245.11,Africa,747.66,22,-3.5,-1.4078,0.97,1990
South Africa,1993,252.71,Africa,1000.37,21,7.6,3.1006,1.0,1990
South Africa,1994,258.29,Africa,1258.66,20,5.58,2.2081,1.02,1990
South Africa,1995,270.47,Africa,1529.13,20,12.18,4.7156,1.04,1990
South Africa,1996,280.26,Africa,1809.39,20,9.79,3.6196,1.06,1990
South Africa,1997,295.2,Africa,2104.59,19,14.94,5.3308,1.08,1990
South Africa,1998,302.8,Africa,2407.39,19,7.6,2.5745,1.12,1990
South Africa,1999,284.79,Africa,2692.18,20,-18.01,-5.9478,1.06,1990
South Africa,2000,291.05,Africa,2983.23,19,6.26,2.1981,1.06,2000
South Africa,2001,326.95,Africa,3310.18,16,35.9,12.3347,1.18,2000
South Africa,2002,337.79,Africa,3647.97,16,10.84,3.3155,1.19,2000
South Africa,2003,359.5,Africa,4007.47,16,21.71,6.4271,1.23,2000
South Africa,2004,386.36,Africa,4393.83,15,26.86,7.4715,1.26,2000
South Africa,2005,384.03,Africa,4777.86,16,-2.33,-0.6031,1.22,2000
South Africa,2006,385.95,Africa,5163.81,16,1.92,0.5,1.18,2000
South Africa,2007,403.29,Africa,5567.1,16,17.34,4.4928,1.21,2000
South Africa,2008,432.95,Africa,6000.05,14,29.66,7.3545,1.29,2000
South Africa,2009,410.42,Africa,6410.47,15,-22.53,-5.2038,1.23,2000
South Africa,2010,431.5,Africa,6841.97,15,21.08,5.1362,1.24,2010
South Africa,2011,415.41,Africa,7257.38,17,-16.09,-3.7289,1.21,2010
South Africa,2012,432.99,Africa,7690.37,17,17.58,4.232,1.25,2010
South Africa,2013,443.16,Africa,8133.53,16,10.17,2.3488,1.26,2010
South Africa,2014,454.27,Africa,8587.8,16,11.11,2.507,1.28,2010
South Africa,2015,431.17,Africa,9018.97,16,-23.1,-5.0851,1.22,2010
South Africa,2016,431.74,Africa,9450.71,16,0.57,0.1322,1.19,2010
South Africa,2017,441.69,Africa,9892.4,16,9.95,2.3046,1.21,2010
South Africa,2018,439.8,Africa,10332.2,16,-1.89,-0.4279,1.18,2010
South Korea,1990,206.81,Asia,206.81,22,,,0.82,1990
South Korea,1991,231.61,Asia,438.42,22,24.8,11.9917,0.91,1990
South Korea,1992,253.77,Asia,692.19,20,22.16,9.5678,1.0,1990
South Korea,1993,284.2,Asia,976.39,19,30.43,11.9912,1.12,1990
South Korea,1994,310.79,Asia,1287.18,19,26.59,9.3561,1.22,1990
South Korea,1995,341.87,Asia,1629.05,15,31.08,10.0003,1.31,1990
South Korea,1996,366.44,Asia,1995.49,14,24.57,7.1869,1.38,1990
South Korea,1997,388.04,Asia,2383.53,12,21.6,5.8946,1.41,1990
South Korea,1998,323.23,Asia,2706.76,17,-64.81,-16.7019,1.2,1990
South Korea,1999,358.5,Asia,3065.26,16,35.27,10.9117,1.33,1990
South Korea,2000,413.25,Asia,3478.51,12,54.75,15.272,1.5,2000
South Korea,2001,410.4,Asia,3888.91,12,-2.85,-0.6897,1.48,2000
South Korea,2002,401.82,Asia,4290.73,13,-8.58,-2.0906,1.41,2000
South Korea,2003,404.49,Asia,4695.22,13,2.67,0.6645,1.38,2000
South Korea,2004,424.78,Asia,5120.0,13,20.29,5.0162,1.38,2000
South Korea,2005,419.96,Asia,5539.96,13,-4.82,-1.1347,1.33,2000
South Korea,2006,426.82,Asia,5966.78,14,6.86,1.6335,1.3,2000
South Korea,2007,441.38,Asia,6408.16,13,14.56,3.4113,1.32,2000
South Korea,2008,453.07,Asia,6861.23,13,11.69,2.6485,1.35,2000
South Korea,2009,465.27,Asia,7326.5,12,12.2,2.6927,1.4,2000
South Korea,2010,514.14,Asia,7840.64,11,48.87,10.5036,1.48,2010
South Korea,2011,546.83,Asia,8387.47,13,32.69,6.3582,1.59,2010
South Korea,2012,548.5,Asia,8935.97,13,1.67,0.3054,1.58,2010
South Korea,2013,547.18,Asia,9483.15,13,-1.32,-0.2407,1.55,2010
South Korea,2014,535.54,Asia,10018.69,14,-11.64,-2.1273,1.51,2010
South Korea,2015,556.05,Asia,10574.74,14,20.51,3.8298,1.58,2010
South Korea,2016,568.98,Asia,11143.72,13,12.93,2.3253,1.57,2010
South Korea,2017,579.56,Asia,11723.28,13,10.58,1.8595,1.58,2010
South Korea,2018,585.07,Asia,12308.35,13,5.51,0.9507,1.56,2010
South Sudan,1990,6.94,Other,6.94,125,,,0.03,1990
South Sudan,1991,6.94,Other,13.88,129,0.0,0.0,0.03,1990
South Sudan,1992,6.94,Other,20.82,128,0.0,0.0,0.03,1990
South Sudan,1993,6.94,Other,27.76,126,0.0,0.0,0.03,1990
South Sudan,1994,6.94,Other,34.7,125,0.0,0.0,0.03,1990
South Sudan,1995,7.01,Other,41.71,125,0.07,1.0086,0.03,1990
South Sudan,1996,7.01,Other,48.72,124,0.0,0.0,0.03,1990
South Sudan,1997,7.02,Other,55.74,125,0.01,0.1427,0.03,1990
South Sudan,1998,7.03,Other,62.77,126,0.01,0.1425,0.03,1990
South Sudan,1999,7.06,Other,69.83,125,0.03,0.4267,0.03,1990
South Sudan,2000,7.06,Other,76.89,125,0.0,0.0,0.03,2000
South Sudan,2001,7.17,Other,84.06,127,0.11,1.5581,0.03,2000
South Sudan,2002,7.16,Other,91.22,128,-0.01,-0.1395,0.03,2000
South Sudan,2003,7.16,Other,98.38,130,0.0,0.0,0.02,2000
South Sudan,2004,7.16,Other,105.54,130,0.0,0.0,0.02,2000
South Sudan,2005,7.16,Other,112.7,131,0.0,0.0,0.02,2000
South Sudan,2006,7.16,Other,119.86,131,0.0,0.0,0.02,2000
South Sudan,2007,7.16,Other,127.02,132,0.0,0.0,0.02,2000
South Sudan,2008,7.16,Other,134.18,133,0.0,0.0,0.02,2000
South Sudan,2009,7.16,Other,141.34,131,0.0,0.0,0.02,2000
South Sudan,2010,7.17,Other,148.51,133,0.01,0.1397,0.02,2010
South Sudan,2011,6.95,Other,155.46,133,-0.22,-3.0683,0.02,2010
South Sudan,2012,7.99,Other,163.45,129,1.04,14.964,0.02,2010
South Sudan,2013,8.02,Other,171.47,129,0.03,0.3755,0.02,2010
South Sudan,2014,8.07,Other,179.54,128,0.05,0.6234,0.02,2010
South Sudan,2015,8.51,Other,188.05,128,0.44,5.4523,0.02,2010
South Sudan,2016,10.67,Other,198.72,125,2.16,25.3819,0.03,2010
South Sudan,2017,10.44,Other,209.16,125,-0.23,-2.1556,0.03,2010
South Sudan,2018,10.28,Other,219.44,126,-0.16,-1.5326,0.03,2010
Spain,1990,172.32,Europe,172.32,24,,,0.68,1990
Spain,1991,179.52,Europe,351.84,25,7.2,4.1783,0.71,1990
Spain,1992,189.79,Europe,541.63,25,10.27,5.7208,0.75,1990
Spain,1993,175.41,Europe,717.04,26,-14.38,-7.5768,0.69,1990
Spain,1994,185.76,Europe,902.8,26,10.35,5.9005,0.73,1990
Spain,1995,197.88,Europe,1100.68,24,12.12,6.5245,0.76,1990
Spain,1996,187.41,Europe,1288.09,25,-10.47,-5.2911,0.71,1990
Spain,1997,205.91,Europe,1494.0,25,18.5,9.8714,0.75,1990
Spain,1998,213.54,Europe,1707.54,25,7.63,3.7055,0.79,1990
Spain,1999,235.67,Europe,1943.21,23,22.13,10.3634,0.87,1990
Spain,2000,250.68,Europe,2193.89,22,15.01,6.3691,0.91,2000
Spain,2001,275.62,Europe,2469.51,21,24.94,9.9489,0.99,2000
Spain,2002,293.62,Europe,2763.13,20,18.0,6.5307,1.03,2000
Spain,2003,299.53,Europe,3062.66,21,5.91,2.0128,1.02,2000
Spain,2004,316.44,Europe,3379.1,19,16.91,5.6455,1.03,2000
Spain,2005,331.38,Europe,3710.48,19,14.94,4.7213,1.05,2000
Spain,2006,322.65,Europe,4033.13,20,-8.73,-2.6344,0.99,2000
Spain,2007,335.55,Europe,4368.68,20,12.9,3.9981,1.01,2000
Spain,2008,305.03,Europe,4673.71,21,-30.52,-9.0955,0.91,2000
Spain,2009,268.35,Europe,4942.06,22,-36.68,-12.025,0.81,2000
Spain,2010,254.12,Europe,5196.18,25,-14.23,-5.3028,0.73,2010
Spain,2011,266.54,Europe,5462.72,24,12.42,4.8875,0.78,2010
Spain,2012,261.41,Europe,5724.13,25,-5.13,-1.9247,0.75,2010
Spain,2013,234.94,Europe,5959.07,28,-26.47,-10.1259,0.67,2010
Spain,2014,233.1,Europe,6192.17,26,-1.84,-0.7832,0.66,2010
Spain,2015,248.42,Europe,6440.59,26,15.32,6.5723,0.7,2010
Spain,2016,233.15,Europe,6673.74,26,-15.27,-6.1468,0.64,2010
Spain,2017,249.55,Europe,6923.29,25,16.4,7.0341,0.68,2010
Spain,2018,244.45,Europe,7167.74,27,-5.1,-2.0437,0.65,2010
Sri Lanka,1990,8.47,Other,8.47,118,,,0.03,1990
Sri Lanka,1991,8.62,Other,17.09,117,0.15,1.771,0.03,1990
Sri Lanka,1992,9.88,Other,26.97,114,1.26,14.6172,0.04,1990
Sri Lanka,1993,9.72,Other,36.69,113,-0.16,-1.6194,0.04,1990
Sri Lanka,1994,10.4,Other,47.09,111,0.68,6.9959,0.04,1990
Sri Lanka,1995,10.45,Other,57.54,111,0.05,0.4808,0.04,1990
Sri Lanka,1996,12.98,Other,70.52,104,2.53,24.2105,0.05,1990
Sri Lanka,1997,12.97,Other,83.49,105,-0.01,-0.077,0.05,1990
Sri Lanka,1998,13.24,Other,96.73,105,0.27,2.0817,0.05,1990
Sri Lanka,1999,14.12,Other,110.85,101,0.88,6.6465,0.05,1990
Sri Lanka,2000,15.55,Other,126.4,100,1.43,10.1275,0.06,2000
Sri Lanka,2001,13.35,Other,139.75,106,-2.2,-14.1479,0.05,2000
Sri Lanka,2002,13.89,Other,153.64,105,0.54,4.0449,0.05,2000
Sri Lanka,2003,14.92,Other,168.56,105,1.03,7.4154,0.05,2000
Sri Lanka,2004,15.37,Other,183.93,104,0.45,3.0161,0.05,2000
Sri Lanka,2005,16.48,Other,200.41,103,1.11,7.2219,0.05,2000
Sri Lanka,2006,14.9,Other,215.31,106,-1.58,-9.5874,0.05,2000
Sri Lanka,2007,16.07,Other,231.38,106,1.17,7.8523,0.05,2000
Sri Lanka,2008,15.28,Other,246.66,107,-0.79,-4.916,0.05,2000
Sri Lanka,2009,14.76,Other,261.42,106,-0.52,-3.4031,0.04,2000
Sri Lanka,2010,15.53,Other,276.95,108,0.77,5.2168,0.04,2010
Sri Lanka,2011,16.07,Other,293.02,102,0.54,3.4771,0.05,2010
Sri Lanka,2012,17.47,Other,310.49,101,1.4,8.7119,0.05,2010
Sri Lanka,2013,15.11,Other,325.6,105,-2.36,-13.5089,0.04,2010
Sri Lanka,2014,18.22,Other,343.82,98,3.11,20.5824,0.05,2010
Sri Lanka,2015,20.97,Other,364.79,93,2.75,15.0933,0.06,2010
Sri Lanka,2016,23.85,Other,388.64,95,2.88,13.7339,0.07,2010
Sri Lanka,2017,25.22,Other,413.86,92,1.37,5.7442,0.07,2010
Sri Lanka,2018,23.54,Other,437.4,95,-1.68,-6.6614,0.06,2010
Sudan,1990,26.5,Other,26.5,82,,,0.1,1990
Sudan,1991,25.94,Other,52.44,80,-0.56,-2.1132,0.1,1990
Sudan,1992,25.67,Other,78.11,77,-0.27,-1.0409,0.1,1990
Sudan,1993,24.33,Other,102.44,78,-1.34,-5.2201,0.1,1990
Sudan,1994,25.8,Other,128.24,79,1.47,6.0419,0.1,1990
Sudan,1995,25.82,Other,154.06,77,0.02,0.0775,0.1,1990
Sudan,1996,25.61,Other,179.67,79,-0.21,-0.8133,0.1,1990
Sudan,1997,26.55,Other,206.22,78,0.94,3.6704,0.1,1990
Sudan,1998,26.1,Other,232.32,79,-0.45,-1.6949,0.1,1990
Sudan,1999,26.66,Other,258.98,77,0.56,2.1456,0.1,1990
Sudan,2000,27.03,Other,286.01,77,0.37,1.3878,0.1,2000
Sudan,2001,27.92,Other,313.93,78,0.89,3.2926,0.1,2000
Sudan,2002,29.35,Other,343.28,78,1.43,5.1218,0.1,2000
Sudan,2003,29.54,Other,372.82,78,0.19,0.6474,0.1,2000
Sudan,2004,30.31,Other,403.13,79,0.77,2.6066,0.1,2000
Sudan,2005,31.86,Other,434.99,78,1.55,5.1138,0.1,2000
Sudan,2006,34.23,Other,469.22,77,2.37,7.4388,0.1,2000
Sudan,2007,35.22,Other,504.44,77,0.99,2.8922,0.11,2000
Sudan,2008,36.31,Other,540.75,76,1.09,3.0948,0.11,2000
Sudan,2009,36.79,Other,577.54,76,0.48,1.3219,0.11,2000
Sudan,2010,37.68,Other,615.22,76,0.89,2.4191,0.11,2010
Sudan,2011,36.5,Other,651.72,77,-1.18,-3.1316,0.11,2010
Sudan,2012,36.73,Other,688.45,76,0.23,0.6301,0.11,2010
Sudan,2013,36.01,Other,724.46,75,-0.72,-1.9603,0.1,2010
Sudan,2014,36.85,Other,761.31,73,0.84,2.3327,0.1,2010
Sudan,2015,39.32,Other,800.63,71,2.47,6.7028,0.11,2010
Sudan,2016,41.49,Other,842.12,73,2.17,5.5188,0.11,2010
Sudan,2017,41.34,Other,883.46,73,-0.15,-0.3615,0.11,2010
Sudan,2018,41.2,Other,924.66,73,-0.14,-0.3387,0.11,2010
Suriname,1990,4.98,Other,4.98,136,,,0.02,1990
Suriname,1991,5.26,Other,10.24,134,0.28,5.6225,0.02,1990
Suriname,1992,5.27,Other,15.51,134,0.01,0.1901,0.02,1990
Suriname,1993,5.28,Other,20.79,133,0.01,0.1898,0.02,1990
Suriname,1994,5.28,Other,26.07,134,0.0,0.0,0.02,1990
Suriname,1995,5.36,Other,31.43,133,0.08,1.5152,0.02,1990
Suriname,1996,5.44,Other,36.87,135,0.08,1.4925,0.02,1990
Suriname,1997,5.47,Other,42.34,135,0.03,0.5515,0.02,1990
Suriname,1998,5.49,Other,47.83,135,0.02,0.3656,0.02,1990
Suriname,1999,5.58,Other,53.41,134,0.09,1.6393,0.02,1990
Suriname,2000,4.94,Other,58.35,136,-0.64,-11.4695,0.02,2000
Suriname,2001,5.32,Other,63.67,134,0.38,7.6923,0.02,2000
Suriname,2002,4.92,Other,68.59,136,-0.4,-7.5188,0.02,2000
Suriname,2003,5.04,Other,73.63,136,0.12,2.439,0.02,2000
Suriname,2004,5.37,Other,79.0,136,0.33,6.5476,0.02,2000
Suriname,2005,5.66,Other,84.66,135,0.29,5.4004,0.02,2000
Suriname,2006,5.5,Other,90.16,135,-0.16,-2.8269,0.02,2000
Suriname,2007,5.38,Other,95.54,136,-0.12,-2.1818,0.02,2000
Suriname,2008,5.42,Other,100.96,138,0.04,0.7435,0.02,2000
Suriname,2009,5.42,Other,106.38,138,0.0,0.0,0.02,2000
Suriname,2010,5.71,Other,112.09,136,0.29,5.3506,0.02,2010
Suriname,2011,10.2,Other,122.29,123,4.49,78.634,0.03,2010
Suriname,2012,10.69,Other,132.98,120,0.49,4.8039,0.03,2010
Suriname,2013,10.54,Other,143.52,121,-0.15,-1.4032,0.03,2010
Suriname,2014,10.89,Other,154.41,120,0.35,3.3207,0.03,2010
Suriname,2015,11.0,Other,165.41,118,0.11,1.0101,0.03,2010
Suriname,2016,11.67,Other,177.08,122,0.67,6.0909,0.03,2010
Suriname,2017,11.49,Other,188.57,121,-0.18,-1.5424,0.03,2010
Suriname,2018,11.44,Other,200.01,121,-0.05,-0.4352,0.03,2010
Sweden,1990,55.21,Other,55.21,53,,,0.22,1990
Sweden,1991,56.1,Other,111.31,51,0.89,1.612,0.22,1990
Sweden,1992,58.61,Other,169.92,49,2.51,4.4742,0.23,1990
Sweden,1993,58.36,Other,228.28,51,-0.25,-0.4265,0.23,1990
Sweden,1994,60.35,Other,288.63,49,1.99,3.4099,0.24,1990
Sweden,1995,60.1,Other,348.73,50,-0.25,-0.4143,0.23,1990
Sweden,1996,65.52,Other,414.25,49,5.42,9.0183,0.25,1990
Sweden,1997,59.26,Other,473.51,52,-6.26,-9.5543,0.22,1990
Sweden,1998,60.26,Other,533.77,49,1.0,1.6875,0.22,1990
Sweden,1999,59.21,Other,592.98,52,-1.05,-1.7424,0.22,1990
Sweden,2000,55.31,Other,648.29,54,-3.9,-6.5867,0.2,2000
Sweden,2001,40.95,Other,689.24,69,-14.36,-25.9628,0.15,2000
Sweden,2002,42.49,Other,731.73,66,1.54,3.7607,0.15,2000
Sweden,2003,43.7,Other,775.43,67,1.21,2.8477,0.15,2000
Sweden,2004,42.17,Other,817.6,70,-1.53,-3.5011,0.14,2000
Sweden,2005,38.88,Other,856.48,73,-3.29,-7.8018,0.12,2000
Sweden,2006,37.61,Other,894.09,73,-1.27,-3.2665,0.11,2000
Sweden,2007,35.88,Other,929.97,76,-1.73,-4.5998,0.11,2000
Sweden,2008,34.94,Other,964.91,78,-0.94,-2.6198,0.1,2000
Sweden,2009,31.76,Other,996.67,79,-3.18,-9.1013,0.1,2000
Sweden,2010,37.15,Other,1033.82,77,5.39,16.971,0.11,2010
Sweden,2011,22.31,Other,1056.13,88,-14.84,-39.9462,0.07,2010
Sweden,2012,19.9,Other,1076.03,94,-2.41,-10.8023,0.06,2010
Sweden,2013,18.3,Other,1094.33,98,-1.6,-8.0402,0.05,2010
Sweden,2014,16.89,Other,1111.22,100,-1.41,-7.7049,0.05,2010
Sweden,2015,17.0,Other,1128.22,100,0.11,0.6513,0.05,2010
Sweden,2016,22.14,Other,1150.36,97,5.14,30.2353,0.06,2010
Sweden,2017,21.76,Other,1172.12,99,-0.38,-1.7164,0.06,2010
Sweden,2018,19.68,Other,1191.8,102,-2.08,-9.5588,0.05,2010
Switzerland,1990,41.87,Other,41.87,66,,,0.17,1990
Switzerland,1991,44.21,Other,86.08,60,2.34,5.5887,0.17,1990
Switzerland,1992,44.25,Other,130.33,61,0.04,0.0905,0.18,1990
Switzerland,1993,41.99,Other,172.32,62,-2.26,-5.1073,0.17,1990
Switzerland,1994,41.13,Other,213.45,62,-0.86,-2.0481,0.16,1990
Switzerland,1995,41.98,Other,255.43,63,0.85,2.0666,0.16,1990
Switzerland,1996,42.54,Other,297.97,62,0.56,1.334,0.16,1990
Switzerland,1997,41.28,Other,339.25,63,-1.26,-2.9619,0.15,1990
Switzerland,1998,42.78,Other,382.03,62,1.5,3.6337,0.16,1990
Switzerland,1999,43.06,Other,425.09,62,0.28,0.6545,0.16,1990
Switzerland,2000,42.24,Other,467.33,64,-0.82,-1.9043,0.15,2000
Switzerland,2001,42.83,Other,510.16,65,0.59,1.3968,0.15,2000
Switzerland,2002,41.23,Other,551.39,70,-1.6,-3.7357,0.15,2000
Switzerland,2003,42.49,Other,593.88,68,1.26,3.056,0.14,2000
Switzerland,2004,42.93,Other,636.81,68,0.44,1.0355,0.14,2000
Switzerland,2005,43.49,Other,680.3,68,0.56,1.3044,0.14,2000
Switzerland,2006,43.12,Other,723.42,70,-0.37,-0.8508,0.13,2000
Switzerland,2007,41.18,Other,764.6,71,-1.94,-4.4991,0.12,2000
Switzerland,2008,42.6,Other,807.2,70,1.42,3.4483,0.13,2000
Switzerland,2009,41.31,Other,848.51,70,-1.29,-3.0282,0.12,2000
Switzerland,2010,42.85,Other,891.36,71,1.54,3.7279,0.12,2010
Switzerland,2011,38.98,Other,930.34,74,-3.87,-9.0315,0.11,2010
Switzerland,2012,40.26,Other,970.6,73,1.28,3.2837,0.12,2010
Switzerland,2013,41.27,Other,1011.87,71,1.01,2.5087,0.12,2010
Switzerland,2014,37.51,Other,1049.38,72,-3.76,-9.1107,0.11,2010
Switzerland,2015,36.82,Other,1086.2,74,-0.69,-1.8395,0.1,2010
Switzerland,2016,37.37,Other,1123.57,76,0.55,1.4938,0.1,2010
Switzerland,2017,36.38,Other,1159.95,77,-0.99,-2.6492,0.1,2010
Switzerland,2018,35.23,Other,1195.18,78,-1.15,-3.1611,0.09,2010
Syria,1990,28.89,Other,28.89,77,,,0.11,1990
Syria,1991,31.44,Other,60.33,72,2.55,8.8266,0.12,1990
Syria,1992,30.73,Other,91.06,70,-0.71,-2.2583,0.12,1990
Syria,1993,30.09,Other,121.15,71,-0.64,-2.0827,0.12,1990
Syria,1994,31.21,Other,152.36,73,1.12,3.7222,0.12,1990
Syria,1995,33.02,Other,185.38,70,1.81,5.7994,0.13,1990
Syria,1996,36.13,Other,221.51,67,3.11,9.4185,0.14,1990
Syria,1997,36.48,Other,257.99,67,0.35,0.9687,0.13,1990
Syria,1998,39.38,Other,297.37,66,2.9,7.9496,0.15,1990
Syria,1999,38.61,Other,335.98,64,-0.77,-1.9553,0.14,1990
Syria,2000,38.86,Other,374.84,68,0.25,0.6475,0.14,2000
Syria,2001,40.62,Other,415.46,70,1.76,4.5291,0.15,2000
Syria,2002,41.32,Other,456.78,68,0.7,1.7233,0.15,2000
Syria,2003,41.61,Other,498.39,70,0.29,0.7018,0.14,2000
Syria,2004,44.01,Other,542.4,67,2.4,5.7678,0.14,2000
Syria,2005,54.92,Other,597.32,58,10.91,24.7898,0.17,2000
Syria,2006,58.15,Other,655.47,56,3.23,5.8813,0.18,2000
Syria,2007,61.44,Other,716.91,52,3.29,5.6578,0.18,2000
Syria,2008,63.39,Other,780.3,53,1.95,3.1738,0.19,2000
Syria,2009,58.48,Other,838.78,54,-4.91,-7.7457,0.18,2000
Syria,2010,59.02,Other,897.8,56,0.54,0.9234,0.17,2010
Syria,2011,55.25,Other,953.05,58,-3.77,-6.3877,0.16,2010
Syria,2012,45.32,Other,998.37,64,-9.93,-17.9729,0.13,2010
Syria,2013,29.85,Other,1028.22,80,-15.47,-34.135,0.08,2010
Syria,2014,26.4,Other,1054.62,85,-3.45,-11.5578,0.07,2010
Syria,2015,25.37,Other,1079.99,86,-1.03,-3.9015,0.07,2010
Syria,2016,26.46,Other,1106.45,88,1.09,4.2964,0.07,2010
Syria,2017,29.1,Other,1135.55,86,2.64,9.9773,0.08,2010
Syria,2018,27.92,Other,1163.47,86,-1.18,-4.055,0.07,2010
Tajikistan,1990,11.05,Other,11.05,109,,,0.04,1990
Tajikistan,1991,10.21,Other,21.26,113,-0.84,-7.6018,0.04,1990
Tajikistan,1992,7.71,Other,28.97,124,-2.5,-24.4858,0.03,1990
Tajikistan,1993,5.19,Other,34.16,134,-2.52,-32.6848,0.02,1990
Tajikistan,1994,3.06,Other,37.22,142,-2.13,-41.0405,0.01,1990
Tajikistan,1995,2.54,Other,39.76,143,-0.52,-16.9935,0.01,1990
Tajikistan,1996,2.27,Other,42.03,146,-0.27,-10.6299,0.01,1990
Tajikistan,1997,2.55,Other,44.58,143,0.28,12.3348,0.01,1990
Tajikistan,1998,2.8,Other,47.38,144,0.25,9.8039,0.01,1990
Tajikistan,1999,2.58,Other,49.96,146,-0.22,-7.8571,0.01,1990
Tajikistan,2000,2.23,Other,52.19,148,-0.35,-13.5659,0.01,2000
Tajikistan,2001,1.8,Other,53.99,151,-0.43,-19.2825,0.01,2000
Tajikistan,2002,1.78,Other,55.77,153,-0.02,-1.1111,0.01,2000
Tajikistan,2003,1.82,Other,57.59,152,0.04,2.2472,0.01,2000
Tajikistan,2004,2.23,Other,59.82,148,0.41,22.5275,0.01,2000
Tajikistan,2005,2.1,Other,61.92,148,-0.13,-5.8296,0.01,2000
Tajikistan,2006,2.32,Other,64.24,147,0.22,10.4762,0.01,2000
Tajikistan,2007,2.9,Other,67.14,145,0.58,25.0,0.01,2000
Tajikistan,2008,2.68,Other,69.82,147,-0.22,-7.5862,0.01,2000
Tajikistan,2009,2.04,Other,71.86,157,-0.64,-23.8806,0.01,2000
Tajikistan,2010,2.07,Other,73.93,154,0.03,1.4706,0.01,2010
Tajikistan,2011,2.14,Other,76.07,153,0.07,3.3816,0.01,2010
Tajikistan,2012,2.59,Other,78.66,150,0.45,21.028,0.01,2010
Tajikistan,2013,2.76,Other,81.42,147,0.17,6.5637,0.01,2010
Tajikistan,2014,4.07,Other,85.49,142,1.31,47.4638,0.01,2010
Tajikistan,2015,4.36,Other,89.85,140,0.29,7.1253,0.01,2010
Tajikistan,2016,5.83,Other,95.68,141,1.47,33.7156,0.02,2010
Tajikistan,2017,6.25,Other,101.93,139,0.42,7.2041,0.02,2010
Tajikistan,2018,7.2,Other,109.13,139,0.95,15.2,0.02,2010
Tanzania,1990,54.02,Other,54.02,54,,,0.21,1990
Tanzania,1991,53.99,Other,108.01,53,-0.03,-0.0555,0.21,1990
Tanzania,1992,53.99,Other,162.0,53,0.0,0.0,0.21,1990
Tanzania,1993,54.05,Other,216.05,52,0.06,0.1111,0.21,1990
Tanzania,1994,54.04,Other,270.09,52,-0.01,-0.0185,0.21,1990
Tanzania,1995,54.86,Other,324.95,54,0.82,1.5174,0.21,1990
Tanzania,1996,55.19,Other,380.14,54,0.33,0.6015,0.21,1990
Tanzania,1997,55.02,Other,435.16,54,-0.17,-0.308,0.2,1990
Tanzania,1998,54.83,Other,489.99,55,-0.19,-0.3453,0.2,1990
Tanzania,1999,54.67,Other,544.66,55,-0.16,-0.2918,0.2,1990
Tanzania,2000,55.08,Other,599.74,55,0.41,0.75,0.2,2000
Tanzania,2001,55.24,Other,654.98,54,0.16,0.2905,0.2,2000
Tanzania,2002,55.66,Other,710.64,54,0.42,0.7603,0.2,2000
Tanzania,2003,55.84,Other,766.48,56,0.18,0.3234,0.19,2000
Tanzania,2004,57.14,Other,823.62,55,1.3,2.3281,0.19,2000
Tanzania,2005,57.72,Other,881.34,55,0.58,1.0151,0.18,2000
Tanzania,2006,58.1,Other,939.44,57,0.38,0.6584,0.18,2000
Tanzania,2007,57.92,Other,997.36,58,-0.18,-0.3098,0.17,2000
Tanzania,2008,58.07,Other,1055.43,57,0.15,0.259,0.17,2000
Tanzania,2009,57.89,Other,1113.32,56,-0.18,-0.31,0.17,2000
Tanzania,2010,58.88,Other,1172.2,57,0.99,1.7101,0.17,2010
Tanzania,2011,60.13,Other,1232.33,56,1.25,2.123,0.18,2010
Tanzania,2012,61.83,Other,1294.16,55,1.7,2.8272,0.18,2010
Tanzania,2013,62.76,Other,1356.92,55,0.93,1.5041,0.18,2010
Tanzania,2014,62.68,Other,1419.6,56,-0.08,-0.1275,0.18,2010
Tanzania,2015,63.65,Other,1483.25,56,0.97,1.5475,0.18,2010
Tanzania,2016,75.03,Other,1558.28,50,11.38,17.879,0.21,2010
Tanzania,2017,75.47,Other,1633.75,50,0.44,0.5864,0.21,2010
Tanzania,2018,75.68,Other,1709.43,50,0.21,0.2783,0.2,2010
Thailand,1990,100.74,Other,100.74,38,,,0.4,1990
Thailand,1991,109.85,Other,210.59,38,9.11,9.0431,0.43,1990
Thailand,1992,119.61,Other,330.2,35,9.76,8.8848,0.47,1990
Thailand,1993,134.23,Other,464.43,32,14.62,12.2231,0.53,1990
Thailand,1994,148.39,Other,612.82,30,14.16,10.5491,0.58,1990
Thailand,1995,166.83,Other,779.65,27,18.44,12.4267,0.64,1990
Thailand,1996,185.34,Other,964.99,26,18.51,11.0951,0.7,1990
Thailand,1997,188.5,Other,1153.49,26,3.16,1.705,0.69,1990
Thailand,1998,167.52,Other,1321.01,29,-20.98,-11.13,0.62,1990
Thailand,1999,174.18,Other,1495.19,28,6.66,3.9756,0.65,1990
Thailand,2000,174.79,Other,1669.98,28,0.61,0.3502,0.63,2000
Thailand,2001,138.28,Other,1808.26,30,-36.51,-20.8879,0.5,2000
Thailand,2002,149.6,Other,1957.86,29,11.32,8.1863,0.53,2000
Thailand,2003,157.31,Other,2115.17,29,7.71,5.1537,0.54,2000
Thailand,2004,176.75,Other,2291.92,28,19.44,12.3578,0.57,2000
Thailand,2005,182.59,Other,2474.51,28,5.84,3.3041,0.58,2000
Thailand,2006,184.56,Other,2659.07,28,1.97,1.0789,0.56,2000
Thailand,2007,190.63,Other,2849.7,28,6.07,3.2889,0.57,2000
Thailand,2008,194.8,Other,3044.5,29,4.17,2.1875,0.58,2000
Thailand,2009,187.79,Other,3232.29,30,-7.01,-3.5986,0.57,2000
Thailand,2010,202.37,Other,3434.66,29,14.58,7.764,0.58,2010
Thailand,2011,234.88,Other,3669.54,27,32.51,16.0646,0.68,2010
Thailand,2012,252.33,Other,3921.87,26,17.45,7.4293,0.73,2010
Thailand,2013,262.72,Other,4184.59,23,10.39,4.1176,0.75,2010
Thailand,2014,259.38,Other,4443.97,22,-3.34,-1.2713,0.73,2010
Thailand,2015,263.34,Other,4707.31,22,3.96,1.5267,0.75,2010
Thailand,2016,273.79,Other,4981.1,22,10.45,3.9683,0.76,2010
Thailand,2017,273.7,Other,5254.8,23,-0.09,-0.0329,0.75,2010
Thailand,2018,270.9,Other,5525.7,23,-2.8,-1.023,0.72,2010
Timor-Leste,1990,0.46,Other,0.46,159,,,0.0,1990
Timor-Leste,1991,0.46,Other,0.92,159,0.0,0.0,0.0,1990
Timor-Leste,1992,0.46,Other,1.38,160,0.0,0.0,0.0,1990
Timor-Leste,1993,0.46,Other,1.84,158,0.0,0.0,0.0,1990
Timor-Leste,1994,0.46,Other,2.3,158,0.0,0.0,0.0,1990
Timor-Leste,1995,0.46,Other,2.76,159,0.0,0.0,0.0,1990
Timor-Leste,1996,0.46,Other,3.22,159,0.0,0.0,0.0,1990
Timor-Leste,1997,0.46,Other,3.68,162,0.0,0.0,0.0,1990
Timor-Leste,1998,0.46,Other,4.14,162,0.0,0.0,0.0,1990
Timor-Leste,1999,0.46,Other,4.6,163,0.0,0.0,0.0,1990
Timor-Leste,2000,0.46,Other,5.06,163,0.0,0.0,0.0,2000
Timor-Leste,2001,0.46,Other,5.52,165,0.0,0.0,0.0,2000
Timor-Leste,2002,0.63,Other,6.15,162,0.17,36.9565,0.0,2000
Timor-Leste,2003,0.63,Other,6.78,162,0.0,0.0,0.0,2000
Timor-Leste,2004,0.66,Other,7.44,164,0.03,4.7619,0.0,2000
Timor-Leste,2005,0.67,Other,8.11,165,0.01,1.5152,0.0,2000
Timor-Leste,2006,0.67,Other,8.78,165,0.0,0.0,0.0,2000
Timor-Leste,2007,0.67,Other,9.45,164,0.0,0.0,0.0,2000
Timor-Leste,2008,0.67,Other,10.12,165,0.0,0.0,0.0,2000
Timor-Leste,2009,0.7,Other,10.82,168,0.03,4.4776,0.0,2000
Timor-Leste,2010,0.71,Other,11.53,164,0.01,1.4286,0.0,2010
Timor-Leste,2011,0.71,Other,12.24,161,0.0,0.0,0.0,2010
Timor-Leste,2012,0.76,Other,13.0,162,0.05,7.0423,0.0,2010
Timor-Leste,2013,0.92,Other,13.92,162,0.16,21.0526,0.0,2010
Timor-Leste,2014,0.99,Other,14.91,160,0.07,7.6087,0.0,2010
Timor-Leste,2015,1.07,Other,15.98,158,0.08,8.0808,0.0,2010
Timor-Leste,2016,1.15,Other,17.13,163,0.08,7.4766,0.0,2010
Timor-Leste,2017,1.07,Other,18.2,164,-0.08,-6.9565,0.0,2010
Timor-Leste,2018,1.1,Other,19.3,164,0.03,2.8037,0.0,2010
Togo,1990,3.64,Other,3.64,142,,,0.01,1990
Togo,1991,3.59,Other,7.23,143,-0.05,-1.3736,0.01,1990
Togo,1992,3.41,Other,10.64,141,-0.18,-5.0139,0.01,1990
Togo,1993,3.3,Other,13.94,142,-0.11,-3.2258,0.01,1990
Togo,1994,3.57,Other,17.51,140,0.27,8.1818,0.01,1990
Togo,1995,3.64,Other,21.15,138,0.07,1.9608,0.01,1990
Togo,1996,4.02,Other,25.17,139,0.38,10.4396,0.02,1990
Togo,1997,3.43,Other,28.6,141,-0.59,-14.6766,0.01,1990
Togo,1998,3.86,Other,32.46,139,0.43,12.5364,0.01,1990
Togo,1999,4.37,Other,36.83,137,0.51,13.2124,0.02,1990
Togo,2000,3.93,Other,40.76,138,-0.44,-10.0686,0.01,2000
Togo,2001,2.12,Other,42.88,147,-1.81,-46.056,0.01,2000
Togo,2002,2.29,Other,45.17,146,0.17,8.0189,0.01,2000
Togo,2003,2.78,Other,47.95,145,0.49,21.3974,0.01,2000
Togo,2004,2.72,Other,50.67,145,-0.06,-2.1583,0.01,2000
Togo,2005,2.69,Other,53.36,145,-0.03,-1.1029,0.01,2000
Togo,2006,2.51,Other,55.87,146,-0.18,-6.6914,0.01,2000
Togo,2007,2.44,Other,58.31,148,-0.07,-2.7888,0.01,2000
Togo,2008,2.51,Other,60.82,148,0.07,2.8689,0.01,2000
Togo,2009,3.77,Other,64.59,144,1.26,50.1992,0.01,2000
Togo,2010,3.57,Other,68.16,144,-0.2,-5.305,0.01,2010
Togo,2011,3.45,Other,71.61,143,-0.12,-3.3613,0.01,2010
Togo,2012,3.17,Other,74.78,144,-0.28,-8.1159,0.01,2010
Togo,2013,2.69,Other,77.47,148,-0.48,-15.142,0.01,2010
Togo,2014,2.53,Other,80.0,150,-0.16,-5.948,0.01,2010
Togo,2015,2.76,Other,82.76,148,0.23,9.0909,0.01,2010
Togo,2016,3.11,Other,85.87,152,0.35,12.6812,0.01,2010
Togo,2017,2.88,Other,88.75,152,-0.23,-7.3955,0.01,2010
Togo,2018,3.07,Other,91.82,152,0.19,6.5972,0.01,2010
Tonga,1990,0.08,Other,0.08,174,,,0.0,1990
Tonga,1991,0.09,Other,0.17,175,0.01,12.5,0.0,1990
Tonga,1992,0.08,Other,0.25,176,-0.01,-11.1111,0.0,1990
Tonga,1993,0.09,Other,0.34,174,0.01,12.5,0.0,1990
Tonga,1994,0.09,Other,0.43,175,0.0,0.0,0.0,1990
Tonga,1995,0.1,Other,0.53,175,0.01,11.1111,0.0,1990
Tonga,1996,0.08,Other,0.61,179,-0.02,-20.0,0.0,1990
Tonga,1997,0.09,Other,0.7,178,0.01,12.5,0.0,1990
Tonga,1998,0.1,Other,0.8,176,0.01,11.1111,0.0,1990
Tonga,1999,0.11,Other,0.91,176,0.01,10.0,0.0,1990
Tonga,2000,0.1,Other,1.01,176,-0.01,-9.0909,0.0,2000
Tonga,2001,0.1,Other,1.11,180,0.0,0.0,0.0,2000
Tonga,2002,0.1,Other,1.21,180,0.0,0.0,0.0,2000
Tonga,2003,0.12,Other,1.33,179,0.02,20.0,0.0,2000
Tonga,2004,0.13,Other,1.46,178,0.01,8.3333,0.0,2000
Tonga,2005,0.13,Other,1.59,180,0.0,0.0,0.0,2000
Tonga,2006,0.15,Other,1.74,179,0.02,15.3846,0.0,2000
Tonga,2007,0.13,Other,1.87,180,-0.02,-13.3333,0.0,2000
Tonga,2008,0.13,Other,2.0,179,0.0,0.0,0.0,2000
Tonga,2009,0.14,Other,2.14,179,0.01,7.6923,0.0,2000
Tonga,2010,0.12,Other,2.26,182,-0.02,-14.2857,0.0,2010
Tonga,2011,0.11,Other,2.37,182,-0.01,-8.3333,0.0,2010
Tonga,2012,0.11,Other,2.48,181,0.0,0.0,0.0,2010
Tonga,2013,0.12,Other,2.6,181,0.01,9.0909,0.0,2010
Tonga,2014,0.11,Other,2.71,180,-0.01,-8.3333,0.0,2010
Tonga,2015,0.11,Other,2.82,182,0.0,0.0,0.0,2010
Tonga,2016,0.15,Other,2.97,184,0.04,36.3636,0.0,2010
Tonga,2017,0.18,Other,3.15,181,0.03,20.0,0.0,2010
Tonga,2018,0.19,Other,3.34,181,0.01,5.5556,0.0,2010
Trinidad and Tobago,1990,14.19,Other,14.19,98,,,0.06,1990
Trinidad and Tobago,1991,13.08,Other,27.27,102,-1.11,-7.8224,0.05,1990
Trinidad and Tobago,1992,12.01,Other,39.28,106,-1.07,-8.1804,0.05,1990
Trinidad and Tobago,1993,12.56,Other,51.84,104,0.55,4.5795,0.05,1990
Trinidad and Tobago,1994,13.1,Other,64.94,102,0.54,4.2994,0.05,1990
Trinidad and Tobago,1995,13.24,Other,78.18,103,0.14,1.0687,0.05,1990
Trinidad and Tobago,1996,13.38,Other,91.56,103,0.14,1.0574,0.05,1990
Trinidad and Tobago,1997,13.85,Other,105.41,103,0.47,3.5127,0.05,1990
Trinidad and Tobago,1998,14.18,Other,119.59,102,0.33,2.3827,0.05,1990
Trinidad and Tobago,1999,14.29,Other,133.88,99,0.11,0.7757,0.05,1990
Trinidad and Tobago,2000,14.44,Other,148.32,101,0.15,1.0497,0.05,2000
Trinidad and Tobago,2001,15.57,Other,163.89,100,1.13,7.8255,0.06,2000
Trinidad and Tobago,2002,16.15,Other,180.04,99,0.58,3.7251,0.06,2000
Trinidad and Tobago,2003,15.45,Other,195.49,101,-0.7,-4.3344,0.05,2000
Trinidad and Tobago,2004,16.11,Other,211.6,101,0.66,4.2718,0.05,2000
Trinidad and Tobago,2005,19.8,Other,231.4,92,3.69,22.905,0.06,2000
Trinidad and Tobago,2006,22.36,Other,253.76,89,2.56,12.9293,0.07,2000
Trinidad and Tobago,2007,22.21,Other,275.97,90,-0.15,-0.6708,0.07,2000
Trinidad and Tobago,2008,21.28,Other,297.25,91,-0.93,-4.1873,0.06,2000
Trinidad and Tobago,2009,20.33,Other,317.58,93,-0.95,-4.4643,0.06,2000
Trinidad and Tobago,2010,22.76,Other,340.34,89,2.43,11.9528,0.07,2010
Trinidad and Tobago,2011,23.3,Other,363.64,86,0.54,2.3726,0.07,2010
Trinidad and Tobago,2012,22.23,Other,385.87,89,-1.07,-4.5923,0.06,2010
Trinidad and Tobago,2013,22.84,Other,408.71,90,0.61,2.744,0.06,2010
Trinidad and Tobago,2014,22.03,Other,430.74,91,-0.81,-3.5464,0.06,2010
Trinidad and Tobago,2015,21.37,Other,452.11,92,-0.66,-2.9959,0.06,2010
Trinidad and Tobago,2016,18.35,Other,470.46,104,-3.02,-14.132,0.05,2010
Trinidad and Tobago,2017,18.32,Other,488.78,103,-0.03,-0.1635,0.05,2010
Trinidad and Tobago,2018,17.88,Other,506.66,107,-0.44,-2.4017,0.05,2010
Tunisia,1990,12.83,Other,12.83,104,,,0.05,1990
Tunisia,1991,13.5,Other,26.33,101,0.67,5.2221,0.05,1990
Tunisia,1992,14.26,Other,40.59,96,0.76,5.6296,0.06,1990
Tunisia,1993,15.6,Other,56.19,93,1.34,9.3969,0.06,1990
Tunisia,1994,15.73,Other,71.92,91,0.13,0.8333,0.06,1990
Tunisia,1995,16.12,Other,88.04,90,0.39,2.4793,0.06,1990
Tunisia,1996,16.68,Other,104.72,90,0.56,3.4739,0.06,1990
Tunisia,1997,17.26,Other,121.98,89,0.58,3.4772,0.06,1990
Tunisia,1998,18.0,Other,139.98,88,0.74,4.2874,0.07,1990
Tunisia,1999,18.92,Other,158.9,89,0.92,5.1111,0.07,1990
Tunisia,2000,20.01,Other,178.91,87,1.09,5.7611,0.07,2000
Tunisia,2001,20.34,Other,199.25,88,0.33,1.6492,0.07,2000
Tunisia,2002,20.43,Other,219.68,87,0.09,0.4425,0.07,2000
Tunisia,2003,20.56,Other,240.24,89,0.13,0.6363,0.07,2000
Tunisia,2004,21.52,Other,261.76,88,0.96,4.6693,0.07,2000
Tunisia,2005,21.84,Other,283.6,87,0.32,1.487,0.07,2000
Tunisia,2006,22.76,Other,306.36,87,0.92,4.2125,0.07,2000
Tunisia,2007,23.21,Other,329.57,88,0.45,1.9772,0.07,2000
Tunisia,2008,23.48,Other,353.05,89,0.27,1.1633,0.07,2000
Tunisia,2009,23.79,Other,376.84,87,0.31,1.3203,0.07,2000
Tunisia,2010,26.13,Other,402.97,84,2.34,9.8361,0.08,2010
Tunisia,2011,29.6,Other,432.57,81,3.47,13.2798,0.09,2010
Tunisia,2012,30.56,Other,463.13,81,0.96,3.2432,0.09,2010
Tunisia,2013,30.65,Other,493.78,79,0.09,0.2945,0.09,2010
Tunisia,2014,32.71,Other,526.49,79,2.06,6.721,0.09,2010
Tunisia,2015,33.55,Other,560.04,77,0.84,2.568,0.1,2010
Tunisia,2016,25.2,Other,585.24,90,-8.35,-24.8882,0.07,2010
Tunisia,2017,26.11,Other,611.35,89,0.91,3.6111,0.07,2010
Tunisia,2018,26.19,Other,637.54,89,0.08,0.3064,0.07,2010
Turkey,1990,122.28,Europe,122.28,34,,,0.48,1990
Turkey,1991,126.88,Europe,249.16,33,4.6,3.7619,0.5,1990
Turkey,1992,132.88,Europe,382.04,31,6.0,4.7289,0.53,1990
Turkey,1993,138.69,Europe,520.73,31,5.81,4.3724,0.55,1990
Turkey,1994,136.99,Europe,657.72,32,-1.7,-1.2258,0.54,1990
Turkey,1995,151.32,Europe,809.04,31,14.33,10.4606,0.58,1990
Turkey,1996,168.5,Europe,977.54,29,17.18,11.3534,0.64,1990
Turkey,1997,176.65,Europe,1154.19,27,8.15,4.8368,0.64,1990
Turkey,1998,176.91,Europe,1331.1,27,0.26,0.1472,0.66,1990
Turkey,1999,175.93,Europe,1507.03,27,-0.98,-0.554,0.65,1990
Turkey,2000,199.67,Europe,1706.7,26,23.74,13.494,0.72,2000
Turkey,2001,154.82,Europe,1861.52,28,-44.85,-22.4621,0.56,2000
Turkey,2002,165.15,Europe,2026.67,28,10.33,6.6723,0.58,2000
Turkey,2003,176.2,Europe,2202.87,27,11.05,6.6909,0.6,2000
Turkey,2004,181.64,Europe,2384.51,27,5.44,3.0874,0.59,2000
Turkey,2005,192.05,Europe,2576.56,27,10.41,5.7311,0.61,2000
Turkey,2006,218.13,Europe,2794.69,27,26.08,13.5798,0.67,2000
Turkey,2007,246.01,Europe,3040.7,25,27.88,12.7814,0.74,2000
Turkey,2008,244.24,Europe,3284.94,26,-1.77,-0.7195,0.73,2000
Turkey,2009,244.87,Europe,3529.81,25,0.63,0.2579,0.74,2000
Turkey,2010,254.16,Europe,3783.97,24,9.29,3.7938,0.73,2010
Turkey,2011,258.05,Europe,4042.02,25,3.89,1.5305,0.75,2010
Turkey,2012,269.21,Europe,4311.23,23,11.16,4.3247,0.78,2010
Turkey,2013,258.5,Europe,4569.73,24,-10.71,-3.9783,0.73,2010
Turkey,2014,280.97,Europe,4850.7,21,22.47,8.6925,0.79,2010
Turkey,2015,291.92,Europe,5142.62,20,10.95,3.8972,0.83,2010
Turkey,2016,345.94,Europe,5488.56,19,54.02,18.5051,0.95,2010
Turkey,2017,387.25,Europe,5875.81,18,41.31,11.9414,1.06,2010
Turkey,2018,384.32,Europe,6260.13,18,-2.93,-0.7566,1.03,2010
Turkmenistan,1990,44.65,Other,44.65,61,,,0.18,1990
Turkmenistan,1991,37.79,Other,82.44,65,-6.86,-15.3639,0.15,1990
Turkmenistan,1992,28.1,Other,110.54,75,-9.69,-25.6417,0.11,1990
Turkmenistan,1993,26.63,Other,137.17,77,-1.47,-5.2313,0.11,1990
Turkmenistan,1994,32.87,Other,170.04,68,6.24,23.4322,0.13,1990
Turkmenistan,1995,33.43,Other,203.47,69,0.56,1.7037,0.13,1990
Turkmenistan,1996,29.69,Other,233.16,75,-3.74,-11.1876,0.11,1990
Turkmenistan,1997,29.94,Other,263.1,75,0.25,0.842,0.11,1990
Turkmenistan,1998,30.59,Other,293.69,73,0.65,2.171,0.11,1990
Turkmenistan,1999,35.77,Other,329.46,72,5.18,16.9336,0.13,1990
Turkmenistan,2000,36.85,Other,366.31,71,1.08,3.0193,0.13,2000
Turkmenistan,2001,37.92,Other,404.23,71,1.07,2.9037,0.14,2000
Turkmenistan,2002,39.75,Other,443.98,71,1.83,4.8259,0.14,2000
Turkmenistan,2003,44.25,Other,488.23,66,4.5,11.3208,0.15,2000
Turkmenistan,2004,46.65,Other,534.88,64,2.4,5.4237,0.15,2000
Turkmenistan,2005,48.19,Other,583.07,64,1.54,3.3012,0.15,2000
Turkmenistan,2006,49.57,Other,632.64,64,1.38,2.8637,0.15,2000
Turkmenistan,2007,56.03,Other,688.67,60,6.46,13.0321,0.17,2000
Turkmenistan,2008,56.68,Other,745.35,59,0.65,1.1601,0.17,2000
Turkmenistan,2009,50.21,Other,795.56,63,-6.47,-11.415,0.15,2000
Turkmenistan,2010,57.19,Other,852.75,59,6.98,13.9016,0.16,2010
Turkmenistan,2011,63.41,Other,916.16,54,6.22,10.876,0.18,2010
Turkmenistan,2012,66.3,Other,982.46,53,2.89,4.5576,0.19,2010
Turkmenistan,2013,67.78,Other,1050.24,53,1.48,2.2323,0.19,2010
Turkmenistan,2014,69.49,Other,1119.73,53,1.71,2.5229,0.2,2010
Turkmenistan,2015,72.08,Other,1191.81,51,2.59,3.7272,0.2,2010
Turkmenistan,2016,72.02,Other,1263.83,51,-0.06,-0.0832,0.2,2010
Turkmenistan,2017,71.96,Other,1335.79,51,-0.06,-0.0833,0.2,2010
Turkmenistan,2018,71.73,Other,1407.52,52,-0.23,-0.3196,0.19,2010
Tuvalu,1990,0.0,Other,0.0,182,,,0.0,1990
Tuvalu,1991,0.0,Other,0.0,183,0.0,,0.0,1990
Tuvalu,1992,0.01,Other,0.01,184,0.01,inf,0.0,1990
Tuvalu,1993,0.01,Other,0.02,182,0.0,0.0,0.0,1990
Tuvalu,1994,0.01,Other,0.03,183,0.0,0.0,0.0,1990
Tuvalu,1995,0.01,Other,0.04,183,0.0,0.0,0.0,1990
Tuvalu,1996,0.01,Other,0.05,183,0.0,0.0,0.0,1990
Tuvalu,1997,0.01,Other,0.06,184,0.0,0.0,0.0,1990
Tuvalu,1998,0.01,Other,0.07,184,0.0,0.0,0.0,1990
Tuvalu,1999,0.01,Other,0.08,184,0.0,0.0,0.0,1990
Tuvalu,2000,0.01,Other,0.09,184,0.0,0.0,0.0,2000
Tuvalu,2001,0.01,Other,0.1,186,0.0,0.0,0.0,2000
Tuvalu,2002,0.01,Other,0.11,186,0.0,0.0,0.0,2000
Tuvalu,2003,0.01,Other,0.12,186,0.0,0.0,0.0,2000
Tuvalu,2004,0.01,Other,0.13,186,0.0,0.0,0.0,2000
Tuvalu,2005,0.01,Other,0.14,187,0.0,0.0,0.0,2000
Tuvalu,2006,0.01,Other,0.15,187,0.0,0.0,0.0,2000
Tuvalu,2007,0.01,Other,0.16,187,0.0,0.0,0.0,2000
Tuvalu,2008,0.01,Other,0.17,187,0.0,0.0,0.0,2000
Tuvalu,2009,0.01,Other,0.18,187,0.0,0.0,0.0,2000
Tuvalu,2010,0.01,Other,0.19,188,0.0,0.0,0.0,2010
Tuvalu,2011,0.01,Other,0.2,187,0.0,0.0,0.0,2010
Tuvalu,2012,0.01,Other,0.21,186,0.0,0.0,0.0,2010
Tuvalu,2013,0.01,Other,0.22,187,0.0,0.0,0.0,2010
Tuvalu,2014,0.01,Other,0.23,185,0.0,0.0,0.0,2010
Tuvalu,2015,0.01,Other,0.24,186,0.0,0.0,0.0,2010
Tuvalu,2016,0.01,Other,0.25,190,0.0,0.0,0.0,2010
Tuvalu,2017,0.01,Other,0.26,190,0.0,0.0,0.0,2010
Tuvalu,2018,0.01,Other,0.27,191,0.0,0.0,0.0,2010
Uganda,1990,16.62,Other,16.62,94,,,0.07,1990
Uganda,1991,16.64,Other,33.26,93,0.02,0.1203,0.07,1990
Uganda,1992,16.65,Other,49.91,90,0.01,0.0601,0.07,1990
Uganda,1993,16.65,Other,66.56,89,0.0,0.0,0.07,1990
Uganda,1994,16.56,Other,83.12,88,-0.09,-0.5405,0.07,1990
Uganda,1995,16.83,Other,99.95,89,0.27,1.6304,0.06,1990
Uganda,1996,16.94,Other,116.89,89,0.11,0.6536,0.06,1990
Uganda,1997,17.0,Other,133.89,91,0.06,0.3542,0.06,1990
Uganda,1998,17.16,Other,151.05,92,0.16,0.9412,0.06,1990
Uganda,1999,17.19,Other,168.24,92,0.03,0.1748,0.06,1990
Uganda,2000,17.19,Other,185.43,93,0.0,0.0,0.06,2000
Uganda,2001,17.19,Other,202.62,94,0.0,0.0,0.06,2000
Uganda,2002,17.39,Other,220.01,94,0.2,1.1635,0.06,2000
Uganda,2003,17.47,Other,237.48,95,0.08,0.46,0.06,2000
Uganda,2004,17.62,Other,255.1,98,0.15,0.8586,0.06,2000
Uganda,2005,18.07,Other,273.17,96,0.45,2.5539,0.06,2000
Uganda,2006,18.45,Other,291.62,96,0.38,2.1029,0.06,2000
Uganda,2007,18.78,Other,310.4,97,0.33,1.7886,0.06,2000
Uganda,2008,19.02,Other,329.42,96,0.24,1.278,0.06,2000
Uganda,2009,19.24,Other,348.66,97,0.22,1.1567,0.06,2000
Uganda,2010,19.68,Other,368.34,98,0.44,2.2869,0.06,2010
Uganda,2011,19.99,Other,388.33,95,0.31,1.5752,0.06,2010
Uganda,2012,19.74,Other,408.07,96,-0.25,-1.2506,0.06,2010
Uganda,2013,20.1,Other,428.17,94,0.36,1.8237,0.06,2010
Uganda,2014,20.57,Other,448.74,94,0.47,2.3383,0.06,2010
Uganda,2015,20.69,Other,469.43,94,0.12,0.5834,0.06,2010
Uganda,2016,21.5,Other,490.93,98,0.81,3.9149,0.06,2010
Uganda,2017,21.66,Other,512.59,100,0.16,0.7442,0.06,2010
Uganda,2018,21.95,Other,534.54,96,0.29,1.3389,0.06,2010
Ukraine,1990,640.09,Europe,640.09,9,,,2.53,1990
Ukraine,1991,603.4,Europe,1243.49,9,-36.69,-5.732,2.37,1990
Ukraine,1992,526.12,Europe,1769.61,10,-77.28,-12.8074,2.08,1990
Ukraine,1993,450.79,Europe,2220.4,11,-75.33,-14.318,1.78,1990
Ukraine,1994,367.14,Europe,2587.54,13,-83.65,-18.5563,1.44,1990
Ukraine,1995,350.76,Europe,2938.3,14,-16.38,-4.4615,1.35,1990
Ukraine,1996,297.56,Europe,3235.86,19,-53.2,-15.1671,1.12,1990
Ukraine,1997,279.68,Europe,3515.54,21,-17.88,-6.0089,1.02,1990
Ukraine,1998,260.74,Europe,3776.28,22,-18.94,-6.772,0.97,1990
Ukraine,1999,257.09,Europe,4033.37,22,-3.65,-1.3999,0.95,1990
Ukraine,2000,248.7,Europe,4282.07,23,-8.39,-3.2634,0.9,2000
Ukraine,2001,276.38,Europe,4558.45,20,27.68,11.1299,1.0,2000
Ukraine,2002,279.72,Europe,4838.17,21,3.34,1.2085,0.98,2000
Ukraine,2003,305.94,Europe,5144.11,20,26.22,9.3737,1.04,2000
Ukraine,2004,282.73,Europe,5426.84,22,-23.21,-7.5865,0.92,2000
Ukraine,2005,270.97,Europe,5697.81,23,-11.76,-4.1594,0.86,2000
Ukraine,2006,279.54,Europe,5977.35,22,8.57,3.1627,0.85,2000
Ukraine,2007,287.66,Europe,6265.01,23,8.12,2.9048,0.86,2000
Ukraine,2008,276.79,Europe,6541.8,23,-10.87,-3.7788,0.83,2000
Ukraine,2009,227.7,Europe,6769.5,26,-49.09,-17.7355,0.69,2000
Ukraine,2010,244.87,Europe,7014.37,26,17.17,7.5406,0.7,2010
Ukraine,2011,269.24,Europe,7283.61,23,24.37,9.9522,0.78,2010
Ukraine,2012,263.01,Europe,7546.62,24,-6.23,-2.3139,0.76,2010
Ukraine,2013,254.33,Europe,7800.95,25,-8.68,-3.3003,0.72,2010
Ukraine,2014,223.34,Europe,8024.29,27,-30.99,-12.185,0.63,2010
Ukraine,2015,176.6,Europe,8200.89,31,-46.74,-20.9277,0.5,2010
Ukraine,2016,189.1,Europe,8389.99,32,12.5,7.0781,0.52,2010
Ukraine,2017,162.66,Europe,8552.65,34,-26.44,-13.982,0.44,2010
Ukraine,2018,173.18,Europe,8725.83,35,10.52,6.4675,0.46,2010
United Arab Emirates,1990,55.4,Other,55.4,52,,,0.22,1990
United Arab Emirates,1991,61.5,Other,116.9,50,6.1,11.0108,0.24,1990
United Arab Emirates,1992,59.64,Other,176.54,47,-1.86,-3.0244,0.24,1990
United Arab Emirates,1993,62.15,Other,238.69,47,2.51,4.2086,0.25,1990
United Arab Emirates,1994,68.29,Other,306.98,46,6.14,9.8793,0.27,1990
United Arab Emirates,1995,72.64,Other,379.62,46,4.35,6.3699,0.28,1990
United Arab Emirates,1996,75.81,Other,455.43,45,3.17,4.364,0.29,1990
United Arab Emirates,1997,81.45,Other,536.88,44,5.64,7.4397,0.3,1990
United Arab Emirates,1998,83.85,Other,620.73,43,2.4,2.9466,0.31,1990
United Arab Emirates,1999,86.0,Other,706.73,42,2.15,2.5641,0.32,1990
United Arab Emirates,2000,84.54,Other,791.27,42,-1.46,-1.6977,0.31,2000
United Arab Emirates,2001,96.26,Other,887.53,39,11.72,13.8633,0.35,2000
United Arab Emirates,2002,98.12,Other,985.65,39,1.86,1.9323,0.35,2000
United Arab Emirates,2003,103.53,Other,1089.18,39,5.41,5.5137,0.35,2000
United Arab Emirates,2004,109.98,Other,1199.16,38,6.45,6.2301,0.36,2000
United Arab Emirates,2005,116.28,Other,1315.44,36,6.3,5.7283,0.37,2000
United Arab Emirates,2006,121.46,Other,1436.9,36,5.18,4.4548,0.37,2000
United Arab Emirates,2007,131.69,Other,1568.59,36,10.23,8.4225,0.4,2000
United Arab Emirates,2008,156.2,Other,1724.79,32,24.51,18.6119,0.47,2000
United Arab Emirates,2009,157.18,Other,1881.97,32,0.98,0.6274,0.47,2000
United Arab Emirates,2010,162.82,Other,2044.79,33,5.64,3.5882,0.47,2010
United Arab Emirates,2011,166.32,Other,2211.11,30,3.5,2.1496,0.48,2010
United Arab Emirates,2012,175.73,Other,2386.84,30,9.41,5.6578,0.51,2010
United Arab Emirates,2013,184.1,Other,2570.94,30,8.37,4.763,0.52,2010
United Arab Emirates,2014,183.84,Other,2754.78,30,-0.26,-0.1412,0.52,2010
United Arab Emirates,2015,194.04,Other,2948.82,29,10.2,5.5483,0.55,2010
United Arab Emirates,2016,199.46,Other,3148.28,31,5.42,2.7932,0.55,2010
United Arab Emirates,2017,208.25,Other,3356.53,30,8.79,4.4069,0.57,2010
United Arab Emirates,2018,200.3,Other,3556.83,31,-7.95,-3.8175,0.54,2010
United Kingdom,1990,545.73,Europe,545.73,10,,,2.16,1990
United Kingdom,1991,559.38,Europe,1105.11,10,13.65,2.5012,2.2,1990
United Kingdom,1992,542.02,Europe,1647.13,9,-17.36,-3.1034,2.15,1990
United Kingdom,1993,529.56,Europe,2176.69,9,-12.46,-2.2988,2.09,1990
United Kingdom,1994,524.43,Europe,2701.12,9,-5.13,-0.9687,2.06,1990
United Kingdom,1995,513.33,Europe,3214.45,11,-11.1,-2.1166,1.97,1990
United Kingdom,1996,533.7,Europe,3748.15,10,20.37,3.9682,2.02,1990
United Kingdom,1997,511.37,Europe,4259.52,11,-22.33,-4.184,1.86,1990
United Kingdom,1998,514.07,Europe,4773.59,11,2.7,0.528,1.9,1990
United Kingdom,1999,511.41,Europe,5285.0,11,-2.66,-0.5174,1.9,1990
United Kingdom,2000,519.16,Europe,5804.16,11,7.75,1.5154,1.88,2000
United Kingdom,2001,533.53,Europe,6337.69,11,14.37,2.7679,1.93,2000
United Kingdom,2002,519.27,Europe,6856.96,11,-14.26,-2.6728,1.83,2000
United Kingdom,2003,531.12,Europe,7388.08,11,11.85,2.282,1.81,2000
United Kingdom,2004,531.36,Europe,7919.44,11,0.24,0.0452,1.73,2000
United Kingdom,2005,529.64,Europe,8449.08,11,-1.72,-0.3237,1.68,2000
United Kingdom,2006,530.68,Europe,8979.76,11,1.04,0.1964,1.62,2000
United Kingdom,2007,518.2,Europe,9497.96,11,-12.48,-2.3517,1.56,2000
United Kingdom,2008,503.46,Europe,10001.42,11,-14.74,-2.8445,1.5,2000
United Kingdom,2009,454.16,Europe,10455.58,13,-49.3,-9.7922,1.37,2000
United Kingdom,2010,470.83,Europe,10926.41,13,16.67,3.6705,1.35,2010
United Kingdom,2011,433.47,Europe,11359.88,16,-37.36,-7.9349,1.26,2010
United Kingdom,2012,456.12,Europe,11816.0,16,22.65,5.2253,1.31,2010
United Kingdom,2013,442.1,Europe,12258.1,17,-14.02,-3.0738,1.26,2010
United Kingdom,2014,403.89,Europe,12661.99,17,-38.21,-8.6428,1.14,2010
United Kingdom,2015,389.41,Europe,13051.4,17,-14.48,-3.5851,1.1,2010
United Kingdom,2016,367.93,Europe,13419.33,18,-21.48,-5.516,1.02,2010
United Kingdom,2017,355.42,Europe,13774.75,19,-12.51,-3.4001,0.97,2010
United Kingdom,2018,347.84,Europe,14122.59,19,-7.58,-2.1327,0.93,2010
United States,1990,4426.4,North America,4426.4,1,,,17.52,1990
United States,1991,4389.5,North America,8815.9,1,-36.9,-0.8336,17.26,1990
United States,1992,4461.62,North America,13277.52,1,72.12,1.643,17.66,1990
United States,1993,4581.76,North America,17859.28,1,120.14,2.6927,18.09,1990
United States,1994,4654.52,North America,22513.8,1,72.76,1.588,18.31,1990
United States,1995,4708.31,North America,27222.11,1,53.79,1.1557,18.06,1990
United States,1996,4864.46,North America,32086.57,1,156.15,3.3165,18.38,1990
United States,1997,5129.29,North America,37215.86,1,264.83,5.4442,18.69,1990
United States,1998,5172.06,North America,42387.92,1,42.77,0.8338,19.16,1990
United States,1999,5191.66,North America,47579.58,1,19.6,0.379,19.27,1990
United States,2000,5357.88,North America,52937.46,1,166.22,3.2017,19.42,2000
United States,2001,5347.79,North America,58285.25,1,-10.09,-0.1883,19.3,2000
United States,2002,5192.68,North America,63477.93,1,-155.11,-2.9005,18.27,2000
United States,2003,5258.12,North America,68736.05,1,65.44,1.2602,17.93,2000
United States,2004,5338.46,North America,74074.51,1,80.34,1.5279,17.36,2000
United States,2005,5354.45,North America,79428.96,2,15.99,0.2995,16.98,2000
United States,2006,5254.87,North America,84683.83,2,-99.58,-1.8598,16.06,2000
United States,2007,5338.52,North America,90022.35,2,83.65,1.5919,16.02,2000
United States,2008,5161.51,North America,95183.86,2,-177.01,-3.3157,15.41,2000
United States,2009,4757.65,North America,99941.51,2,-403.86,-7.8245,14.32,2000
United States,2010,4990.96,North America,104932.47,2,233.31,4.9039,14.35,2010
United States,2011,4753.12,North America,109685.59,2,-237.84,-4.7654,13.85,2010
United States,2012,4531.16,North America,114216.75,2,-221.96,-4.6698,13.06,2010
United States,2013,4670.34,North America,118887.09,2,139.18,3.0716,13.27,2010
United States,2014,4683.35,North America,123570.44,2,13.01,0.2786,13.25,2010
United States,2015,4563.52,North America,128133.96,2,-119.83,-2.5586,12.93,2010
United States,2016,4656.84,North America,132790.8,2,93.32,2.0449,12.85,2010
United States,2017,4581.9,North America,137372.7,2,-74.94,-1.6092,12.51,2010
United States,2018,4749.57,North America,142122.27,2,167.67,3.6594,12.7,2010
Uruguay,1990,-9.39,Other,-9.39,192,,,-0.04,1990
Uruguay,1991,-8.87,Other,-18.26,193,0.52,-5.5378,-0.03,1990
Uruguay,1992,-8.47,Other,-26.73,193,0.4,-4.5096,-0.03,1990
Uruguay,1993,-8.75,Other,-35.48,193,-0.28,3.3058,-0.03,1990
Uruguay,1994,-8.97,Other,-44.45,193,-0.22,2.5143,-0.04,1990
Uruguay,1995,-8.54,Other,-52.99,192,0.43,-4.7938,-0.03,1990
Uruguay,1996,-7.78,Other,-60.77,192,0.76,-8.8993,-0.03,1990
Uruguay,1997,-7.68,Other,-68.45,192,0.1,-1.2853,-0.03,1990
Uruguay,1998,-7.45,Other,-75.9,192,0.23,-2.9948,-0.03,1990
Uruguay,1999,-6.45,Other,-82.35,192,1.0,-13.4228,-0.02,1990
Uruguay,2000,-7.78,Other,-90.13,192,-1.33,20.6202,-0.03,2000
Uruguay,2001,-5.02,Other,-95.15,192,2.76,-35.4756,-0.02,2000
Uruguay,2002,-5.44,Other,-100.59,192,-0.42,8.3665,-0.02,2000
Uruguay,2003,-5.48,Other,-106.07,192,-0.04,0.7353,-0.02,2000
Uruguay,2004,-4.51,Other,-110.58,192,0.97,-17.7007,-0.01,2000
Uruguay,2005,-4.56,Other,-115.14,192,-0.05,1.1086,-0.01,2000
Uruguay,2006,-3.64,Other,-118.78,192,0.92,-20.1754,-0.01,2000
Uruguay,2007,-4.12,Other,-122.9,192,-0.48,13.1868,-0.01,2000
Uruguay,2008,-2.22,Other,-125.12,192,1.9,-46.1165,-0.01,2000
Uruguay,2009,-2.3,Other,-127.42,191,-0.08,3.6036,-0.01,2000
Uruguay,2010,-3.69,Other,-131.11,192,-1.39,60.4348,-0.01,2010
Uruguay,2011,0.71,Other,-130.4,161,4.4,-119.2412,0.0,2010
Uruguay,2012,1.62,Other,-128.78,157,0.91,128.169,0.0,2010
Uruguay,2013,0.46,Other,-128.32,167,-1.16,-71.6049,0.0,2010
Uruguay,2014,-0.4,Other,-128.72,188,-0.86,-186.9565,-0.0,2010
Uruguay,2015,-0.31,Other,-129.03,188,0.09,-22.5,-0.0,2010
Uruguay,2016,4.76,Other,-124.27,143,5.07,-1635.4839,0.01,2010
Uruguay,2017,4.31,Other,-119.96,146,-0.45,-9.4538,0.01,2010
Uruguay,2018,4.75,Other,-115.21,146,0.44,10.2088,0.01,2010
Uzbekistan,1990,116.97,Other,116.97,35,,,0.46,1990
Uzbekistan,1991,117.79,Other,234.76,36,0.82,0.701,0.46,1990
Uzbekistan,1992,112.28,Other,347.04,36,-5.51,-4.6778,0.44,1990
Uzbekistan,1993,112.94,Other,459.98,36,0.66,0.5878,0.45,1990
Uzbekistan,1994,106.38,Other,566.36,37,-6.56,-5.8084,0.42,1990
Uzbekistan,1995,95.33,Other,661.69,38,-11.05,-10.3873,0.37,1990
Uzbekistan,1996,96.3,Other,757.99,39,0.97,1.0175,0.36,1990
Uzbekistan,1997,97.66,Other,855.65,39,1.36,1.4123,0.36,1990
Uzbekistan,1998,112.93,Other,968.58,35,15.27,15.6359,0.42,1990
Uzbekistan,1999,114.15,Other,1082.73,35,1.22,1.0803,0.42,1990
Uzbekistan,2000,120.9,Other,1203.63,33,6.75,5.9133,0.44,2000
Uzbekistan,2001,111.13,Other,1314.76,36,-9.77,-8.0811,0.4,2000
Uzbekistan,2002,113.78,Other,1428.54,35,2.65,2.3846,0.4,2000
Uzbekistan,2003,106.71,Other,1535.25,38,-7.07,-6.2137,0.36,2000
Uzbekistan,2004,109.82,Other,1645.07,39,3.11,2.9144,0.36,2000
Uzbekistan,2005,103.2,Other,1748.27,40,-6.62,-6.028,0.33,2000
Uzbekistan,2006,110.33,Other,1858.6,39,7.13,6.9089,0.34,2000
Uzbekistan,2007,106.74,Other,1965.34,39,-3.59,-3.2539,0.32,2000
Uzbekistan,2008,112.59,Other,2077.93,38,5.85,5.4806,0.34,2000
Uzbekistan,2009,102.75,Other,2180.68,42,-9.84,-8.7397,0.31,2000
Uzbekistan,2010,110.95,Other,2291.63,39,8.2,7.9805,0.32,2010
Uzbekistan,2011,121.91,Other,2413.54,38,10.96,9.8783,0.36,2010
Uzbekistan,2012,108.17,Other,2521.71,40,-13.74,-11.2706,0.31,2010
Uzbekistan,2013,110.01,Other,2631.72,40,1.84,1.701,0.31,2010
Uzbekistan,2014,102.29,Other,2734.01,42,-7.72,-7.0175,0.29,2010
Uzbekistan,2015,98.41,Other,2832.42,42,-3.88,-3.7931,0.28,2010
Uzbekistan,2016,103.98,Other,2936.4,42,5.57,5.66,0.29,2010
Uzbekistan,2017,108.02,Other,3044.42,42,4.04,3.8854,0.29,2010
Uzbekistan,2018,108.72,Other,3153.14,42,0.7,0.648,0.29,2010
Vanuatu,1990,0.07,Other,0.07,175,,,0.0,1990
Vanuatu,1991,0.07,Other,0.14,176,0.0,0.0,0.0,1990
Vanuatu,1992,0.06,Other,0.2,180,-0.01,-14.2857,0.0,1990
Vanuatu,1993,0.06,Other,0.26,178,0.0,0.0,0.0,1990
Vanuatu,1994,0.06,Other,0.32,179,0.0,0.0,0.0,1990
Vanuatu,1995,0.07,Other,0.39,179,0.01,16.6667,0.0,1990
Vanuatu,1996,0.09,Other,0.48,176,0.02,28.5714,0.0,1990
Vanuatu,1997,0.09,Other,0.57,178,0.0,0.0,0.0,1990
Vanuatu,1998,0.08,Other,0.65,180,-0.01,-11.1111,0.0,1990
Vanuatu,1999,0.09,Other,0.74,179,0.01,12.5,0.0,1990
Vanuatu,2000,0.09,Other,0.83,179,0.0,0.0,0.0,2000
Vanuatu,2001,0.09,Other,0.92,181,0.0,0.0,0.0,2000
Vanuatu,2002,0.08,Other,1.0,181,-0.01,-11.1111,0.0,2000
Vanuatu,2003,0.09,Other,1.09,181,0.01,12.5,0.0,2000
Vanuatu,2004,0.07,Other,1.16,182,-0.02,-22.2222,0.0,2000
Vanuatu,2005,0.07,Other,1.23,183,0.0,0.0,0.0,2000
Vanuatu,2006,0.07,Other,1.3,183,0.0,0.0,0.0,2000
Vanuatu,2007,0.11,Other,1.41,181,0.04,57.1429,0.0,2000
Vanuatu,2008,0.1,Other,1.51,181,-0.01,-9.0909,0.0,2000
Vanuatu,2009,0.13,Other,1.64,181,0.03,30.0,0.0,2000
Vanuatu,2010,0.13,Other,1.77,181,0.0,0.0,0.0,2010
Vanuatu,2011,0.13,Other,1.9,181,0.0,0.0,0.0,2010
Vanuatu,2012,0.12,Other,2.02,180,-0.01,-7.6923,0.0,2010
Vanuatu,2013,0.11,Other,2.13,182,-0.01,-8.3333,0.0,2010
Vanuatu,2014,0.16,Other,2.29,177,0.05,45.4545,0.0,2010
Vanuatu,2015,0.14,Other,2.43,180,-0.02,-12.5,0.0,2010
Vanuatu,2016,0.18,Other,2.61,181,0.04,28.5714,0.0,2010
Vanuatu,2017,0.17,Other,2.78,183,-0.01,-5.5556,0.0,2010
Vanuatu,2018,0.18,Other,2.96,183,0.01,5.8824,0.0,2010
Venezuela,1990,248.17,Other,248.17,20,,,0.98,1990
Venezuela,1991,247.44,Other,495.61,20,-0.73,-0.2942,0.97,1990
Venezuela,1992,249.79,Other,745.4,21,2.35,0.9497,0.99,1990
Venezuela,1993,255.18,Other,1000.58,20,5.39,2.1578,1.01,1990
Venezuela,1994,255.37,Other,1255.95,21,0.19,0.0745,1.0,1990
Venezuela,1995,261.98,Other,1517.93,21,6.61,2.5884,1.0,1990
Venezuela,1996,275.67,Other,1793.6,21,13.69,5.2256,1.04,1990
Venezuela,1997,280.97,Other,2074.57,20,5.3,1.9226,1.02,1990
Venezuela,1998,277.56,Other,2352.13,20,-3.41,-1.2137,1.03,1990
Venezuela,1999,272.6,Other,2624.73,21,-4.96,-1.787,1.01,1990
Venezuela,2000,279.51,Other,2904.24,21,6.91,2.5348,1.01,2000
Venezuela,2001,224.46,Other,3128.7,24,-55.05,-19.6952,0.81,2000
Venezuela,2002,232.75,Other,3361.45,24,8.29,3.6933,0.82,2000
Venezuela,2003,225.21,Other,3586.66,25,-7.54,-3.2395,0.77,2000
Venezuela,2004,229.89,Other,3816.55,26,4.68,2.0781,0.75,2000
Venezuela,2005,244.71,Other,4061.26,24,14.82,6.4466,0.78,2000
Venezuela,2006,237.03,Other,4298.29,26,-7.68,-3.1384,0.72,2000
Venezuela,2007,239.91,Other,4538.2,27,2.88,1.215,0.72,2000
Venezuela,2008,250.61,Other,4788.81,25,10.7,4.46,0.75,2000
Venezuela,2009,251.06,Other,5039.87,24,0.45,0.1796,0.76,2000
Venezuela,2010,258.53,Other,5298.4,23,7.47,2.9754,0.74,2010
Venezuela,2011,278.48,Other,5576.88,21,19.95,7.7167,0.81,2010
Venezuela,2012,292.24,Other,5869.12,20,13.76,4.9411,0.84,2010
Venezuela,2013,296.03,Other,6165.15,20,3.79,1.2969,0.84,2010
Venezuela,2014,296.87,Other,6462.02,19,0.84,0.2838,0.84,2010
Venezuela,2015,282.4,Other,6744.42,21,-14.47,-4.8742,0.8,2010
Venezuela,2016,204.88,Other,6949.3,30,-77.52,-27.4504,0.57,2010
Venezuela,2017,191.71,Other,7141.01,32,-13.17,-6.4282,0.52,2010
Venezuela,2018,181.29,Other,7322.3,33,-10.42,-5.4353,0.48,2010
Vietnam,1990,-53.88,Other,-53.88,193,,,-0.21,1990
Vietnam,1991,-53.98,Other,-107.86,194,-0.1,0.1856,-0.21,1990
Vietnam,1992,-52.98,Other,-160.84,194,1.0,-1.8525,-0.21,1990
Vietnam,1993,-48.04,Other,-208.88,194,4.94,-9.3243,-0.19,1990
Vietnam,1994,-45.54,Other,-254.42,194,2.5,-5.204,-0.18,1990
Vietnam,1995,-41.95,Other,-296.37,194,3.59,-7.8832,-0.16,1990
Vietnam,1996,-38.3,Other,-334.67,194,3.65,-8.7008,-0.14,1990
Vietnam,1997,-32.4,Other,-367.07,194,5.9,-15.4047,-0.12,1990
Vietnam,1998,-27.51,Other,-394.58,194,4.89,-15.0926,-0.1,1990
Vietnam,1999,-27.25,Other,-421.83,194,0.26,-0.9451,-0.1,1990
Vietnam,2000,-22.17,Other,-444.0,194,5.08,-18.6422,-0.08,2000
Vietnam,2001,73.93,Other,-370.07,46,96.1,-433.4687,0.27,2000
Vietnam,2002,86.61,Other,-283.46,43,12.68,17.1514,0.3,2000
Vietnam,2003,88.48,Other,-194.98,43,1.87,2.1591,0.3,2000
Vietnam,2004,102.81,Other,-92.17,40,14.33,16.1958,0.33,2000
Vietnam,2005,110.49,Other,18.32,38,7.68,7.4701,0.35,2000
Vietnam,2006,113.77,Other,132.09,37,3.28,2.9686,0.35,2000
Vietnam,2007,123.43,Other,255.52,37,9.66,8.4908,0.37,2000
Vietnam,2008,135.62,Other,391.14,36,12.19,9.876,0.4,2000
Vietnam,2009,149.73,Other,540.87,34,14.11,10.4041,0.45,2000
Vietnam,2010,167.68,Other,708.55,32,17.95,11.9882,0.48,2010
Vietnam,2011,126.39,Other,834.94,37,-41.29,-24.6243,0.37,2010
Vietnam,2012,124.61,Other,959.55,38,-1.78,-1.4083,0.36,2010
Vietnam,2013,132.72,Other,1092.27,37,8.11,6.5083,0.38,2010
Vietnam,2014,146.44,Other,1238.71,35,13.72,10.3376,0.41,2010
Vietnam,2015,186.54,Other,1425.25,30,40.1,27.3832,0.53,2010
Vietnam,2016,211.7,Other,1636.95,29,25.16,13.4877,0.58,2010
Vietnam,2017,209.66,Other,1846.61,29,-2.04,-0.9636,0.57,2010
Vietnam,2018,245.36,Other,2091.97,26,35.7,17.0276,0.66,2010
Yemen,1990,6.64,Other,6.64,127,,,0.03,1990
Yemen,1991,8.5,Other,15.14,118,1.86,28.012,0.03,1990
Yemen,1992,9.13,Other,24.27,116,0.63,7.4118,0.04,1990
Yemen,1993,8.12,Other,32.39,121,-1.01,-11.0624,0.03,1990
Yemen,1994,8.48,Other,40.87,118,0.36,4.4335,0.03,1990
Yemen,1995,9.87,Other,50.74,113,1.39,16.3915,0.04,1990
Yemen,1996,10.08,Other,60.82,114,0.21,2.1277,0.04,1990
Yemen,1997,10.85,Other,71.67,112,0.77,7.6389,0.04,1990
Yemen,1998,11.73,Other,83.4,111,0.88,8.1106,0.04,1990
Yemen,1999,13.17,Other,96.57,106,1.44,12.2762,0.05,1990
Yemen,2000,13.89,Other,110.46,103,0.72,5.467,0.05,2000
Yemen,2001,15.08,Other,125.54,101,1.19,8.5673,0.05,2000
Yemen,2002,15.14,Other,140.68,101,0.06,0.3979,0.05,2000
Yemen,2003,17.4,Other,158.08,98,2.26,14.9273,0.06,2000
Yemen,2004,18.4,Other,176.48,94,1.0,5.7471,0.06,2000
Yemen,2005,19.38,Other,195.86,95,0.98,5.3261,0.06,2000
Yemen,2006,19.41,Other,215.27,95,0.03,0.1548,0.06,2000
Yemen,2007,20.63,Other,235.9,94,1.22,6.2854,0.06,2000
Yemen,2008,22.01,Other,257.91,90,1.38,6.6893,0.07,2000
Yemen,2009,25.65,Other,283.56,83,3.64,16.5379,0.08,2000
Yemen,2010,23.99,Other,307.55,87,-1.66,-6.4717,0.07,2010
Yemen,2011,20.69,Other,328.24,93,-3.3,-13.7557,0.06,2010
Yemen,2012,19.68,Other,347.92,97,-1.01,-4.8816,0.06,2010
Yemen,2013,26.35,Other,374.27,85,6.67,33.8923,0.07,2010
Yemen,2014,26.71,Other,400.98,84,0.36,1.3662,0.08,2010
Yemen,2015,14.21,Other,415.19,112,-12.5,-46.799,0.04,2010
Yemen,2016,10.88,Other,426.07,124,-3.33,-23.4342,0.03,2010
Yemen,2017,10.06,Other,436.13,127,-0.82,-7.5368,0.03,2010
Yemen,2018,9.31,Other,445.44,129,-0.75,-7.4553,0.02,2010
Zambia,1990,20.02,Other,20.02,88,,,0.08,1990
Zambia,1991,20.16,Other,40.18,86,0.14,0.6993,0.08,1990
Zambia,1992,20.13,Other,60.31,85,-0.03,-0.1488,0.08,1990
Zambia,1993,19.8,Other,80.11,83,-0.33,-1.6393,0.08,1990
Zambia,1994,19.43,Other,99.54,83,-0.37,-1.8687,0.08,1990
Zambia,1995,19.42,Other,118.96,85,-0.01,-0.0515,0.07,1990
Zambia,1996,19.04,Other,138.0,85,-0.38,-1.9567,0.07,1990
Zambia,1997,19.56,Other,157.56,86,0.52,2.7311,0.07,1990
Zambia,1998,19.46,Other,177.02,87,-0.1,-0.5112,0.07,1990
Zambia,1999,19.1,Other,196.12,88,-0.36,-1.8499,0.07,1990
Zambia,2000,19.21,Other,215.33,88,0.11,0.5759,0.07,2000
Zambia,2001,19.25,Other,234.58,89,0.04,0.2082,0.07,2000
Zambia,2002,19.38,Other,253.96,90,0.13,0.6753,0.07,2000
Zambia,2003,19.54,Other,273.5,90,0.16,0.8256,0.07,2000
Zambia,2004,19.57,Other,293.07,91,0.03,0.1535,0.06,2000
Zambia,2005,19.75,Other,312.82,93,0.18,0.9198,0.06,2000
Zambia,2006,19.62,Other,332.44,94,-0.13,-0.6582,0.06,2000
Zambia,2007,19.42,Other,351.86,95,-0.2,-1.0194,0.06,2000
Zambia,2008,19.64,Other,371.5,95,0.22,1.1329,0.06,2000
Zambia,2009,19.9,Other,391.4,94,0.26,1.3238,0.06,2000
Zambia,2010,20.09,Other,411.49,96,0.19,0.9548,0.06,2010
Zambia,2011,35.92,Other,447.41,78,15.83,78.7954,0.1,2010
Zambia,2012,36.89,Other,484.3,75,0.97,2.7004,0.11,2010
Zambia,2013,37.09,Other,521.39,74,0.2,0.5422,0.11,2010
Zambia,2014,37.64,Other,559.03,71,0.55,1.4829,0.11,2010
Zambia,2015,37.91,Other,596.94,73,0.27,0.7173,0.11,2010
Zambia,2016,38.41,Other,635.35,75,0.5,1.3189,0.11,2010
Zambia,2017,39.82,Other,675.17,75,1.41,3.6709,0.11,2010
Zambia,2018,40.47,Other,715.64,74,0.65,1.6323,0.11,2010
Zimbabwe,1990,26.94,Other,26.94,81,,,0.11,1990
Zimbabwe,1991,28.7,Other,55.64,78,1.76,6.533,0.11,1990
Zimbabwe,1992,28.87,Other,84.51,74,0.17,0.5923,0.11,1990
Zimbabwe,1993,27.48,Other,111.99,76,-1.39,-4.8147,0.11,1990
Zimbabwe,1994,26.36,Other,138.35,78,-1.12,-4.0757,0.1,1990
Zimbabwe,1995,25.89,Other,164.24,76,-0.47,-1.783,0.1,1990
Zimbabwe,1996,25.26,Other,189.5,80,-0.63,-2.4334,0.1,1990
Zimbabwe,1997,24.23,Other,213.73,81,-1.03,-4.0776,0.09,1990
Zimbabwe,1998,24.48,Other,238.21,81,0.25,1.0318,0.09,1990
Zimbabwe,1999,26.22,Other,264.43,78,1.74,7.1078,0.1,1990
Zimbabwe,2000,24.1,Other,288.53,80,-2.12,-8.0854,0.09,2000
Zimbabwe,2001,24.84,Other,313.37,82,0.74,3.0705,0.09,2000
Zimbabwe,2002,23.43,Other,336.8,84,-1.41,-5.6763,0.08,2000
Zimbabwe,2003,21.12,Other,357.92,87,-2.31,-9.8592,0.07,2000
Zimbabwe,2004,20.71,Other,378.63,89,-0.41,-1.9413,0.07,2000
Zimbabwe,2005,21.45,Other,400.08,88,0.74,3.5732,0.07,2000
Zimbabwe,2006,20.77,Other,420.85,92,-0.68,-3.1702,0.06,2000
Zimbabwe,2007,20.7,Other,441.55,93,-0.07,-0.337,0.06,2000
Zimbabwe,2008,18.54,Other,460.09,99,-2.16,-10.4348,0.06,2000
Zimbabwe,2009,18.69,Other,478.78,98,0.15,0.8091,0.06,2000
Zimbabwe,2010,20.75,Other,499.53,94,2.06,11.0219,0.06,2010
Zimbabwe,2011,22.81,Other,522.34,87,2.06,9.9277,0.07,2010
Zimbabwe,2012,23.43,Other,545.77,87,0.62,2.7181,0.07,2010
Zimbabwe,2013,23.68,Other,569.45,88,0.25,1.067,0.07,2010
Zimbabwe,2014,23.47,Other,592.92,88,-0.21,-0.8868,0.07,2010
Zimbabwe,2015,23.72,Other,616.64,89,0.25,1.0652,0.07,2010
Zimbabwe,2016,98.15,Other,714.79,43,74.43,313.7858,0.27,2010
Zimbabwe,2017,97.4,Other,812.19,45,-0.75,-0.7641,0.27,2010
Zimbabwe,2018,99.43,Other,911.62,44,2.03,2.0842,0.27,2010
